{
  "type": "FeatureCollection",
  "generator": "overpass-turbo",
  "copyright": "The data included in this document is from www.openstreetmap.org. The data is made available under ODbL.",
  "timestamp": "2026-08-28T05:16:06Z",
  "features": [
    {
      "type": "Feature",
      "properties": {
        "@id": "node/266877062",
        "amenity": "police",
        "name": "UTTARA THANA",
        "ref": "RAB 1 Headquarter"
      },
      "geometry": {
        "type": "Point",
        "coordinates": [
          90.4005546,
          23.8669784
        ]
      },
      "id": "node/266877062"
    },
    {
      "type": "Feature",
      "properties": {
        "@id": "node/388311374",
        "amenity": "fire_station",
        "name": "Keranigonj Fire Station"
      },
      "geometry": {
        "type": "Point",
        "coordinates": [
          90.3457747,
          23.6976446
        ]
      },
      "id": "node/388311374"
    },
    {
      "type": "Feature",
      "properties": {
        "@id": "node/396665980",
        "amenity": "police",
        "name": "Mill Barak Police Line"
      },
      "geometry": {
        "type": "Point",
        "coordinates": [
          90.4191506,
          23.6999338
        ]
      },
      "id": "node/396665980"
    },
    {
      "type": "Feature",
      "properties": {
        "@id": "node/415894873",
        "amenity": "fire_station",
        "name": "Unknown"
      },
      "geometry": {
        "type": "Point",
        "coordinates": [
          90.4980671,
          23.7139723
        ]
      },
      "id": "node/415894873"
    },
    {
      "type": "Feature",
      "properties": {
        "@id": "node/477231874",
        "amenity": "police",
        "name": "Ruma Garison"
      },
      "geometry": {
        "type": "Point",
        "coordinates": [
          92.3796806,
          22.0599881
        ]
      },
      "id": "node/477231874"
    },
    {
      "type": "Feature",
      "properties": {
        "@id": "node/513000459",
        "amenity": "police",
        "name": "কোতোয়ালি থানা",
        "name:en": "Kotowali Thana"
      },
      "geometry": {
        "type": "Point",
        "coordinates": [
          90.409046,
          23.7072369
        ]
      },
      "id": "node/513000459"
    },
    {
      "type": "Feature",
      "properties": {
        "@id": "node/513000466",
        "amenity": "fire_station",
        "name": "Kotowali Fire Station"
      },
      "geometry": {
        "type": "Point",
        "coordinates": [
          90.4088572,
          23.7065453
        ]
      },
      "id": "node/513000466"
    },
    {
      "type": "Feature",
      "properties": {
        "@id": "node/702577419",
        "amenity": "police",
        "name": "Khulna Kotowali Thana",
        "operator": "Government",
        "service": "local"
      },
      "geometry": {
        "type": "Point",
        "coordinates": [
          89.564834,
          22.8171427
        ]
      },
      "id": "node/702577419"
    },
    {
      "type": "Feature",
      "properties": {
        "@id": "node/842542184",
        "amenity": "police",
        "name": "Panchlaish Model Thana"
      },
      "geometry": {
        "type": "Point",
        "coordinates": [
          91.8341989,
          22.362801
        ]
      },
      "id": "node/842542184"
    },
    {
      "type": "Feature",
      "properties": {
        "@id": "node/846384877",
        "addr:floor": "0",
        "addr:housenumber": "H#3",
        "addr:street": "Dhanmondi Road1",
        "amenity": "police",
        "check_date": "2024-02-29",
        "internet_access": "no",
        "level": "0",
        "name": "science lab police box",
        "payment:cards": "no",
        "payment:cash": "yes",
        "payment:credit_cards": "no",
        "payment:debit_cards": "no",
        "polling_station": "no",
        "source": "local knowledge",
        "wheelchair": "no"
      },
      "geometry": {
        "type": "Point",
        "coordinates": [
          90.3832282,
          23.7388054
        ]
      },
      "id": "node/846384877"
    },
    {
      "type": "Feature",
      "properties": {
        "@id": "node/877645481",
        "amenity": "police",
        "name": "Ramna PS"
      },
      "geometry": {
        "type": "Point",
        "coordinates": [
          90.4044018,
          23.7453751
        ]
      },
      "id": "node/877645481"
    },
    {
      "type": "Feature",
      "properties": {
        "@id": "node/877842886",
        "amenity": "police",
        "name": "RajarBagh Police Line",
        "wheelchair": "limited"
      },
      "geometry": {
        "type": "Point",
        "coordinates": [
          90.4173669,
          23.7406272
        ]
      },
      "id": "node/877842886"
    },
    {
      "type": "Feature",
      "properties": {
        "@id": "node/898381963",
        "amenity": "police",
        "name": "National Security Intelligence Bangladesh"
      },
      "geometry": {
        "type": "Point",
        "coordinates": [
          90.4055598,
          23.7349427
        ]
      },
      "id": "node/898381963"
    },
    {
      "type": "Feature",
      "properties": {
        "@id": "node/898384162",
        "amenity": "police",
        "name": "Office Of The Metropolitan Police Comissioner"
      },
      "geometry": {
        "type": "Point",
        "coordinates": [
          90.4049283,
          23.7434554
        ]
      },
      "id": "node/898384162"
    },
    {
      "type": "Feature",
      "properties": {
        "@id": "node/1329028719",
        "amenity": "police",
        "name": "Kotwali Police Station"
      },
      "geometry": {
        "type": "Point",
        "coordinates": [
          91.8370557,
          22.3337319
        ]
      },
      "id": "node/1329028719"
    },
    {
      "type": "Feature",
      "properties": {
        "@id": "node/1620980063",
        "amenity": "fire_station"
      },
      "geometry": {
        "type": "Point",
        "coordinates": [
          91.1722907,
          23.4639067
        ]
      },
      "id": "node/1620980063"
    },
    {
      "type": "Feature",
      "properties": {
        "@id": "node/1801043885",
        "amenity": "police",
        "name": "Cox's Bazar Model Thana (Police Station)",
        "name:en": "Cox's Bazar Model Thana (Police Station)"
      },
      "geometry": {
        "type": "Point",
        "coordinates": [
          91.9735666,
          21.4448649
        ]
      },
      "id": "node/1801043885"
    },
    {
      "type": "Feature",
      "properties": {
        "@id": "node/1801392285",
        "amenity": "toilets"
      },
      "geometry": {
        "type": "Point",
        "coordinates": [
          91.9732823,
          21.4459149
        ]
      },
      "id": "node/1801392285"
    },
    {
      "type": "Feature",
      "properties": {
        "@id": "node/1803304992",
        "access": "yes",
        "amenity": "toilets",
        "check_date": "2021-09-11"
      },
      "geometry": {
        "type": "Point",
        "coordinates": [
          91.9768508,
          21.4223462
        ]
      },
      "id": "node/1803304992"
    },
    {
      "type": "Feature",
      "properties": {
        "@id": "node/1803361061",
        "amenity": "police",
        "name": "Tourist Police",
        "name:en": "Tourist Police"
      },
      "geometry": {
        "type": "Point",
        "coordinates": [
          91.9720722,
          21.4278458
        ]
      },
      "id": "node/1803361061"
    },
    {
      "type": "Feature",
      "properties": {
        "@id": "node/1803377279",
        "amenity": "toilets"
      },
      "geometry": {
        "type": "Point",
        "coordinates": [
          91.9730382,
          21.4284048
        ]
      },
      "id": "node/1803377279"
    },
    {
      "type": "Feature",
      "properties": {
        "@id": "node/1803377281",
        "amenity": "toilets"
      },
      "geometry": {
        "type": "Point",
        "coordinates": [
          91.9724102,
          21.42848
        ]
      },
      "id": "node/1803377281"
    },
    {
      "type": "Feature",
      "properties": {
        "@id": "node/1986849771",
        "amenity": "toilets"
      },
      "geometry": {
        "type": "Point",
        "coordinates": [
          88.6279187,
          24.3634659
        ]
      },
      "id": "node/1986849771"
    },
    {
      "type": "Feature",
      "properties": {
        "@id": "node/2304877345",
        "amenity": "fire_station"
      },
      "geometry": {
        "type": "Point",
        "coordinates": [
          89.783579,
          25.082878
        ]
      },
      "id": "node/2304877345"
    },
    {
      "type": "Feature",
      "properties": {
        "@id": "node/2311119551",
        "amenity": "police",
        "name": "Dewanjgonj Police Station"
      },
      "geometry": {
        "type": "Point",
        "coordinates": [
          89.7649895,
          25.1641658
        ]
      },
      "id": "node/2311119551"
    },
    {
      "type": "Feature",
      "properties": {
        "@id": "node/2341954425",
        "amenity": "fire_station",
        "name": "Fire Service and Civil Defense"
      },
      "geometry": {
        "type": "Point",
        "coordinates": [
          91.8113708,
          22.3920432
        ]
      },
      "id": "node/2341954425"
    },
    {
      "type": "Feature",
      "properties": {
        "@id": "node/2352383428",
        "amenity": "police",
        "name": "Pabna Sadar Police Station"
      },
      "geometry": {
        "type": "Point",
        "coordinates": [
          89.2399393,
          24.0088832
        ]
      },
      "id": "node/2352383428"
    },
    {
      "type": "Feature",
      "properties": {
        "@id": "node/2407514251",
        "amenity": "fire_station",
        "name": "Darsana Fire Station"
      },
      "geometry": {
        "type": "Point",
        "coordinates": [
          88.793689,
          23.5462126
        ]
      },
      "id": "node/2407514251"
    },
    {
      "type": "Feature",
      "properties": {
        "@id": "node/2407520062",
        "amenity": "police",
        "name": "Meherpur Police Station"
      },
      "geometry": {
        "type": "Point",
        "coordinates": [
          88.6258536,
          23.7789572
        ]
      },
      "id": "node/2407520062"
    },
    {
      "type": "Feature",
      "properties": {
        "@id": "node/2409429493",
        "amenity": "police",
        "name": "Mohangonj Police Station"
      },
      "geometry": {
        "type": "Point",
        "coordinates": [
          90.9814683,
          24.8744054
        ]
      },
      "id": "node/2409429493"
    },
    {
      "type": "Feature",
      "properties": {
        "@id": "node/2412039901",
        "amenity": "police",
        "name": "Potiya Thana"
      },
      "geometry": {
        "type": "Point",
        "coordinates": [
          91.98097,
          22.2953273
        ]
      },
      "id": "node/2412039901"
    },
    {
      "type": "Feature",
      "properties": {
        "@id": "node/2419473509",
        "amenity": "fire_station",
        "name": "Colombo Fire Station Head Office",
        "ref": "25"
      },
      "geometry": {
        "type": "Point",
        "coordinates": [
          90.4197982,
          23.7885173
        ]
      },
      "id": "node/2419473509"
    },
    {
      "type": "Feature",
      "properties": {
        "@id": "node/2459273457",
        "amenity": "police",
        "name": "Moynamoti Highway Police Station"
      },
      "geometry": {
        "type": "Point",
        "coordinates": [
          91.1249432,
          23.4798511
        ]
      },
      "id": "node/2459273457"
    },
    {
      "type": "Feature",
      "properties": {
        "@id": "node/2468026992",
        "amenity": "toilets",
        "source": "Open Cities Dhaka Survey"
      },
      "geometry": {
        "type": "Point",
        "coordinates": [
          90.404596,
          23.7199316
        ]
      },
      "id": "node/2468026992"
    },
    {
      "type": "Feature",
      "properties": {
        "@id": "node/2477828092",
        "amenity": "police",
        "check_date": "2025-04-07",
        "name": "Kalapara Police Station"
      },
      "geometry": {
        "type": "Point",
        "coordinates": [
          90.2234878,
          21.9840018
        ]
      },
      "id": "node/2477828092"
    },
    {
      "type": "Feature",
      "properties": {
        "@id": "node/2492202977",
        "amenity": "toilets",
        "source": "Open Cities Dhaka Survey",
        "toilets:num_chambers": "3"
      },
      "geometry": {
        "type": "Point",
        "coordinates": [
          90.3992043,
          23.7166867
        ]
      },
      "id": "node/2492202977"
    },
    {
      "type": "Feature",
      "properties": {
        "@id": "node/2503779621",
        "amenity": "toilets",
        "source": "Open Cities Dhaka Survey",
        "toilets:num_chambers": "2"
      },
      "geometry": {
        "type": "Point",
        "coordinates": [
          90.3999766,
          23.716833
        ]
      },
      "id": "node/2503779621"
    },
    {
      "type": "Feature",
      "properties": {
        "@id": "node/2571040207",
        "amenity": "police",
        "name": "Chawkbazar Police Station"
      },
      "geometry": {
        "type": "Point",
        "coordinates": [
          91.8391211,
          22.3575639
        ]
      },
      "id": "node/2571040207"
    },
    {
      "type": "Feature",
      "properties": {
        "@id": "node/2576995885",
        "amenity": "police",
        "name": "RAB-7 Chittagong Office"
      },
      "geometry": {
        "type": "Point",
        "coordinates": [
          91.8473258,
          22.3722533
        ]
      },
      "id": "node/2576995885"
    },
    {
      "type": "Feature",
      "properties": {
        "@id": "node/2682106390",
        "amenity": "police",
        "name": "Daulatkhan Police Station"
      },
      "geometry": {
        "type": "Point",
        "coordinates": [
          90.7469055,
          22.6057511
        ]
      },
      "id": "node/2682106390"
    },
    {
      "type": "Feature",
      "properties": {
        "@id": "node/2739342195",
        "amenity": "police",
        "check_date": "2025-03-23",
        "name": "Kotwali Police Station"
      },
      "geometry": {
        "type": "Point",
        "coordinates": [
          89.2137919,
          23.1655415
        ]
      },
      "id": "node/2739342195"
    },
    {
      "type": "Feature",
      "properties": {
        "@id": "node/2797968811",
        "amenity": "police",
        "name": "Nakla Police Station"
      },
      "geometry": {
        "type": "Point",
        "coordinates": [
          90.1790297,
          24.9688831
        ]
      },
      "id": "node/2797968811"
    },
    {
      "type": "Feature",
      "properties": {
        "@id": "node/2798152374",
        "amenity": "fire_station",
        "name": "Fire Service and Civil Defence"
      },
      "geometry": {
        "type": "Point",
        "coordinates": [
          89.9197565,
          24.25061
        ]
      },
      "id": "node/2798152374"
    },
    {
      "type": "Feature",
      "properties": {
        "@id": "node/2799212594",
        "amenity": "police",
        "name": "Tangail Police Station"
      },
      "geometry": {
        "type": "Point",
        "coordinates": [
          89.9137336,
          24.246758
        ]
      },
      "id": "node/2799212594"
    },
    {
      "type": "Feature",
      "properties": {
        "@id": "node/2813223517",
        "amenity": "police",
        "name": "ফেনী মডেল থানা",
        "name:en": "Feni Model Thana"
      },
      "geometry": {
        "type": "Point",
        "coordinates": [
          91.3984408,
          23.0116432
        ]
      },
      "id": "node/2813223517"
    },
    {
      "type": "Feature",
      "properties": {
        "@id": "node/2815355405",
        "amenity": "fire_station",
        "name": "Chandina Fire Service"
      },
      "geometry": {
        "type": "Point",
        "coordinates": [
          90.9952052,
          23.4875027
        ]
      },
      "id": "node/2815355405"
    },
    {
      "type": "Feature",
      "properties": {
        "@id": "node/2818634401",
        "amenity": "police",
        "name": "Kotwali Thana"
      },
      "geometry": {
        "type": "Point",
        "coordinates": [
          90.4123025,
          24.7576475
        ]
      },
      "id": "node/2818634401"
    },
    {
      "type": "Feature",
      "properties": {
        "@id": "node/2828695376",
        "amenity": "police",
        "name": "Mohalchari Thana"
      },
      "geometry": {
        "type": "Point",
        "coordinates": [
          92.0339828,
          22.9328899
        ]
      },
      "id": "node/2828695376"
    },
    {
      "type": "Feature",
      "properties": {
        "@id": "node/2830457079",
        "amenity": "police",
        "name": "Baraichari Thana"
      },
      "geometry": {
        "type": "Point",
        "coordinates": [
          92.1380259,
          22.5023763
        ]
      },
      "id": "node/2830457079"
    },
    {
      "type": "Feature",
      "properties": {
        "@id": "node/2830470140",
        "amenity": "police",
        "name": "Bardarban Sadar Thana"
      },
      "geometry": {
        "type": "Point",
        "coordinates": [
          92.2163562,
          22.1944716
        ]
      },
      "id": "node/2830470140"
    },
    {
      "type": "Feature",
      "properties": {
        "@id": "node/2831095046",
        "amenity": "police",
        "name": "Lama Thana"
      },
      "geometry": {
        "type": "Point",
        "coordinates": [
          92.198681,
          21.7719849
        ]
      },
      "id": "node/2831095046"
    },
    {
      "type": "Feature",
      "properties": {
        "@id": "node/2873924323",
        "amenity": "fire_station",
        "name": "ফায়ার সার্ভিস ও সিভিল ডিফেন্স",
        "name:en": "Fire Service & Civil Defence"
      },
      "geometry": {
        "type": "Point",
        "coordinates": [
          90.070443,
          22.6170383
        ]
      },
      "id": "node/2873924323"
    },
    {
      "type": "Feature",
      "properties": {
        "@id": "node/2881474986",
        "amenity": "police",
        "name": "পিরোজপুর সদর থানা",
        "name:en": "Pirojpur Sadar Thana"
      },
      "geometry": {
        "type": "Point",
        "coordinates": [
          89.9720006,
          22.5793258
        ]
      },
      "id": "node/2881474986"
    },
    {
      "type": "Feature",
      "properties": {
        "@id": "node/2994805908",
        "amenity": "police",
        "name": "Vatara Police Station",
        "name:en": "ভাটারা থানা"
      },
      "geometry": {
        "type": "Point",
        "coordinates": [
          90.4240413,
          23.7974748
        ]
      },
      "id": "node/2994805908"
    },
    {
      "type": "Feature",
      "properties": {
        "@id": "node/3037417017",
        "addr:city": "Parbatipur",
        "addr:postcode": "5250",
        "amenity": "police",
        "name": "Parbatipur Police Station"
      },
      "geometry": {
        "type": "Point",
        "coordinates": [
          88.9063278,
          25.6636104
        ]
      },
      "id": "node/3037417017"
    },
    {
      "type": "Feature",
      "properties": {
        "@id": "node/3207916814",
        "access": "yes",
        "amenity": "toilets",
        "drinking_water": "no"
      },
      "geometry": {
        "type": "Point",
        "coordinates": [
          89.531218,
          22.8031761
        ]
      },
      "id": "node/3207916814"
    },
    {
      "type": "Feature",
      "properties": {
        "@id": "node/3211069054",
        "amenity": "toilets"
      },
      "geometry": {
        "type": "Point",
        "coordinates": [
          89.5355186,
          22.8039981
        ]
      },
      "id": "node/3211069054"
    },
    {
      "type": "Feature",
      "properties": {
        "@id": "node/3211069055",
        "amenity": "toilets"
      },
      "geometry": {
        "type": "Point",
        "coordinates": [
          89.5354975,
          22.8040563
        ]
      },
      "id": "node/3211069055"
    },
    {
      "type": "Feature",
      "properties": {
        "@id": "node/3265720960",
        "amenity": "police",
        "information": "Selim Daroga ghuskhor",
        "name": "স্বরূপকাঠী থানা",
        "source": "local knowledge"
      },
      "geometry": {
        "type": "Point",
        "coordinates": [
          90.0999268,
          22.7477996
        ]
      },
      "id": "node/3265720960"
    },
    {
      "type": "Feature",
      "properties": {
        "@id": "node/3296935664",
        "amenity": "police",
        "check_date": "2024-07-01",
        "name": "Community police post (DMP)"
      },
      "geometry": {
        "type": "Point",
        "coordinates": [
          90.3702404,
          23.7413027
        ]
      },
      "id": "node/3296935664"
    },
    {
      "type": "Feature",
      "properties": {
        "@id": "node/3301866764",
        "amenity": "police",
        "name": "Chalna Police Station"
      },
      "geometry": {
        "type": "Point",
        "coordinates": [
          89.5162764,
          22.6009454
        ]
      },
      "id": "node/3301866764"
    },
    {
      "type": "Feature",
      "properties": {
        "@id": "node/3302056984",
        "amenity": "police",
        "check_date": "2024-07-01",
        "name": "CBT Police Fari"
      },
      "geometry": {
        "type": "Point",
        "coordinates": [
          90.3695979,
          23.7400748
        ]
      },
      "id": "node/3302056984"
    },
    {
      "type": "Feature",
      "properties": {
        "@id": "node/3302171332",
        "amenity": "police",
        "name": "Hazaribagh Thana",
        "note": "Gozmohol"
      },
      "geometry": {
        "type": "Point",
        "coordinates": [
          90.3651908,
          23.7347071
        ]
      },
      "id": "node/3302171332"
    },
    {
      "type": "Feature",
      "properties": {
        "@id": "node/3303814701",
        "addr:city": "Dhaka",
        "addr:postcode": "1212",
        "name": "DWASA MODEZone 8 office",
        "name:bn": "মডস জোন-৮, ঢাকা ওয়াসা",
        "office": "water_utility"
      },
      "geometry": {
        "type": "Point",
        "coordinates": [
          90.4247086,
          23.7971153
        ]
      },
      "id": "node/3303814701"
    },
    {
      "type": "Feature",
      "properties": {
        "@id": "node/3323436985",
        "amenity": "police",
        "name": "Naval Police Office",
        "source": "Esri, Survey"
      },
      "geometry": {
        "type": "Point",
        "coordinates": [
          90.3895424,
          23.710281
        ]
      },
      "id": "node/3323436985"
    },
    {
      "type": "Feature",
      "properties": {
        "@id": "node/3323494927",
        "amenity": "police",
        "name": "Section Police Fari"
      },
      "geometry": {
        "type": "Point",
        "coordinates": [
          90.3755841,
          23.7243851
        ]
      },
      "id": "node/3323494927"
    },
    {
      "type": "Feature",
      "properties": {
        "@id": "node/3328113917",
        "amenity": "toilets"
      },
      "geometry": {
        "type": "Point",
        "coordinates": [
          90.3611221,
          23.738989
        ]
      },
      "id": "node/3328113917"
    },
    {
      "type": "Feature",
      "properties": {
        "@id": "node/3330016795",
        "amenity": "toilets",
        "note": "Kalunagar, Hazaribag",
        "source": "HOTOSM, MSF and Bing"
      },
      "geometry": {
        "type": "Point",
        "coordinates": [
          90.3654751,
          23.7316187
        ]
      },
      "id": "node/3330016795"
    },
    {
      "type": "Feature",
      "properties": {
        "@id": "node/3330938901",
        "amenity": "police",
        "name": "Rayer Bazaar Police Phari"
      },
      "geometry": {
        "type": "Point",
        "coordinates": [
          90.36291,
          23.7467454
        ]
      },
      "id": "node/3330938901"
    },
    {
      "type": "Feature",
      "properties": {
        "@id": "node/3332637601",
        "amenity": "police",
        "name": "Hazahbagh Police"
      },
      "geometry": {
        "type": "Point",
        "coordinates": [
          90.3634857,
          23.7364854
        ]
      },
      "id": "node/3332637601"
    },
    {
      "type": "Feature",
      "properties": {
        "@id": "node/3357246235",
        "access": "yes",
        "amenity": "toilets",
        "drinking_water": "no",
        "fee": "yes",
        "operator": "Dhaka City Corporation",
        "toilets:position": "seated;urinal"
      },
      "geometry": {
        "type": "Point",
        "coordinates": [
          90.386037,
          23.7267499
        ]
      },
      "id": "node/3357246235"
    },
    {
      "type": "Feature",
      "properties": {
        "@id": "node/3374582230",
        "addr:city": "চুয়াডাঙ্গা",
        "addr:postcode": "7200",
        "addr:street": "চুয়াডাঙ্গা - দর্শনা সড়ক",
        "amenity": "police",
        "name": "Chuadanga Sadar Police Station",
        "name:bn": "চুয়াডাঙ্গা সদর থানা",
        "opening_hours": "24/7"
      },
      "geometry": {
        "type": "Point",
        "coordinates": [
          88.8444435,
          23.6449862
        ]
      },
      "id": "node/3374582230"
    },
    {
      "type": "Feature",
      "properties": {
        "@id": "node/3381802068",
        "addr:city": "Dimla",
        "addr:postcode": "5350",
        "amenity": "fire_station",
        "name": "Dimla Fire Station",
        "name:bn": "ডিমলা ফায়ার স্টেশন",
        "operator": "Government",
        "phone": "+8801717975712",
        "website": "https://fireservice.gov.bd/pages/74"
      },
      "geometry": {
        "type": "Point",
        "coordinates": [
          88.9193943,
          26.1604057
        ]
      },
      "id": "node/3381802068"
    },
    {
      "type": "Feature",
      "properties": {
        "@id": "node/3382226996",
        "amenity": "police",
        "name": "মঠবাড়িয়া থানা",
        "name:en": "Mathbaria Police Station"
      },
      "geometry": {
        "type": "Point",
        "coordinates": [
          89.9591688,
          22.2842057
        ]
      },
      "id": "node/3382226996"
    },
    {
      "type": "Feature",
      "properties": {
        "@id": "node/3384170766",
        "amenity": "police",
        "name": "বানারীপাড়া থানা"
      },
      "geometry": {
        "type": "Point",
        "coordinates": [
          90.1567561,
          22.786797
        ]
      },
      "id": "node/3384170766"
    },
    {
      "type": "Feature",
      "properties": {
        "@id": "node/3478504005",
        "amenity": "police",
        "name": "কামরাঙ্গী চর থানা",
        "name:en": "Kamrangirchar Thana",
        "operator": "Government"
      },
      "geometry": {
        "type": "Point",
        "coordinates": [
          90.3674657,
          23.7097293
        ]
      },
      "id": "node/3478504005"
    },
    {
      "type": "Feature",
      "properties": {
        "@id": "node/3486588504",
        "amenity": "fire_station",
        "name": "Fire Station HSIA"
      },
      "geometry": {
        "type": "Point",
        "coordinates": [
          90.3987611,
          23.8523935
        ]
      },
      "id": "node/3486588504"
    },
    {
      "type": "Feature",
      "properties": {
        "@id": "node/3494286616",
        "addr:street": "Moddhodanga Main Road",
        "amenity": "police",
        "name": "Daulatpur Police Station"
      },
      "geometry": {
        "type": "Point",
        "coordinates": [
          89.518416,
          22.8782921
        ]
      },
      "id": "node/3494286616"
    },
    {
      "type": "Feature",
      "properties": {
        "@id": "node/3525475917",
        "amenity": "toilets",
        "source": "Data4Action BDRCS / Red Cross"
      },
      "geometry": {
        "type": "Point",
        "coordinates": [
          90.4106515,
          23.7503686
        ]
      },
      "id": "node/3525475917"
    },
    {
      "type": "Feature",
      "properties": {
        "@id": "node/3559113603",
        "addr:city": "মদন",
        "addr:city:bn": "মদন",
        "addr:city:en": "Madan",
        "addr:postcode": "2490",
        "addr:subdistrict": "মদন",
        "addr:subdistrict:bn": "মদন",
        "addr:subdistrict:en": "Madan",
        "amenity": "police",
        "name": "মদন থানা",
        "name:bn": "মদন থানা",
        "name:en": "Madan Thana"
      },
      "geometry": {
        "type": "Point",
        "coordinates": [
          90.9607867,
          24.71802
        ]
      },
      "id": "node/3559113603"
    },
    {
      "type": "Feature",
      "properties": {
        "@id": "node/3562915793",
        "amenity": "police",
        "name": "Netrokona Sadar Police Station"
      },
      "geometry": {
        "type": "Point",
        "coordinates": [
          90.7282748,
          24.8724
        ]
      },
      "id": "node/3562915793"
    },
    {
      "type": "Feature",
      "properties": {
        "@id": "node/3588044201",
        "amenity": "fire_station",
        "name": "রাজশাহী ফায়ার সার্ভিস অ্যান্ড সিভিল ডিফেন্স",
        "name:en": "Rajshahi Fire Service and Civil Defense",
        "operator": "Government"
      },
      "geometry": {
        "type": "Point",
        "coordinates": [
          88.5897564,
          24.3673069
        ]
      },
      "id": "node/3588044201"
    },
    {
      "type": "Feature",
      "properties": {
        "@id": "node/3664322656",
        "addr:city": "Dhaka",
        "addr:postcode": "1362",
        "addr:street": "South Rayerbag Rd",
        "amenity": "police",
        "name": "Kadamtali Thana",
        "operator": "The Gov. of Bangladesh",
        "phone": "+88027419505 Ext.2406, 2407",
        "source": "http://en.banglapedia.org/index.php?title=Kadamtali_Thana"
      },
      "geometry": {
        "type": "Point",
        "coordinates": [
          90.4576916,
          23.6973198
        ]
      },
      "id": "node/3664322656"
    },
    {
      "type": "Feature",
      "properties": {
        "@id": "node/3711617414",
        "addr:city": "Dhaka",
        "addr:street": "Tipu Sultan Road",
        "amenity": "police",
        "name": "Wari Thana"
      },
      "geometry": {
        "type": "Point",
        "coordinates": [
          90.4188432,
          23.7149794
        ]
      },
      "id": "node/3711617414"
    },
    {
      "type": "Feature",
      "properties": {
        "@id": "node/3712186511",
        "name": "Narinda Wasa Pump",
        "note": "It is a pump office of Dhaka Wasa.",
        "office": "water_utility"
      },
      "geometry": {
        "type": "Point",
        "coordinates": [
          90.4182109,
          23.7112472
        ]
      },
      "id": "node/3712186511"
    },
    {
      "type": "Feature",
      "properties": {
        "@id": "node/3718770651",
        "amenity": "police",
        "name": "Police Lines, Sylhet Range"
      },
      "geometry": {
        "type": "Point",
        "coordinates": [
          91.861124,
          24.8990917
        ]
      },
      "id": "node/3718770651"
    },
    {
      "type": "Feature",
      "properties": {
        "@id": "node/3722676866",
        "amenity": "police",
        "name": "Chitalmari Police Station"
      },
      "geometry": {
        "type": "Point",
        "coordinates": [
          89.8779544,
          22.7880021
        ]
      },
      "id": "node/3722676866"
    },
    {
      "type": "Feature",
      "properties": {
        "@id": "node/3735681925",
        "amenity": "police",
        "name": "trafic police box"
      },
      "geometry": {
        "type": "Point",
        "coordinates": [
          90.4107251,
          23.7936137
        ]
      },
      "id": "node/3735681925"
    },
    {
      "type": "Feature",
      "properties": {
        "@id": "node/3745704398",
        "addr:city": "Dhaka",
        "addr:street": "Old Elephant Rd (Wireless Rd)",
        "amenity": "police",
        "name": "Noyatola Police Fari"
      },
      "geometry": {
        "type": "Point",
        "coordinates": [
          90.4113493,
          23.757787
        ]
      },
      "id": "node/3745704398"
    },
    {
      "type": "Feature",
      "properties": {
        "@id": "node/3784862669",
        "amenity": "fire_station",
        "name": "Barura Fire Station"
      },
      "geometry": {
        "type": "Point",
        "coordinates": [
          91.0509785,
          23.3791374
        ]
      },
      "id": "node/3784862669"
    },
    {
      "type": "Feature",
      "properties": {
        "@id": "node/3798642889",
        "access": "yes",
        "amenity": "toilets",
        "female": "yes",
        "male": "yes",
        "operator:type": "government",
        "source": "Esri, Survey",
        "toilets:type": "flush"
      },
      "geometry": {
        "type": "Point",
        "coordinates": [
          90.3430301,
          23.697046
        ]
      },
      "id": "node/3798642889"
    },
    {
      "type": "Feature",
      "properties": {
        "@id": "node/3849425466",
        "amenity": "police",
        "name": "Rapid Action Batalion (RAB)"
      },
      "geometry": {
        "type": "Point",
        "coordinates": [
          90.3519096,
          23.7464185
        ]
      },
      "id": "node/3849425466"
    },
    {
      "type": "Feature",
      "properties": {
        "@id": "node/3894630114",
        "addr:city": "Chittagong",
        "addr:postcode": "4386",
        "amenity": "police",
        "name": "Satkania Thana",
        "name:bn": "সাতকানিয়া থানা",
        "website": "http://police.satkania.chittagong.gov.bd/",
        "wikidata": "Q30178492",
        "wikipedia": "bn:সাতকানিয়া থানা"
      },
      "geometry": {
        "type": "Point",
        "coordinates": [
          92.0522075,
          22.0748855
        ]
      },
      "id": "node/3894630114"
    },
    {
      "type": "Feature",
      "properties": {
        "@id": "node/3900559100",
        "amenity": "police",
        "name": "CMP Headquarter"
      },
      "geometry": {
        "type": "Point",
        "coordinates": [
          91.8376566,
          22.335857
        ]
      },
      "id": "node/3900559100"
    },
    {
      "type": "Feature",
      "properties": {
        "@id": "node/3919375213",
        "amenity": "police",
        "name": "Aminbazar Police Camp"
      },
      "geometry": {
        "type": "Point",
        "coordinates": [
          90.3302145,
          23.7855688
        ]
      },
      "id": "node/3919375213"
    },
    {
      "type": "Feature",
      "properties": {
        "@id": "node/3940943314",
        "amenity": "police",
        "name": "Monohardi Police Station"
      },
      "geometry": {
        "type": "Point",
        "coordinates": [
          90.6968468,
          24.1415653
        ]
      },
      "id": "node/3940943314"
    },
    {
      "type": "Feature",
      "properties": {
        "@id": "node/3946177328",
        "amenity": "police",
        "name": "City Gate Police Box, Dhaka - Chittagong Highway, Chattogram"
      },
      "geometry": {
        "type": "Point",
        "coordinates": [
          91.7740782,
          22.3733171
        ]
      },
      "id": "node/3946177328"
    },
    {
      "type": "Feature",
      "properties": {
        "@id": "node/3953156471",
        "amenity": "toilets"
      },
      "geometry": {
        "type": "Point",
        "coordinates": [
          90.4309229,
          23.6976754
        ]
      },
      "id": "node/3953156471"
    },
    {
      "type": "Feature",
      "properties": {
        "@id": "node/3953164615",
        "amenity": "toilets"
      },
      "geometry": {
        "type": "Point",
        "coordinates": [
          90.4309065,
          23.6976797
        ]
      },
      "id": "node/3953164615"
    },
    {
      "type": "Feature",
      "properties": {
        "@id": "node/3953167769",
        "amenity": "toilets"
      },
      "geometry": {
        "type": "Point",
        "coordinates": [
          90.4309393,
          23.6976395
        ]
      },
      "id": "node/3953167769"
    },
    {
      "type": "Feature",
      "properties": {
        "@id": "node/4072771714",
        "amenity": "toilets"
      },
      "geometry": {
        "type": "Point",
        "coordinates": [
          90.4112025,
          23.7598951
        ]
      },
      "id": "node/4072771714"
    },
    {
      "type": "Feature",
      "properties": {
        "@id": "node/4084387138",
        "amenity": "police",
        "name": "Gopalpur Police Station"
      },
      "geometry": {
        "type": "Point",
        "coordinates": [
          89.9285976,
          24.562116
        ]
      },
      "id": "node/4084387138"
    },
    {
      "type": "Feature",
      "properties": {
        "@id": "node/4325614720",
        "amenity": "police",
        "name": "Munshiganj Sadar Police Station"
      },
      "geometry": {
        "type": "Point",
        "coordinates": [
          90.5342845,
          23.5533074
        ]
      },
      "id": "node/4325614720"
    },
    {
      "type": "Feature",
      "properties": {
        "@id": "node/4329004558",
        "amenity": "toilets",
        "name": "School Toilet"
      },
      "geometry": {
        "type": "Point",
        "coordinates": [
          90.3927096,
          23.5490727
        ]
      },
      "id": "node/4329004558"
    },
    {
      "type": "Feature",
      "properties": {
        "@id": "node/4329009417",
        "amenity": "toilets",
        "name": "School Toilet"
      },
      "geometry": {
        "type": "Point",
        "coordinates": [
          90.3926319,
          23.5503673
        ]
      },
      "id": "node/4329009417"
    },
    {
      "type": "Feature",
      "properties": {
        "@id": "node/4329091763",
        "amenity": "toilets"
      },
      "geometry": {
        "type": "Point",
        "coordinates": [
          90.4000193,
          23.5522313
        ]
      },
      "id": "node/4329091763"
    },
    {
      "type": "Feature",
      "properties": {
        "@id": "node/4365312987",
        "access": "yes",
        "amenity": "toilets",
        "changing_table": "yes",
        "fee": "no",
        "female": "yes",
        "name": "Washroom (Female)",
        "toilets:disposal": "flush"
      },
      "geometry": {
        "type": "Point",
        "coordinates": [
          90.4030193,
          23.8291156
        ]
      },
      "id": "node/4365312987"
    },
    {
      "type": "Feature",
      "properties": {
        "@id": "node/4365328107",
        "amenity": "fire_station",
        "name": "Fire Fighting Instruments"
      },
      "geometry": {
        "type": "Point",
        "coordinates": [
          90.4030415,
          23.8291334
        ]
      },
      "id": "node/4365328107"
    },
    {
      "type": "Feature",
      "properties": {
        "@id": "node/4365343513",
        "access": "yes",
        "amenity": "toilets",
        "changing_table": "yes",
        "fee": "no",
        "male": "yes",
        "name": "Washroom (Male)",
        "toilets:disposal": "flush"
      },
      "geometry": {
        "type": "Point",
        "coordinates": [
          90.4026397,
          23.829462
        ]
      },
      "id": "node/4365343513"
    },
    {
      "type": "Feature",
      "properties": {
        "@id": "node/4366103093",
        "amenity": "toilets"
      },
      "geometry": {
        "type": "Point",
        "coordinates": [
          89.6602252,
          25.5833374
        ]
      },
      "id": "node/4366103093"
    },
    {
      "type": "Feature",
      "properties": {
        "@id": "node/4366103094",
        "amenity": "toilets"
      },
      "geometry": {
        "type": "Point",
        "coordinates": [
          89.6599602,
          25.5838229
        ]
      },
      "id": "node/4366103094"
    },
    {
      "type": "Feature",
      "properties": {
        "@id": "node/4366589909",
        "access": "yes",
        "amenity": "toilets",
        "changing_table": "yes",
        "changing_table:count": "3",
        "male": "yes",
        "name": "Boys Washroom",
        "toilets:disposal": "flush"
      },
      "geometry": {
        "type": "Point",
        "coordinates": [
          90.3935858,
          23.8254477
        ]
      },
      "id": "node/4366589909"
    },
    {
      "type": "Feature",
      "properties": {
        "@id": "node/4366590350",
        "access": "yes",
        "amenity": "toilets",
        "changing_table": "yes",
        "changing_table:count": "5",
        "female": "yes",
        "name": "Girls Washroom",
        "toilets:disposal": "flush"
      },
      "geometry": {
        "type": "Point",
        "coordinates": [
          90.3940091,
          23.8255616
        ]
      },
      "id": "node/4366590350"
    },
    {
      "type": "Feature",
      "properties": {
        "@id": "node/4374577005",
        "amenity": "police",
        "name": "Police Box",
        "wheelchair": "no"
      },
      "geometry": {
        "type": "Point",
        "coordinates": [
          90.38526,
          23.732271
        ]
      },
      "id": "node/4374577005"
    },
    {
      "type": "Feature",
      "properties": {
        "@id": "node/4386346523",
        "addr:city": "Dhaka City",
        "addr:postcode": "1206",
        "addr:street": "Zia Colony Road",
        "amenity": "fire_station",
        "name": "Kurmitola Fire Station",
        "operator": "Fire Service",
        "phone": "+88028713399"
      },
      "geometry": {
        "type": "Point",
        "coordinates": [
          90.4058564,
          23.8260087
        ]
      },
      "id": "node/4386346523"
    },
    {
      "type": "Feature",
      "properties": {
        "@id": "node/4392984107",
        "amenity": "police",
        "name": "Sorojgonj Police Station"
      },
      "geometry": {
        "type": "Point",
        "coordinates": [
          88.9364996,
          23.589347
        ]
      },
      "id": "node/4392984107"
    },
    {
      "type": "Feature",
      "properties": {
        "@id": "node/4406557997",
        "addr:street": "Kamalapur Rd",
        "amenity": "police",
        "name": "রেলওয়ে পুলিশ হেডকোয়ার্টার",
        "name:bn": "রেলওয়ে পুলিশ হেডকোয়ার্টার",
        "name:en": "Railway Police Head Quarter"
      },
      "geometry": {
        "type": "Point",
        "coordinates": [
          90.4258081,
          23.7309393
        ]
      },
      "id": "node/4406557997"
    },
    {
      "type": "Feature",
      "properties": {
        "@id": "node/4438700321",
        "access": "yes",
        "amenity": "toilets",
        "drinking_water": "no",
        "fee": "no",
        "male": "yes",
        "source": "local knowledge",
        "wheelchair": "no"
      },
      "geometry": {
        "type": "Point",
        "coordinates": [
          90.107185,
          22.7760226
        ]
      },
      "id": "node/4438700321"
    },
    {
      "type": "Feature",
      "properties": {
        "@id": "node/4447620093",
        "amenity": "police",
        "name": "Taranagar Police fari",
        "source": "Esri, Survey"
      },
      "geometry": {
        "type": "Point",
        "coordinates": [
          90.3232058,
          23.7314637
        ]
      },
      "id": "node/4447620093"
    },
    {
      "type": "Feature",
      "properties": {
        "@id": "node/4448987750",
        "amenity": "toilets"
      },
      "geometry": {
        "type": "Point",
        "coordinates": [
          91.0013181,
          23.7406029
        ]
      },
      "id": "node/4448987750"
    },
    {
      "type": "Feature",
      "properties": {
        "@id": "node/4448989305",
        "amenity": "toilets"
      },
      "geometry": {
        "type": "Point",
        "coordinates": [
          91.0015721,
          23.7404376
        ]
      },
      "id": "node/4448989305"
    },
    {
      "type": "Feature",
      "properties": {
        "@id": "node/4448989306",
        "amenity": "toilets"
      },
      "geometry": {
        "type": "Point",
        "coordinates": [
          91.0015741,
          23.7404455
        ]
      },
      "id": "node/4448989306"
    },
    {
      "type": "Feature",
      "properties": {
        "@id": "node/4449053599",
        "amenity": "toilets"
      },
      "geometry": {
        "type": "Point",
        "coordinates": [
          91.0010948,
          23.7401731
        ]
      },
      "id": "node/4449053599"
    },
    {
      "type": "Feature",
      "properties": {
        "@id": "node/4452122401",
        "addr:postcode": "1340",
        "addr:street": "Dhaka - Aricha Highway",
        "amenity": "police",
        "name:en": "Solid RofikSatu"
      },
      "geometry": {
        "type": "Point",
        "coordinates": [
          90.2521318,
          23.7989772
        ]
      },
      "id": "node/4452122401"
    },
    {
      "type": "Feature",
      "properties": {
        "@id": "node/4462990593",
        "addr:street": "Barisal - Dumki - Bauphal Highway",
        "amenity": "police",
        "name:en": "Electricity Tower"
      },
      "geometry": {
        "type": "Point",
        "coordinates": [
          90.3837514,
          22.4620524
        ]
      },
      "id": "node/4462990593"
    },
    {
      "type": "Feature",
      "properties": {
        "@id": "node/4463102490",
        "addr:street": "Barisal - Dumki - Bauphal Highway",
        "amenity": "police",
        "name:en": "Electricity Tower"
      },
      "geometry": {
        "type": "Point",
        "coordinates": [
          90.3841033,
          22.4620478
        ]
      },
      "id": "node/4463102490"
    },
    {
      "type": "Feature",
      "properties": {
        "@id": "node/4463108589",
        "addr:street": "Barisal - Dumki - Bauphal Highway",
        "amenity": "police",
        "name:en": "Electricity Tower"
      },
      "geometry": {
        "type": "Point",
        "coordinates": [
          90.3824034,
          22.4626518
        ]
      },
      "id": "node/4463108589"
    },
    {
      "type": "Feature",
      "properties": {
        "@id": "node/4485858429",
        "amenity": "toilets"
      },
      "geometry": {
        "type": "Point",
        "coordinates": [
          90.9922888,
          23.7257199
        ]
      },
      "id": "node/4485858429"
    },
    {
      "type": "Feature",
      "properties": {
        "@id": "node/4485865407",
        "amenity": "toilets"
      },
      "geometry": {
        "type": "Point",
        "coordinates": [
          90.9920028,
          23.7258992
        ]
      },
      "id": "node/4485865407"
    },
    {
      "type": "Feature",
      "properties": {
        "@id": "node/4499519598",
        "amenity": "police",
        "name": "আদাবর থানা",
        "name:en": "Adabar Police Station"
      },
      "geometry": {
        "type": "Point",
        "coordinates": [
          90.3593643,
          23.7711654
        ]
      },
      "id": "node/4499519598"
    },
    {
      "type": "Feature",
      "properties": {
        "@id": "node/4524600092",
        "amenity": "fire_station",
        "name:en": "Fire Service & Civil Defence"
      },
      "geometry": {
        "type": "Point",
        "coordinates": [
          90.4006231,
          23.7645212
        ]
      },
      "id": "node/4524600092"
    },
    {
      "type": "Feature",
      "properties": {
        "@id": "node/4525501601",
        "addr:postcode": "3546",
        "amenity": "police",
        "name:en": "Homna Thana"
      },
      "geometry": {
        "type": "Point",
        "coordinates": [
          90.7798074,
          23.6838173
        ]
      },
      "id": "node/4525501601"
    },
    {
      "type": "Feature",
      "properties": {
        "@id": "node/4528270340",
        "amenity": "police",
        "name": "ইকবাল রোড পুলিশ ক্যাম্প",
        "name:en": "Iqbal Road Police camp"
      },
      "geometry": {
        "type": "Point",
        "coordinates": [
          90.3689703,
          23.7634344
        ]
      },
      "id": "node/4528270340"
    },
    {
      "type": "Feature",
      "properties": {
        "@id": "node/4561962405",
        "amenity": "fire_station"
      },
      "geometry": {
        "type": "Point",
        "coordinates": [
          88.9907788,
          24.4120613
        ]
      },
      "id": "node/4561962405"
    },
    {
      "type": "Feature",
      "properties": {
        "@id": "node/4572010497",
        "amenity": "toilets"
      },
      "geometry": {
        "type": "Point",
        "coordinates": [
          90.1972357,
          22.8669719
        ]
      },
      "id": "node/4572010497"
    },
    {
      "type": "Feature",
      "properties": {
        "@id": "node/4589458988",
        "amenity": "toilets",
        "note": "Mobile Toilet",
        "source": "GPS, Local Knowledge"
      },
      "geometry": {
        "type": "Point",
        "coordinates": [
          90.4014747,
          23.7964258
        ]
      },
      "id": "node/4589458988"
    },
    {
      "type": "Feature",
      "properties": {
        "@id": "node/4595997864",
        "addr:city": "Moulvibazar",
        "addr:postcode": "3200",
        "amenity": "police",
        "name": "Moulvibazar Police Station",
        "name:bn": "মৌলভীবাজার থানা"
      },
      "geometry": {
        "type": "Point",
        "coordinates": [
          91.7657941,
          24.4794993
        ]
      },
      "id": "node/4595997864"
    },
    {
      "type": "Feature",
      "properties": {
        "@id": "node/4604354140",
        "amenity": "toilets"
      },
      "geometry": {
        "type": "Point",
        "coordinates": [
          90.9981441,
          23.7407508
        ]
      },
      "id": "node/4604354140"
    },
    {
      "type": "Feature",
      "properties": {
        "@id": "node/4604358294",
        "amenity": "toilets"
      },
      "geometry": {
        "type": "Point",
        "coordinates": [
          90.998147,
          23.740751
        ]
      },
      "id": "node/4604358294"
    },
    {
      "type": "Feature",
      "properties": {
        "@id": "node/4610106101",
        "amenity": "fire_station",
        "name": "Sarishabari Fire Service And Civil Defence Station"
      },
      "geometry": {
        "type": "Point",
        "coordinates": [
          89.843626,
          24.7700878
        ]
      },
      "id": "node/4610106101"
    },
    {
      "type": "Feature",
      "properties": {
        "@id": "node/4631959201",
        "addr:street": "Barisal - Dumki - Bauphal Highway",
        "amenity": "police",
        "name:en": "Police 🚨 Station"
      },
      "geometry": {
        "type": "Point",
        "coordinates": [
          90.3861517,
          22.4619908
        ]
      },
      "id": "node/4631959201"
    },
    {
      "type": "Feature",
      "properties": {
        "@id": "node/4634161084",
        "amenity": "police",
        "name": "Sadarghat Police Station"
      },
      "geometry": {
        "type": "Point",
        "coordinates": [
          91.8305169,
          22.32738
        ]
      },
      "id": "node/4634161084"
    },
    {
      "type": "Feature",
      "properties": {
        "@id": "node/4634183175",
        "amenity": "toilets"
      },
      "geometry": {
        "type": "Point",
        "coordinates": [
          91.8335344,
          22.3441241
        ]
      },
      "id": "node/4634183175"
    },
    {
      "type": "Feature",
      "properties": {
        "@id": "node/4634202775",
        "amenity": "toilets"
      },
      "geometry": {
        "type": "Point",
        "coordinates": [
          91.8214752,
          22.3595068
        ]
      },
      "id": "node/4634202775"
    },
    {
      "type": "Feature",
      "properties": {
        "@id": "node/4635141358",
        "amenity": "police",
        "name": "Police Fari"
      },
      "geometry": {
        "type": "Point",
        "coordinates": [
          91.8319881,
          22.3271397
        ]
      },
      "id": "node/4635141358"
    },
    {
      "type": "Feature",
      "properties": {
        "@id": "node/4637455795",
        "addr:street": "Barisal - Dumki - Bauphal Highway",
        "amenity": "police",
        "name:en": "Police Station"
      },
      "geometry": {
        "type": "Point",
        "coordinates": [
          90.3862187,
          22.4621447
        ]
      },
      "id": "node/4637455795"
    },
    {
      "type": "Feature",
      "properties": {
        "@id": "node/4668098171",
        "amenity": "police",
        "name": "Islampur Police Fari"
      },
      "geometry": {
        "type": "Point",
        "coordinates": [
          90.4075147,
          23.7099414
        ]
      },
      "id": "node/4668098171"
    },
    {
      "type": "Feature",
      "properties": {
        "@id": "node/4669613827",
        "addr:street": "Alinagar Rd",
        "amenity": "police",
        "name": "Sarail Police Station"
      },
      "geometry": {
        "type": "Point",
        "coordinates": [
          91.1123264,
          24.069302
        ]
      },
      "id": "node/4669613827"
    },
    {
      "type": "Feature",
      "properties": {
        "@id": "node/4704698014",
        "amenity": "police",
        "name:en": "Shahporan Thana শাহপরান থানা"
      },
      "geometry": {
        "type": "Point",
        "coordinates": [
          91.9261742,
          24.872695
        ]
      },
      "id": "node/4704698014"
    },
    {
      "type": "Feature",
      "properties": {
        "@id": "node/4776607848",
        "amenity": "police",
        "name": "Harbang Police Bit"
      },
      "geometry": {
        "type": "Point",
        "coordinates": [
          92.0579199,
          21.845437
        ]
      },
      "id": "node/4776607848"
    },
    {
      "type": "Feature",
      "properties": {
        "@id": "node/4782253941",
        "amenity": "police",
        "name": "Chiringa Police Out Post"
      },
      "geometry": {
        "type": "Point",
        "coordinates": [
          92.0777035,
          21.8056801
        ]
      },
      "id": "node/4782253941"
    },
    {
      "type": "Feature",
      "properties": {
        "@id": "node/4825666860",
        "addr:city": "দোহার",
        "amenity": "police",
        "name": "দোহার থানা",
        "name:bn": "দোহার থানা",
        "name:en": "Dohar Thana",
        "name:ur": "تھانہ دواہر"
      },
      "geometry": {
        "type": "Point",
        "coordinates": [
          90.1192103,
          23.6148438
        ]
      },
      "id": "node/4825666860"
    },
    {
      "type": "Feature",
      "properties": {
        "@id": "node/4830025634",
        "addr:city": "Sylhet",
        "addr:postcode": "3170",
        "amenity": "fire_station",
        "name": "Beanibazar Fire Station"
      },
      "geometry": {
        "type": "Point",
        "coordinates": [
          92.1614536,
          24.8353107
        ]
      },
      "id": "node/4830025634"
    },
    {
      "type": "Feature",
      "properties": {
        "@id": "node/4859558481",
        "amenity": "police",
        "name": "Badda Police Station",
        "name:bn": "বাড্ডা থানা",
        "source": "local knowledge"
      },
      "geometry": {
        "type": "Point",
        "coordinates": [
          90.427356,
          23.7714118
        ]
      },
      "id": "node/4859558481"
    },
    {
      "type": "Feature",
      "properties": {
        "@id": "node/4863827521",
        "addr:housenumber": "D19",
        "addr:postcode": "1216",
        "addr:street": "House No# D19, Road No#2, Arambag R/A",
        "amenity": "police"
      },
      "geometry": {
        "type": "Point",
        "coordinates": [
          90.3609185,
          23.8171574
        ]
      },
      "id": "node/4863827521"
    },
    {
      "type": "Feature",
      "properties": {
        "@id": "node/4871970248",
        "addr:city": "Sreemangal",
        "addr:postcode": "3210",
        "addr:street": "Dhaka - Moulvibazar Highway",
        "amenity": "fire_station",
        "name": "Fire Service and Civil Defence",
        "name:bn": "ফায়ার সার্ভিস এবং সিভিল ডিফেন্স",
        "website": "https://fireservice.gov.bd/"
      },
      "geometry": {
        "type": "Point",
        "coordinates": [
          91.7263998,
          24.3092241
        ]
      },
      "id": "node/4871970248"
    },
    {
      "type": "Feature",
      "properties": {
        "@id": "node/4873554657",
        "addr:city": "Sreemangal",
        "addr:postcode": "3210",
        "amenity": "police",
        "name": "Sreemangal Police Station",
        "name:bn": "শ্রীমঙ্গল থানা",
        "operator": "Bangladesh Police",
        "website": "https://www.police.gov.bd/"
      },
      "geometry": {
        "type": "Point",
        "coordinates": [
          91.7322448,
          24.3106668
        ]
      },
      "id": "node/4873554657"
    },
    {
      "type": "Feature",
      "properties": {
        "@id": "node/4907243493",
        "amenity": "police",
        "name": "Dhaka Metropolitan Police"
      },
      "geometry": {
        "type": "Point",
        "coordinates": [
          90.4069994,
          23.7243304
        ]
      },
      "id": "node/4907243493"
    },
    {
      "type": "Feature",
      "properties": {
        "@id": "node/4926191498",
        "amenity": "police",
        "check_date": "2026-05-28",
        "name": "Farmgate Police Box"
      },
      "geometry": {
        "type": "Point",
        "coordinates": [
          90.3895098,
          23.7592856
        ]
      },
      "id": "node/4926191498"
    },
    {
      "type": "Feature",
      "properties": {
        "@id": "node/5040332223",
        "amenity": "toilets",
        "opening_hours": "24/7",
        "operator": "Dhaka South City Corporation"
      },
      "geometry": {
        "type": "Point",
        "coordinates": [
          90.4104708,
          23.7282171
        ]
      },
      "id": "node/5040332223"
    },
    {
      "type": "Feature",
      "properties": {
        "@id": "node/5040332224",
        "amenity": "toilets",
        "opening_hours": "24/7",
        "operator": "Dhaka South City Corporation"
      },
      "geometry": {
        "type": "Point",
        "coordinates": [
          90.4105125,
          23.7268303
        ]
      },
      "id": "node/5040332224"
    },
    {
      "type": "Feature",
      "properties": {
        "@id": "node/5105452623",
        "amenity": "police",
        "name:en": "EPZ police Station"
      },
      "geometry": {
        "type": "Point",
        "coordinates": [
          91.7826689,
          22.2917263
        ]
      },
      "id": "node/5105452623"
    },
    {
      "type": "Feature",
      "properties": {
        "@id": "node/5108355926",
        "amenity": "police",
        "name:en": "Rab camp"
      },
      "geometry": {
        "type": "Point",
        "coordinates": [
          90.359303,
          23.7617153
        ]
      },
      "id": "node/5108355926"
    },
    {
      "type": "Feature",
      "properties": {
        "@id": "node/5108702442",
        "amenity": "toilets",
        "opening_hours": "Mo-Su 10:00-22:00",
        "operator": "BGB, Sreemangal sector"
      },
      "geometry": {
        "type": "Point",
        "coordinates": [
          91.7416418,
          24.3038185
        ]
      },
      "id": "node/5108702442"
    },
    {
      "type": "Feature",
      "properties": {
        "@id": "node/5115144599",
        "amenity": "police",
        "name": "বিমানবন্দর থানা",
        "name:en": "Airport Police Station"
      },
      "geometry": {
        "type": "Point",
        "coordinates": [
          90.4090675,
          23.8502772
        ]
      },
      "id": "node/5115144599"
    },
    {
      "type": "Feature",
      "properties": {
        "@id": "node/5115250997",
        "amenity": "toilets"
      },
      "geometry": {
        "type": "Point",
        "coordinates": [
          90.401484,
          23.8795203
        ]
      },
      "id": "node/5115250997"
    },
    {
      "type": "Feature",
      "properties": {
        "@id": "node/5116851011",
        "amenity": "toilets"
      },
      "geometry": {
        "type": "Point",
        "coordinates": [
          90.2383425,
          24.0479011
        ]
      },
      "id": "node/5116851011"
    },
    {
      "type": "Feature",
      "properties": {
        "@id": "node/5117009763",
        "amenity": "fire_station",
        "name": "কালিয়াকৈর ফায়ার স্টেশন",
        "name:en": "Kaliakair Fire Station",
        "operator": "The Bangladesh Fire Service & Civil Defence (FSCD)"
      },
      "geometry": {
        "type": "Point",
        "coordinates": [
          90.223707,
          24.0604755
        ]
      },
      "id": "node/5117009763"
    },
    {
      "type": "Feature",
      "properties": {
        "@id": "node/5119084987",
        "amenity": "police",
        "name": "Deohata police outpost দেওহাটা পুলিশ ফাঁড়ি"
      },
      "geometry": {
        "type": "Point",
        "coordinates": [
          90.118819,
          24.0965086
        ]
      },
      "id": "node/5119084987"
    },
    {
      "type": "Feature",
      "properties": {
        "@id": "node/5123723209",
        "amenity": "toilets"
      },
      "geometry": {
        "type": "Point",
        "coordinates": [
          89.6920489,
          24.3948479
        ]
      },
      "id": "node/5123723209"
    },
    {
      "type": "Feature",
      "properties": {
        "@id": "node/5124023142",
        "amenity": "police",
        "name": "Sadar South Police Station সদর দক্ষিণ থানা"
      },
      "geometry": {
        "type": "Point",
        "coordinates": [
          91.1730656,
          23.4182001
        ]
      },
      "id": "node/5124023142"
    },
    {
      "type": "Feature",
      "properties": {
        "@id": "node/5124166529",
        "amenity": "police",
        "name": "Natore Police Line নাটোর পুলিশ লাইন"
      },
      "geometry": {
        "type": "Point",
        "coordinates": [
          89.0185688,
          24.4067336
        ]
      },
      "id": "node/5124166529"
    },
    {
      "type": "Feature",
      "properties": {
        "@id": "node/5126221560",
        "amenity": "toilets"
      },
      "geometry": {
        "type": "Point",
        "coordinates": [
          88.9663838,
          24.4100499
        ]
      },
      "id": "node/5126221560"
    },
    {
      "type": "Feature",
      "properties": {
        "@id": "node/5127799613",
        "addr:city": "Baneshwar",
        "amenity": "police",
        "name": "Banesowar Traffic"
      },
      "geometry": {
        "type": "Point",
        "coordinates": [
          88.7549837,
          24.3666466
        ]
      },
      "id": "node/5127799613"
    },
    {
      "type": "Feature",
      "properties": {
        "@id": "node/5132418650",
        "amenity": "police",
        "name": "Barisal Bimanbandar Police Station"
      },
      "geometry": {
        "type": "Point",
        "coordinates": [
          90.3214912,
          22.7456747
        ]
      },
      "id": "node/5132418650"
    },
    {
      "type": "Feature",
      "properties": {
        "@id": "node/5132464492",
        "amenity": "toilets",
        "operator": "Public Toilet পাবলিক টয়লেট"
      },
      "geometry": {
        "type": "Point",
        "coordinates": [
          88.5973609,
          24.3660354
        ]
      },
      "id": "node/5132464492"
    },
    {
      "type": "Feature",
      "properties": {
        "@id": "node/5134478814",
        "amenity": "toilets"
      },
      "geometry": {
        "type": "Point",
        "coordinates": [
          88.2856802,
          24.5887693
        ]
      },
      "id": "node/5134478814"
    },
    {
      "type": "Feature",
      "properties": {
        "@id": "node/5134499988",
        "amenity": "toilets"
      },
      "geometry": {
        "type": "Point",
        "coordinates": [
          88.2818866,
          24.5918585
        ]
      },
      "id": "node/5134499988"
    },
    {
      "type": "Feature",
      "properties": {
        "@id": "node/5144701356",
        "amenity": "toilets"
      },
      "geometry": {
        "type": "Point",
        "coordinates": [
          89.3500884,
          24.858512
        ]
      },
      "id": "node/5144701356"
    },
    {
      "type": "Feature",
      "properties": {
        "@id": "node/5146833079",
        "amenity": "police",
        "name": "Abdullahpur Police Post, Uttara"
      },
      "geometry": {
        "type": "Point",
        "coordinates": [
          90.4014838,
          23.8796916
        ]
      },
      "id": "node/5146833079"
    },
    {
      "type": "Feature",
      "properties": {
        "@id": "node/5146833083",
        "amenity": "police",
        "name": "Dhour Police Check Post"
      },
      "geometry": {
        "type": "Point",
        "coordinates": [
          90.3621854,
          23.8923231
        ]
      },
      "id": "node/5146833083"
    },
    {
      "type": "Feature",
      "properties": {
        "@id": "node/5148918383",
        "amenity": "toilets"
      },
      "geometry": {
        "type": "Point",
        "coordinates": [
          89.5624479,
          24.3248703
        ]
      },
      "id": "node/5148918383"
    },
    {
      "type": "Feature",
      "properties": {
        "@id": "node/5149060201",
        "access": "yes",
        "amenity": "toilets"
      },
      "geometry": {
        "type": "Point",
        "coordinates": [
          89.6073406,
          24.078646
        ]
      },
      "id": "node/5149060201"
    },
    {
      "type": "Feature",
      "properties": {
        "@id": "node/5149061468",
        "access": "yes",
        "amenity": "toilets"
      },
      "geometry": {
        "type": "Point",
        "coordinates": [
          89.6088239,
          24.0768401
        ]
      },
      "id": "node/5149061468"
    },
    {
      "type": "Feature",
      "properties": {
        "@id": "node/5149177725",
        "amenity": "police",
        "name": "Police Box"
      },
      "geometry": {
        "type": "Point",
        "coordinates": [
          89.6062249,
          23.9584798
        ]
      },
      "id": "node/5149177725"
    },
    {
      "type": "Feature",
      "properties": {
        "@id": "node/5156442251",
        "amenity": "toilets"
      },
      "geometry": {
        "type": "Point",
        "coordinates": [
          88.4434231,
          24.8595456
        ]
      },
      "id": "node/5156442251"
    },
    {
      "type": "Feature",
      "properties": {
        "@id": "node/5156468659",
        "amenity": "toilets",
        "operator": "Toilet"
      },
      "geometry": {
        "type": "Point",
        "coordinates": [
          91.7937546,
          22.6219473
        ]
      },
      "id": "node/5156468659"
    },
    {
      "type": "Feature",
      "properties": {
        "@id": "node/5158255558",
        "addr:city": "Sylhet",
        "amenity": "police",
        "name": "Tamabil Immigration Office",
        "name:en": "Tamabil Land Customs station 「Foreigners paying attention to bribes」",
        "name:ja": "Tamabil Land Customs station 出国税を支払う場所「外国人は賄賂に注意」",
        "office": "government"
      },
      "geometry": {
        "type": "Point",
        "coordinates": [
          92.0319385,
          25.1832719
        ]
      },
      "id": "node/5158255558"
    },
    {
      "type": "Feature",
      "properties": {
        "@id": "node/5158327507",
        "amenity": "toilets",
        "operator": "PUBLIC TOILET"
      },
      "geometry": {
        "type": "Point",
        "coordinates": [
          91.5342457,
          22.8931862
        ]
      },
      "id": "node/5158327507"
    },
    {
      "type": "Feature",
      "properties": {
        "@id": "node/5158636595",
        "amenity": "police",
        "name": "Guimara Police Station"
      },
      "geometry": {
        "type": "Point",
        "coordinates": [
          91.8765622,
          22.9700856
        ]
      },
      "id": "node/5158636595"
    },
    {
      "type": "Feature",
      "properties": {
        "@id": "node/5160528855",
        "addr:city": "Chittagong - Rangamati Rd, Raozan",
        "amenity": "police",
        "name": "Raozan Thana রাউজান থানা"
      },
      "geometry": {
        "type": "Point",
        "coordinates": [
          91.9152988,
          22.5378226
        ]
      },
      "id": "node/5160528855"
    },
    {
      "type": "Feature",
      "properties": {
        "@id": "node/5166969488",
        "addr:city": "Sylhet",
        "amenity": "fire_station",
        "name": "Osmani Nogor Fire Station"
      },
      "geometry": {
        "type": "Point",
        "coordinates": [
          91.7511771,
          24.7206658
        ]
      },
      "id": "node/5166969488"
    },
    {
      "type": "Feature",
      "properties": {
        "@id": "node/5168792261",
        "amenity": "police",
        "name": "Check post Chakpost"
      },
      "geometry": {
        "type": "Point",
        "coordinates": [
          89.1965979,
          23.1445748
        ]
      },
      "id": "node/5168792261"
    },
    {
      "type": "Feature",
      "properties": {
        "@id": "node/5170946325",
        "addr:city": "Dhaka - Sylhet Hwy",
        "amenity": "police",
        "name": "Shaistaganj Police Fari"
      },
      "geometry": {
        "type": "Point",
        "coordinates": [
          91.481017,
          24.2755694
        ]
      },
      "id": "node/5170946325"
    },
    {
      "type": "Feature",
      "properties": {
        "@id": "node/5172415882",
        "amenity": "toilets"
      },
      "geometry": {
        "type": "Point",
        "coordinates": [
          89.1628765,
          23.5458333
        ]
      },
      "id": "node/5172415882"
    },
    {
      "type": "Feature",
      "properties": {
        "@id": "node/5172551430",
        "addr:city": "Dhaka - Sylhet Hwy, Madhabpur",
        "amenity": "fire_station",
        "name": "Madhabpur Fire Station"
      },
      "geometry": {
        "type": "Point",
        "coordinates": [
          91.2949238,
          24.0995081
        ]
      },
      "id": "node/5172551430"
    },
    {
      "type": "Feature",
      "properties": {
        "@id": "node/5174131897",
        "addr:city": "Dhaka - Sylhet Hwy",
        "amenity": "police",
        "name": "আশুগঞ্জ থানা",
        "name:en": "Ashuganj Police Station আশুগঞ্জ থানা"
      },
      "geometry": {
        "type": "Point",
        "coordinates": [
          91.0123757,
          24.0374262
        ]
      },
      "id": "node/5174131897"
    },
    {
      "type": "Feature",
      "properties": {
        "@id": "node/5179297885",
        "addr:street": "Police Line Rd",
        "amenity": "police",
        "name": "Barguna Police Line"
      },
      "geometry": {
        "type": "Point",
        "coordinates": [
          90.1319403,
          22.1526927
        ]
      },
      "id": "node/5179297885"
    },
    {
      "type": "Feature",
      "properties": {
        "@id": "node/5182946338",
        "amenity": "police",
        "name": "Highway Police Check Post হাইওয়ে পুলিশ চেক পোস্ট"
      },
      "geometry": {
        "type": "Point",
        "coordinates": [
          90.4048366,
          23.6747289
        ]
      },
      "id": "node/5182946338"
    },
    {
      "type": "Feature",
      "properties": {
        "@id": "node/5183049009",
        "addr:city": "Dhaka-Sylhet Hwy",
        "amenity": "police",
        "name": "পাঁচদোনা পুলিশ ফাড়ি"
      },
      "geometry": {
        "type": "Point",
        "coordinates": [
          90.664713,
          23.888701
        ]
      },
      "id": "node/5183049009"
    },
    {
      "type": "Feature",
      "properties": {
        "@id": "node/5199796149",
        "amenity": "police",
        "name": "Hajigonj Police Box"
      },
      "geometry": {
        "type": "Point",
        "coordinates": [
          90.5117682,
          23.6349182
        ]
      },
      "id": "node/5199796149"
    },
    {
      "type": "Feature",
      "properties": {
        "@id": "node/5203604387",
        "amenity": "police",
        "name": "R.A.B - 8, Patuakhali"
      },
      "geometry": {
        "type": "Point",
        "coordinates": [
          90.3386074,
          22.362107
        ]
      },
      "id": "node/5203604387"
    },
    {
      "type": "Feature",
      "properties": {
        "@id": "node/5205922321",
        "addr:postcode": "5420",
        "addr:street": "Thanapara",
        "amenity": "police",
        "name:en": "Taraganj Police Station",
        "opening_hours": "24/7"
      },
      "geometry": {
        "type": "Point",
        "coordinates": [
          89.009172,
          25.8150896
        ]
      },
      "id": "node/5205922321"
    },
    {
      "type": "Feature",
      "properties": {
        "@id": "node/5209549241",
        "amenity": "police",
        "name": "Traffic Police Box ট্রাফিক পুলিশ বক্স"
      },
      "geometry": {
        "type": "Point",
        "coordinates": [
          90.3820001,
          23.9897516
        ]
      },
      "id": "node/5209549241"
    },
    {
      "type": "Feature",
      "properties": {
        "@id": "node/5211894390",
        "amenity": "police",
        "name": "Mawna Highway Police Station মাওনা হাইওয়ে থানা"
      },
      "geometry": {
        "type": "Point",
        "coordinates": [
          90.4139061,
          24.2171503
        ]
      },
      "id": "node/5211894390"
    },
    {
      "type": "Feature",
      "properties": {
        "@id": "node/5215866623",
        "amenity": "toilets",
        "operator": "Public Bathroom পাবলিক টয়লেট"
      },
      "geometry": {
        "type": "Point",
        "coordinates": [
          90.3944488,
          24.5817592
        ]
      },
      "id": "node/5215866623"
    },
    {
      "type": "Feature",
      "properties": {
        "@id": "node/5217378222",
        "addr:postcode": "6271",
        "addr:street": "Hazi Jesaratullah Sarani",
        "amenity": "police",
        "name:en": "Office Of Assistant Superintendent of Police, Charghat Zone"
      },
      "geometry": {
        "type": "Point",
        "coordinates": [
          88.7488444,
          24.2892755
        ]
      },
      "id": "node/5217378222"
    },
    {
      "type": "Feature",
      "properties": {
        "@id": "node/5219443565",
        "amenity": "toilets",
        "operator": "Mymensigh Brige Public Toilet ময়মনসিংহ ব্রিগে পাবলিক টয়লেট"
      },
      "geometry": {
        "type": "Point",
        "coordinates": [
          90.4203084,
          24.7473462
        ]
      },
      "id": "node/5219443565"
    },
    {
      "type": "Feature",
      "properties": {
        "@id": "node/5222905085",
        "amenity": "police",
        "name": "Phulbari Police Station"
      },
      "geometry": {
        "type": "Point",
        "coordinates": [
          88.9625794,
          25.4984523
        ]
      },
      "id": "node/5222905085"
    },
    {
      "type": "Feature",
      "properties": {
        "@id": "node/5224399922",
        "amenity": "toilets"
      },
      "geometry": {
        "type": "Point",
        "coordinates": [
          90.4093041,
          23.7690484
        ]
      },
      "id": "node/5224399922"
    },
    {
      "type": "Feature",
      "properties": {
        "@id": "node/5224588542",
        "amenity": "police",
        "name": "তাড়াশ থানা"
      },
      "geometry": {
        "type": "Point",
        "coordinates": [
          89.3704493,
          24.4268136
        ]
      },
      "id": "node/5224588542"
    },
    {
      "type": "Feature",
      "properties": {
        "@id": "node/5224761462",
        "amenity": "police",
        "name": "সিরাজগঞ্জ থানা",
        "name:en": "Sirajganj Police Station"
      },
      "geometry": {
        "type": "Point",
        "coordinates": [
          89.7008562,
          24.45805
        ]
      },
      "id": "node/5224761462"
    },
    {
      "type": "Feature",
      "properties": {
        "@id": "node/5225734368",
        "addr:street": "Dhaka - Kuakata Hwy, Amtali",
        "amenity": "fire_station",
        "name": "Amtali Fire Station"
      },
      "geometry": {
        "type": "Point",
        "coordinates": [
          90.2334114,
          22.145039
        ]
      },
      "id": "node/5225734368"
    },
    {
      "type": "Feature",
      "properties": {
        "@id": "node/5228116113",
        "addr:city": "বোদা",
        "addr:postcode": "5010",
        "addr:street": "Police Station Road, Boda Bazar, Boda",
        "alt_name": "বোদা থানা",
        "amenity": "police",
        "loc_name": "বোদা থানা",
        "loc_name:en": "Boda Police Station",
        "name": "Boda Police Station - বোদা থানা",
        "name:bn": "বোদা থানা"
      },
      "geometry": {
        "type": "Point",
        "coordinates": [
          88.556903,
          26.1946504
        ]
      },
      "id": "node/5228116113"
    },
    {
      "type": "Feature",
      "properties": {
        "@id": "node/5233901522",
        "addr:postcode": "1211",
        "addr:street": "অর্ফানেজ রোড",
        "amenity": "fire_station",
        "name:en": "Lalbagh Fire Station",
        "opening_hours": "24/7",
        "phone": "+880 2-8619981",
        "website": "http://www.amarphonebook.com/details/Dhaka/Bangladesh-Fire-Service-And-Civil-Defence/1/80838"
      },
      "geometry": {
        "type": "Point",
        "coordinates": [
          90.3903229,
          23.7216219
        ]
      },
      "id": "node/5233901522"
    },
    {
      "type": "Feature",
      "properties": {
        "@id": "node/5234383132",
        "access": "permissive",
        "addr:street": "Bilbyaoch Rd",
        "amenity": "toilets",
        "changing_table": "yes",
        "check_date": "2025-03-22",
        "fee": "no",
        "name": "School's Washroom",
        "operator": "School Authority",
        "toilets:disposal": "pitlatrine",
        "wheelchair": "no"
      },
      "geometry": {
        "type": "Point",
        "coordinates": [
          89.6468552,
          23.0539207
        ]
      },
      "id": "node/5234383132"
    },
    {
      "type": "Feature",
      "properties": {
        "@id": "node/5237840603",
        "amenity": "police",
        "name": "Mohespur Police Station"
      },
      "geometry": {
        "type": "Point",
        "coordinates": [
          88.9153639,
          23.3582644
        ]
      },
      "id": "node/5237840603"
    },
    {
      "type": "Feature",
      "properties": {
        "@id": "node/5245106623",
        "amenity": "police",
        "name": "Jahangir Gate Police Box",
        "name:en": "Jahangir Gate Police Box"
      },
      "geometry": {
        "type": "Point",
        "coordinates": [
          90.3900466,
          23.7751535
        ]
      },
      "id": "node/5245106623"
    },
    {
      "type": "Feature",
      "properties": {
        "@id": "node/5254384411",
        "amenity": "police",
        "name": "Traffic Police Box",
        "source": "local knowledge",
        "wheelchair": "no"
      },
      "geometry": {
        "type": "Point",
        "coordinates": [
          90.3517731,
          23.7817493
        ]
      },
      "id": "node/5254384411"
    },
    {
      "type": "Feature",
      "properties": {
        "@id": "node/5285867019",
        "amenity": "fire_station"
      },
      "geometry": {
        "type": "Point",
        "coordinates": [
          89.5331682,
          22.8710127
        ]
      },
      "id": "node/5285867019"
    },
    {
      "type": "Feature",
      "properties": {
        "@id": "node/5286595625",
        "amenity": "toilets",
        "opening_hours": "Mo-Su 09:00-18:00",
        "operator": "Botanical Garden Dhaka"
      },
      "geometry": {
        "type": "Point",
        "coordinates": [
          90.3494471,
          23.8175224
        ]
      },
      "id": "node/5286595625"
    },
    {
      "type": "Feature",
      "properties": {
        "@id": "node/5304943490",
        "amenity": "fire_station",
        "name": "Fire Service & Civil Defence Station, Manikganj",
        "operator": "Government"
      },
      "geometry": {
        "type": "Point",
        "coordinates": [
          90.0017254,
          23.8515734
        ]
      },
      "id": "node/5304943490"
    },
    {
      "type": "Feature",
      "properties": {
        "@id": "node/5313001520",
        "amenity": "police",
        "name": "Dighalia Thana"
      },
      "geometry": {
        "type": "Point",
        "coordinates": [
          89.5344141,
          22.8907078
        ]
      },
      "id": "node/5313001520"
    },
    {
      "type": "Feature",
      "properties": {
        "@id": "node/5330457513",
        "amenity": "police",
        "name": "Khalishpur Thana",
        "operator": "Khulna Metropolitan Police"
      },
      "geometry": {
        "type": "Point",
        "coordinates": [
          89.5411553,
          22.8492173
        ]
      },
      "id": "node/5330457513"
    },
    {
      "type": "Feature",
      "properties": {
        "@id": "node/5331030672",
        "addr:city": "Comilla",
        "addr:postcode": "3500",
        "addr:street": "Gol Market Road",
        "amenity": "police",
        "name": "Housing Estate Police Fari"
      },
      "geometry": {
        "type": "Point",
        "coordinates": [
          91.1969171,
          23.4532111
        ]
      },
      "id": "node/5331030672"
    },
    {
      "type": "Feature",
      "properties": {
        "@id": "node/5341267703",
        "amenity": "police",
        "name": "Baroi para camp"
      },
      "geometry": {
        "type": "Point",
        "coordinates": [
          89.5499253,
          22.8710374
        ]
      },
      "id": "node/5341267703"
    },
    {
      "type": "Feature",
      "properties": {
        "@id": "node/5365128522",
        "amenity": "toilets",
        "check_date": "2026-01-09",
        "check_date:opening_hours": "2026-01-09",
        "check_date:wheelchair": "2026-01-09",
        "fee": "yes",
        "opening_hours": "Mo-Su 09:00-18:00",
        "wheelchair": "no"
      },
      "geometry": {
        "type": "Point",
        "coordinates": [
          90.3469187,
          23.8120873
        ]
      },
      "id": "node/5365128522"
    },
    {
      "type": "Feature",
      "properties": {
        "@id": "node/5434458052",
        "amenity": "police",
        "check_date": "2024-04-14",
        "name": "পুলিশ চেকপোস্ট",
        "name:bn": "পুলিশ চেকপোস্ট",
        "name:en": "Police Checkpost"
      },
      "geometry": {
        "type": "Point",
        "coordinates": [
          90.4081021,
          23.8500227
        ]
      },
      "id": "node/5434458052"
    },
    {
      "type": "Feature",
      "properties": {
        "@id": "node/5453227344",
        "amenity": "toilets",
        "unisex": "yes"
      },
      "geometry": {
        "type": "Point",
        "coordinates": [
          92.0779587,
          21.6788619
        ]
      },
      "id": "node/5453227344"
    },
    {
      "type": "Feature",
      "properties": {
        "@id": "node/5482600023",
        "amenity": "toilets",
        "description": "private, pit"
      },
      "geometry": {
        "type": "Point",
        "coordinates": [
          90.4003882,
          23.9200297
        ]
      },
      "id": "node/5482600023"
    },
    {
      "type": "Feature",
      "properties": {
        "@id": "node/5482602394",
        "amenity": "toilets",
        "description": "private, direct"
      },
      "geometry": {
        "type": "Point",
        "coordinates": [
          90.4003586,
          23.9200128
        ]
      },
      "id": "node/5482602394"
    },
    {
      "type": "Feature",
      "properties": {
        "@id": "node/5482660649",
        "amenity": "toilets",
        "description": "private, direct"
      },
      "geometry": {
        "type": "Point",
        "coordinates": [
          90.4001959,
          23.9199823
        ]
      },
      "id": "node/5482660649"
    },
    {
      "type": "Feature",
      "properties": {
        "@id": "node/5482660777",
        "amenity": "toilets",
        "description": "private, direct"
      },
      "geometry": {
        "type": "Point",
        "coordinates": [
          90.400299,
          23.9197841
        ]
      },
      "id": "node/5482660777"
    },
    {
      "type": "Feature",
      "properties": {
        "@id": "node/5483025349",
        "amenity": "toilets",
        "description": "private, direct"
      },
      "geometry": {
        "type": "Point",
        "coordinates": [
          90.3999651,
          23.9199915
        ]
      },
      "id": "node/5483025349"
    },
    {
      "type": "Feature",
      "properties": {
        "@id": "node/5483025350",
        "amenity": "toilets",
        "description": "private, direct"
      },
      "geometry": {
        "type": "Point",
        "coordinates": [
          90.4002108,
          23.9199577
        ]
      },
      "id": "node/5483025350"
    },
    {
      "type": "Feature",
      "properties": {
        "@id": "node/5483060493",
        "amenity": "toilets",
        "description": "private, direct"
      },
      "geometry": {
        "type": "Point",
        "coordinates": [
          90.4001044,
          23.9199548
        ]
      },
      "id": "node/5483060493"
    },
    {
      "type": "Feature",
      "properties": {
        "@id": "node/5483751460",
        "amenity": "toilets",
        "description": "private, direct"
      },
      "geometry": {
        "type": "Point",
        "coordinates": [
          90.40098,
          23.919785
        ]
      },
      "id": "node/5483751460"
    },
    {
      "type": "Feature",
      "properties": {
        "@id": "node/5483758719",
        "amenity": "toilets",
        "description": "private, direct"
      },
      "geometry": {
        "type": "Point",
        "coordinates": [
          90.4009083,
          23.91992
        ]
      },
      "id": "node/5483758719"
    },
    {
      "type": "Feature",
      "properties": {
        "@id": "node/5483870792",
        "amenity": "toilets",
        "description": "private, direct"
      },
      "geometry": {
        "type": "Point",
        "coordinates": [
          90.4012767,
          23.9199417
        ]
      },
      "id": "node/5483870792"
    },
    {
      "type": "Feature",
      "properties": {
        "@id": "node/5483870793",
        "amenity": "toilets",
        "description": "private, direct"
      },
      "geometry": {
        "type": "Point",
        "coordinates": [
          90.4013317,
          23.919925
        ]
      },
      "id": "node/5483870793"
    },
    {
      "type": "Feature",
      "properties": {
        "@id": "node/5483873349",
        "amenity": "toilets",
        "description": "private, direct"
      },
      "geometry": {
        "type": "Point",
        "coordinates": [
          90.4008833,
          23.9202617
        ]
      },
      "id": "node/5483873349"
    },
    {
      "type": "Feature",
      "properties": {
        "@id": "node/5483873351",
        "amenity": "toilets",
        "description": "private, direct"
      },
      "geometry": {
        "type": "Point",
        "coordinates": [
          90.401075,
          23.9202967
        ]
      },
      "id": "node/5483873351"
    },
    {
      "type": "Feature",
      "properties": {
        "@id": "node/5483878310",
        "amenity": "toilets",
        "description": "private, direct"
      },
      "geometry": {
        "type": "Point",
        "coordinates": [
          90.4011099,
          23.9201615
        ]
      },
      "id": "node/5483878310"
    },
    {
      "type": "Feature",
      "properties": {
        "@id": "node/5483878311",
        "amenity": "toilets",
        "description": "private, direct"
      },
      "geometry": {
        "type": "Point",
        "coordinates": [
          90.4010849,
          23.9200597
        ]
      },
      "id": "node/5483878311"
    },
    {
      "type": "Feature",
      "properties": {
        "@id": "node/5483878313",
        "amenity": "toilets",
        "description": "private, direct"
      },
      "geometry": {
        "type": "Point",
        "coordinates": [
          90.4009777,
          23.9200491
        ]
      },
      "id": "node/5483878313"
    },
    {
      "type": "Feature",
      "properties": {
        "@id": "node/5483878315",
        "amenity": "toilets",
        "description": "private, direct"
      },
      "geometry": {
        "type": "Point",
        "coordinates": [
          90.4009249,
          23.9200266
        ]
      },
      "id": "node/5483878315"
    },
    {
      "type": "Feature",
      "properties": {
        "@id": "node/5483878317",
        "amenity": "toilets",
        "description": "private, direct"
      },
      "geometry": {
        "type": "Point",
        "coordinates": [
          90.4007716,
          23.92011
        ]
      },
      "id": "node/5483878317"
    },
    {
      "type": "Feature",
      "properties": {
        "@id": "node/5483878318",
        "amenity": "toilets",
        "description": "private, direct"
      },
      "geometry": {
        "type": "Point",
        "coordinates": [
          90.4007767,
          23.9201034
        ]
      },
      "id": "node/5483878318"
    },
    {
      "type": "Feature",
      "properties": {
        "@id": "node/5483878319",
        "amenity": "toilets",
        "description": "private, direct"
      },
      "geometry": {
        "type": "Point",
        "coordinates": [
          90.4007683,
          23.9200867
        ]
      },
      "id": "node/5483878319"
    },
    {
      "type": "Feature",
      "properties": {
        "@id": "node/5483878928",
        "amenity": "toilets"
      },
      "geometry": {
        "type": "Point",
        "coordinates": [
          90.401169,
          23.920155
        ]
      },
      "id": "node/5483878928"
    },
    {
      "type": "Feature",
      "properties": {
        "@id": "node/5483879405",
        "amenity": "toilets"
      },
      "geometry": {
        "type": "Point",
        "coordinates": [
          90.4013864,
          23.9205656
        ]
      },
      "id": "node/5483879405"
    },
    {
      "type": "Feature",
      "properties": {
        "@id": "node/5483879407",
        "amenity": "toilets"
      },
      "geometry": {
        "type": "Point",
        "coordinates": [
          90.4012412,
          23.9205637
        ]
      },
      "id": "node/5483879407"
    },
    {
      "type": "Feature",
      "properties": {
        "@id": "node/5483879409",
        "amenity": "toilets",
        "description": "private, direct"
      },
      "geometry": {
        "type": "Point",
        "coordinates": [
          90.4012449,
          23.9199351
        ]
      },
      "id": "node/5483879409"
    },
    {
      "type": "Feature",
      "properties": {
        "@id": "node/5483879411",
        "amenity": "toilets",
        "description": "private, direct"
      },
      "geometry": {
        "type": "Point",
        "coordinates": [
          90.4011245,
          23.9199147
        ]
      },
      "id": "node/5483879411"
    },
    {
      "type": "Feature",
      "properties": {
        "@id": "node/5483881512",
        "amenity": "toilets"
      },
      "geometry": {
        "type": "Point",
        "coordinates": [
          90.4011837,
          23.9203749
        ]
      },
      "id": "node/5483881512"
    },
    {
      "type": "Feature",
      "properties": {
        "@id": "node/5483881514",
        "amenity": "toilets"
      },
      "geometry": {
        "type": "Point",
        "coordinates": [
          90.4011893,
          23.9204136
        ]
      },
      "id": "node/5483881514"
    },
    {
      "type": "Feature",
      "properties": {
        "@id": "node/5483881515",
        "amenity": "toilets"
      },
      "geometry": {
        "type": "Point",
        "coordinates": [
          90.4011856,
          23.9204378
        ]
      },
      "id": "node/5483881515"
    },
    {
      "type": "Feature",
      "properties": {
        "@id": "node/5483882205",
        "amenity": "toilets"
      },
      "geometry": {
        "type": "Point",
        "coordinates": [
          90.4013294,
          23.9200608
        ]
      },
      "id": "node/5483882205"
    },
    {
      "type": "Feature",
      "properties": {
        "@id": "node/5483882207",
        "amenity": "toilets"
      },
      "geometry": {
        "type": "Point",
        "coordinates": [
          90.4012255,
          23.9200964
        ]
      },
      "id": "node/5483882207"
    },
    {
      "type": "Feature",
      "properties": {
        "@id": "node/5483882209",
        "amenity": "toilets",
        "description": "private, direct"
      },
      "geometry": {
        "type": "Point",
        "coordinates": [
          90.4011027,
          23.9202006
        ]
      },
      "id": "node/5483882209"
    },
    {
      "type": "Feature",
      "properties": {
        "@id": "node/5483882211",
        "amenity": "toilets"
      },
      "geometry": {
        "type": "Point",
        "coordinates": [
          90.4011616,
          23.9202713
        ]
      },
      "id": "node/5483882211"
    },
    {
      "type": "Feature",
      "properties": {
        "@id": "node/5483882214",
        "amenity": "toilets"
      },
      "geometry": {
        "type": "Point",
        "coordinates": [
          90.4011164,
          23.9203576
        ]
      },
      "id": "node/5483882214"
    },
    {
      "type": "Feature",
      "properties": {
        "@id": "node/5483882215",
        "amenity": "toilets"
      },
      "geometry": {
        "type": "Point",
        "coordinates": [
          90.4012158,
          23.9203018
        ]
      },
      "id": "node/5483882215"
    },
    {
      "type": "Feature",
      "properties": {
        "@id": "node/5483882217",
        "amenity": "toilets"
      },
      "geometry": {
        "type": "Point",
        "coordinates": [
          90.4013234,
          23.9203883
        ]
      },
      "id": "node/5483882217"
    },
    {
      "type": "Feature",
      "properties": {
        "@id": "node/5483882219",
        "amenity": "toilets"
      },
      "geometry": {
        "type": "Point",
        "coordinates": [
          90.4012337,
          23.9203765
        ]
      },
      "id": "node/5483882219"
    },
    {
      "type": "Feature",
      "properties": {
        "@id": "node/5483884422",
        "amenity": "toilets"
      },
      "geometry": {
        "type": "Point",
        "coordinates": [
          90.4013402,
          23.9202323
        ]
      },
      "id": "node/5483884422"
    },
    {
      "type": "Feature",
      "properties": {
        "@id": "node/5483884425",
        "amenity": "toilets"
      },
      "geometry": {
        "type": "Point",
        "coordinates": [
          90.4013775,
          23.9202259
        ]
      },
      "id": "node/5483884425"
    },
    {
      "type": "Feature",
      "properties": {
        "@id": "node/5483884427",
        "amenity": "toilets"
      },
      "geometry": {
        "type": "Point",
        "coordinates": [
          90.4013103,
          23.9201544
        ]
      },
      "id": "node/5483884427"
    },
    {
      "type": "Feature",
      "properties": {
        "@id": "node/5483884429",
        "amenity": "toilets"
      },
      "geometry": {
        "type": "Point",
        "coordinates": [
          90.4011786,
          23.9199209
        ]
      },
      "id": "node/5483884429"
    },
    {
      "type": "Feature",
      "properties": {
        "@id": "node/5483884430",
        "amenity": "toilets",
        "description": "private, direct"
      },
      "geometry": {
        "type": "Point",
        "coordinates": [
          90.4011084,
          23.9199567
        ]
      },
      "id": "node/5483884430"
    },
    {
      "type": "Feature",
      "properties": {
        "@id": "node/5483884431",
        "amenity": "toilets"
      },
      "geometry": {
        "type": "Point",
        "coordinates": [
          90.4012264,
          23.919952
        ]
      },
      "id": "node/5483884431"
    },
    {
      "type": "Feature",
      "properties": {
        "@id": "node/5483884433",
        "amenity": "toilets"
      },
      "geometry": {
        "type": "Point",
        "coordinates": [
          90.4012527,
          23.9199786
        ]
      },
      "id": "node/5483884433"
    },
    {
      "type": "Feature",
      "properties": {
        "@id": "node/5483884435",
        "amenity": "toilets"
      },
      "geometry": {
        "type": "Point",
        "coordinates": [
          90.4012986,
          23.9199304
        ]
      },
      "id": "node/5483884435"
    },
    {
      "type": "Feature",
      "properties": {
        "@id": "node/5483884911",
        "amenity": "toilets",
        "source": "private, pit"
      },
      "geometry": {
        "type": "Point",
        "coordinates": [
          90.400401,
          23.9205204
        ]
      },
      "id": "node/5483884911"
    },
    {
      "type": "Feature",
      "properties": {
        "@id": "node/5483884912",
        "amenity": "toilets",
        "source": "private, direct"
      },
      "geometry": {
        "type": "Point",
        "coordinates": [
          90.4005005,
          23.9205634
        ]
      },
      "id": "node/5483884912"
    },
    {
      "type": "Feature",
      "properties": {
        "@id": "node/5483884913",
        "amenity": "toilets",
        "source": "private, direct"
      },
      "geometry": {
        "type": "Point",
        "coordinates": [
          90.4004698,
          23.920506
        ]
      },
      "id": "node/5483884913"
    },
    {
      "type": "Feature",
      "properties": {
        "@id": "node/5483884914",
        "amenity": "toilets",
        "source": "private, direct"
      },
      "geometry": {
        "type": "Point",
        "coordinates": [
          90.4004937,
          23.9204543
        ]
      },
      "id": "node/5483884914"
    },
    {
      "type": "Feature",
      "properties": {
        "@id": "node/5483884915",
        "amenity": "toilets",
        "source": "private, direct"
      },
      "geometry": {
        "type": "Point",
        "coordinates": [
          90.4005396,
          23.9204025
        ]
      },
      "id": "node/5483884915"
    },
    {
      "type": "Feature",
      "properties": {
        "@id": "node/5483886084",
        "amenity": "toilets",
        "description": "private, direct"
      },
      "geometry": {
        "type": "Point",
        "coordinates": [
          90.401118,
          23.9210992
        ]
      },
      "id": "node/5483886084"
    },
    {
      "type": "Feature",
      "properties": {
        "@id": "node/5483886875",
        "amenity": "toilets",
        "description": "private, direct"
      },
      "geometry": {
        "type": "Point",
        "coordinates": [
          90.4000937,
          23.9202446
        ]
      },
      "id": "node/5483886875"
    },
    {
      "type": "Feature",
      "properties": {
        "@id": "node/5483886876",
        "amenity": "toilets",
        "description": "private, safety tank"
      },
      "geometry": {
        "type": "Point",
        "coordinates": [
          90.4000612,
          23.9201979
        ]
      },
      "id": "node/5483886876"
    },
    {
      "type": "Feature",
      "properties": {
        "@id": "node/5483886877",
        "amenity": "toilets",
        "description": "private, direct"
      },
      "geometry": {
        "type": "Point",
        "coordinates": [
          90.4001658,
          23.9203352
        ]
      },
      "id": "node/5483886877"
    },
    {
      "type": "Feature",
      "properties": {
        "@id": "node/5483886878",
        "amenity": "toilets",
        "description": "private, direct"
      },
      "geometry": {
        "type": "Point",
        "coordinates": [
          90.4003343,
          23.9203205
        ]
      },
      "id": "node/5483886878"
    },
    {
      "type": "Feature",
      "properties": {
        "@id": "node/5483886879",
        "amenity": "toilets",
        "description": "private, direct"
      },
      "geometry": {
        "type": "Point",
        "coordinates": [
          90.400315,
          23.9202999
        ]
      },
      "id": "node/5483886879"
    },
    {
      "type": "Feature",
      "properties": {
        "@id": "node/5483886880",
        "amenity": "toilets",
        "description": "private, direct"
      },
      "geometry": {
        "type": "Point",
        "coordinates": [
          90.4003553,
          23.9203145
        ]
      },
      "id": "node/5483886880"
    },
    {
      "type": "Feature",
      "properties": {
        "@id": "node/5483886881",
        "amenity": "toilets",
        "source": "private, safety tank"
      },
      "geometry": {
        "type": "Point",
        "coordinates": [
          90.4003287,
          23.9204523
        ]
      },
      "id": "node/5483886881"
    },
    {
      "type": "Feature",
      "properties": {
        "@id": "node/5483886882",
        "amenity": "toilets",
        "source": "private, safety tank"
      },
      "geometry": {
        "type": "Point",
        "coordinates": [
          90.4003222,
          23.9204898
        ]
      },
      "id": "node/5483886882"
    },
    {
      "type": "Feature",
      "properties": {
        "@id": "node/5483886883",
        "amenity": "toilets",
        "description": "private, direct"
      },
      "geometry": {
        "type": "Point",
        "coordinates": [
          90.4002725,
          23.9204968
        ]
      },
      "id": "node/5483886883"
    },
    {
      "type": "Feature",
      "properties": {
        "@id": "node/5483886885",
        "amenity": "toilets"
      },
      "geometry": {
        "type": "Point",
        "coordinates": [
          90.4002108,
          23.9205715
        ]
      },
      "id": "node/5483886885"
    },
    {
      "type": "Feature",
      "properties": {
        "@id": "node/5483887954",
        "amenity": "toilets",
        "source": "private, direct"
      },
      "geometry": {
        "type": "Point",
        "coordinates": [
          90.4004494,
          23.9204158
        ]
      },
      "id": "node/5483887954"
    },
    {
      "type": "Feature",
      "properties": {
        "@id": "node/5483887955",
        "amenity": "toilets",
        "description": "private, direct"
      },
      "geometry": {
        "type": "Point",
        "coordinates": [
          90.4003059,
          23.9203881
        ]
      },
      "id": "node/5483887955"
    },
    {
      "type": "Feature",
      "properties": {
        "@id": "node/5483887956",
        "amenity": "toilets",
        "description": "private, direct"
      },
      "geometry": {
        "type": "Point",
        "coordinates": [
          90.4003457,
          23.9204395
        ]
      },
      "id": "node/5483887956"
    },
    {
      "type": "Feature",
      "properties": {
        "@id": "node/5483887977",
        "amenity": "toilets",
        "description": "private, direct"
      },
      "geometry": {
        "type": "Point",
        "coordinates": [
          90.4010165,
          23.9213434
        ]
      },
      "id": "node/5483887977"
    },
    {
      "type": "Feature",
      "properties": {
        "@id": "node/5483887979",
        "amenity": "toilets",
        "description": "private, direct"
      },
      "geometry": {
        "type": "Point",
        "coordinates": [
          90.4003103,
          23.9204273
        ]
      },
      "id": "node/5483887979"
    },
    {
      "type": "Feature",
      "properties": {
        "@id": "node/5483888742",
        "amenity": "toilets",
        "description": "private, direct"
      },
      "geometry": {
        "type": "Point",
        "coordinates": [
          90.4007416,
          23.9210334
        ]
      },
      "id": "node/5483888742"
    },
    {
      "type": "Feature",
      "properties": {
        "@id": "node/5483888743",
        "amenity": "toilets",
        "description": "private, direct"
      },
      "geometry": {
        "type": "Point",
        "coordinates": [
          90.4006497,
          23.9209988
        ]
      },
      "id": "node/5483888743"
    },
    {
      "type": "Feature",
      "properties": {
        "@id": "node/5483888745",
        "amenity": "toilets",
        "description": "private, safety tank"
      },
      "geometry": {
        "type": "Point",
        "coordinates": [
          90.4006106,
          23.9210485
        ]
      },
      "id": "node/5483888745"
    },
    {
      "type": "Feature",
      "properties": {
        "@id": "node/5483892606",
        "amenity": "toilets",
        "description": "private, direct"
      },
      "geometry": {
        "type": "Point",
        "coordinates": [
          90.4007733,
          23.9207033
        ]
      },
      "id": "node/5483892606"
    },
    {
      "type": "Feature",
      "properties": {
        "@id": "node/5483892608",
        "amenity": "toilets"
      },
      "geometry": {
        "type": "Point",
        "coordinates": [
          90.4007867,
          23.9209183
        ]
      },
      "id": "node/5483892608"
    },
    {
      "type": "Feature",
      "properties": {
        "@id": "node/5483892609",
        "amenity": "toilets",
        "description": "private, direct"
      },
      "geometry": {
        "type": "Point",
        "coordinates": [
          90.4008016,
          23.920925
        ]
      },
      "id": "node/5483892609"
    },
    {
      "type": "Feature",
      "properties": {
        "@id": "node/5483892612",
        "amenity": "toilets",
        "description": "private, direct"
      },
      "geometry": {
        "type": "Point",
        "coordinates": [
          90.4007596,
          23.9209413
        ]
      },
      "id": "node/5483892612"
    },
    {
      "type": "Feature",
      "properties": {
        "@id": "node/5483892613",
        "amenity": "toilets",
        "description": "private, direct"
      },
      "geometry": {
        "type": "Point",
        "coordinates": [
          90.4009954,
          23.9209187
        ]
      },
      "id": "node/5483892613"
    },
    {
      "type": "Feature",
      "properties": {
        "@id": "node/5483892615",
        "amenity": "toilets",
        "description": "private, direct"
      },
      "geometry": {
        "type": "Point",
        "coordinates": [
          90.4005981,
          23.9208599
        ]
      },
      "id": "node/5483892615"
    },
    {
      "type": "Feature",
      "properties": {
        "@id": "node/5483892618",
        "amenity": "toilets",
        "description": "private, direct"
      },
      "geometry": {
        "type": "Point",
        "coordinates": [
          90.40052,
          23.9207383
        ]
      },
      "id": "node/5483892618"
    },
    {
      "type": "Feature",
      "properties": {
        "@id": "node/5483892619",
        "amenity": "toilets"
      },
      "geometry": {
        "type": "Point",
        "coordinates": [
          90.4005834,
          23.9207211
        ]
      },
      "id": "node/5483892619"
    },
    {
      "type": "Feature",
      "properties": {
        "@id": "node/5483893421",
        "amenity": "toilets",
        "description": "private, direct"
      },
      "geometry": {
        "type": "Point",
        "coordinates": [
          90.4005633,
          23.92071
        ]
      },
      "id": "node/5483893421"
    },
    {
      "type": "Feature",
      "properties": {
        "@id": "node/5483893422",
        "amenity": "toilets",
        "description": "private, pit"
      },
      "geometry": {
        "type": "Point",
        "coordinates": [
          90.4002499,
          23.9207378
        ]
      },
      "id": "node/5483893422"
    },
    {
      "type": "Feature",
      "properties": {
        "@id": "node/5483893425",
        "amenity": "toilets",
        "description": "private, pit"
      },
      "geometry": {
        "type": "Point",
        "coordinates": [
          90.4003313,
          23.9208065
        ]
      },
      "id": "node/5483893425"
    },
    {
      "type": "Feature",
      "properties": {
        "@id": "node/5483893427",
        "amenity": "toilets",
        "description": "private, direct"
      },
      "geometry": {
        "type": "Point",
        "coordinates": [
          90.400635,
          23.9209452
        ]
      },
      "id": "node/5483893427"
    },
    {
      "type": "Feature",
      "properties": {
        "@id": "node/5483900122",
        "amenity": "toilets",
        "description": "private, direct"
      },
      "geometry": {
        "type": "Point",
        "coordinates": [
          90.4012455,
          23.9209787
        ]
      },
      "id": "node/5483900122"
    },
    {
      "type": "Feature",
      "properties": {
        "@id": "node/5483900123",
        "amenity": "toilets",
        "description": "private, direct"
      },
      "geometry": {
        "type": "Point",
        "coordinates": [
          90.4012378,
          23.9209685
        ]
      },
      "id": "node/5483900123"
    },
    {
      "type": "Feature",
      "properties": {
        "@id": "node/5483900124",
        "amenity": "toilets",
        "description": "private, direct"
      },
      "geometry": {
        "type": "Point",
        "coordinates": [
          90.4012567,
          23.9210492
        ]
      },
      "id": "node/5483900124"
    },
    {
      "type": "Feature",
      "properties": {
        "@id": "node/5483900128",
        "amenity": "toilets",
        "description": "safety tank",
        "source": "private ,direct"
      },
      "geometry": {
        "type": "Point",
        "coordinates": [
          90.4000985,
          23.919892
        ]
      },
      "id": "node/5483900128"
    },
    {
      "type": "Feature",
      "properties": {
        "@id": "node/5483900130",
        "amenity": "toilets",
        "description": "private, direct"
      },
      "geometry": {
        "type": "Point",
        "coordinates": [
          90.3999779,
          23.9200904
        ]
      },
      "id": "node/5483900130"
    },
    {
      "type": "Feature",
      "properties": {
        "@id": "node/5483900132",
        "amenity": "toilets",
        "description": "safety tank"
      },
      "geometry": {
        "type": "Point",
        "coordinates": [
          90.4000762,
          23.9201499
        ]
      },
      "id": "node/5483900132"
    },
    {
      "type": "Feature",
      "properties": {
        "@id": "node/5483900133",
        "amenity": "toilets",
        "description": "safety tank"
      },
      "geometry": {
        "type": "Point",
        "coordinates": [
          90.4000382,
          23.9200048
        ]
      },
      "id": "node/5483900133"
    },
    {
      "type": "Feature",
      "properties": {
        "@id": "node/5483900135",
        "amenity": "toilets",
        "description": "safety tank",
        "source": "private ,direct"
      },
      "geometry": {
        "type": "Point",
        "coordinates": [
          90.4001207,
          23.91995
        ]
      },
      "id": "node/5483900135"
    },
    {
      "type": "Feature",
      "properties": {
        "@id": "node/5483900136",
        "amenity": "toilets",
        "description": "safety tank"
      },
      "geometry": {
        "type": "Point",
        "coordinates": [
          90.4001831,
          23.9199781
        ]
      },
      "id": "node/5483900136"
    },
    {
      "type": "Feature",
      "properties": {
        "@id": "node/5483900138",
        "amenity": "toilets",
        "description": "safety tank",
        "source": "private ,direct"
      },
      "geometry": {
        "type": "Point",
        "coordinates": [
          90.4000673,
          23.920111
        ]
      },
      "id": "node/5483900138"
    },
    {
      "type": "Feature",
      "properties": {
        "@id": "node/5483900139",
        "amenity": "toilets",
        "description": "private, safety tank"
      },
      "geometry": {
        "type": "Point",
        "coordinates": [
          90.4001182,
          23.9200811
        ]
      },
      "id": "node/5483900139"
    },
    {
      "type": "Feature",
      "properties": {
        "@id": "node/5483900140",
        "amenity": "toilets",
        "description": "safety tank"
      },
      "geometry": {
        "type": "Point",
        "coordinates": [
          90.4001195,
          23.9200629
        ]
      },
      "id": "node/5483900140"
    },
    {
      "type": "Feature",
      "properties": {
        "@id": "node/5483900141",
        "amenity": "toilets",
        "description": "private, direct"
      },
      "geometry": {
        "type": "Point",
        "coordinates": [
          90.4002783,
          23.92007
        ]
      },
      "id": "node/5483900141"
    },
    {
      "type": "Feature",
      "properties": {
        "@id": "node/5483900142",
        "amenity": "toilets",
        "description": "safety tank"
      },
      "geometry": {
        "type": "Point",
        "coordinates": [
          90.4001845,
          23.9200786
        ]
      },
      "id": "node/5483900142"
    },
    {
      "type": "Feature",
      "properties": {
        "@id": "node/5483900143",
        "amenity": "toilets"
      },
      "geometry": {
        "type": "Point",
        "coordinates": [
          90.400465,
          23.9198717
        ]
      },
      "id": "node/5483900143"
    },
    {
      "type": "Feature",
      "properties": {
        "@id": "node/5483900145",
        "amenity": "toilets",
        "description": "private, direct"
      },
      "geometry": {
        "type": "Point",
        "coordinates": [
          90.4004678,
          23.9199612
        ]
      },
      "id": "node/5483900145"
    },
    {
      "type": "Feature",
      "properties": {
        "@id": "node/5483900148",
        "amenity": "toilets",
        "description": "private, safety tank"
      },
      "geometry": {
        "type": "Point",
        "coordinates": [
          90.4004264,
          23.9199548
        ]
      },
      "id": "node/5483900148"
    },
    {
      "type": "Feature",
      "properties": {
        "@id": "node/5483900150",
        "amenity": "toilets",
        "description": "private, pit"
      },
      "geometry": {
        "type": "Point",
        "coordinates": [
          90.4006733,
          23.9199734
        ]
      },
      "id": "node/5483900150"
    },
    {
      "type": "Feature",
      "properties": {
        "@id": "node/5483900151",
        "amenity": "toilets"
      },
      "geometry": {
        "type": "Point",
        "coordinates": [
          90.4006984,
          23.9198233
        ]
      },
      "id": "node/5483900151"
    },
    {
      "type": "Feature",
      "properties": {
        "@id": "node/5483900155",
        "amenity": "toilets"
      },
      "geometry": {
        "type": "Point",
        "coordinates": [
          90.4007696,
          23.9198551
        ]
      },
      "id": "node/5483900155"
    },
    {
      "type": "Feature",
      "properties": {
        "@id": "node/5483900156",
        "amenity": "toilets"
      },
      "geometry": {
        "type": "Point",
        "coordinates": [
          90.400795,
          23.9198233
        ]
      },
      "id": "node/5483900156"
    },
    {
      "type": "Feature",
      "properties": {
        "@id": "node/5483902500",
        "amenity": "toilets",
        "description": "private, direct"
      },
      "geometry": {
        "type": "Point",
        "coordinates": [
          90.4011809,
          23.9205874
        ]
      },
      "id": "node/5483902500"
    },
    {
      "type": "Feature",
      "properties": {
        "@id": "node/5483902501",
        "amenity": "toilets",
        "source": "private ,direct"
      },
      "geometry": {
        "type": "Point",
        "coordinates": [
          90.4011637,
          23.9204367
        ]
      },
      "id": "node/5483902501"
    },
    {
      "type": "Feature",
      "properties": {
        "@id": "node/5483902504",
        "amenity": "toilets",
        "description": "private ,direct"
      },
      "geometry": {
        "type": "Point",
        "coordinates": [
          90.4013794,
          23.9204584
        ]
      },
      "id": "node/5483902504"
    },
    {
      "type": "Feature",
      "properties": {
        "@id": "node/5483905967",
        "amenity": "toilets",
        "description": "private, direct"
      },
      "geometry": {
        "type": "Point",
        "coordinates": [
          90.4012308,
          23.9208883
        ]
      },
      "id": "node/5483905967"
    },
    {
      "type": "Feature",
      "properties": {
        "@id": "node/5483905970",
        "amenity": "toilets",
        "description": "private, direct"
      },
      "geometry": {
        "type": "Point",
        "coordinates": [
          90.4010915,
          23.9208737
        ]
      },
      "id": "node/5483905970"
    },
    {
      "type": "Feature",
      "properties": {
        "@id": "node/5483905971",
        "amenity": "toilets",
        "description": "private, direct"
      },
      "geometry": {
        "type": "Point",
        "coordinates": [
          90.4011393,
          23.9207784
        ]
      },
      "id": "node/5483905971"
    },
    {
      "type": "Feature",
      "properties": {
        "@id": "node/5483905972",
        "amenity": "toilets",
        "description": "private, direct"
      },
      "geometry": {
        "type": "Point",
        "coordinates": [
          90.4011651,
          23.9207798
        ]
      },
      "id": "node/5483905972"
    },
    {
      "type": "Feature",
      "properties": {
        "@id": "node/5483905973",
        "amenity": "toilets",
        "description": "private, direct"
      },
      "geometry": {
        "type": "Point",
        "coordinates": [
          90.4012077,
          23.920715
        ]
      },
      "id": "node/5483905973"
    },
    {
      "type": "Feature",
      "properties": {
        "@id": "node/5483905975",
        "amenity": "toilets",
        "description": "private, direct"
      },
      "geometry": {
        "type": "Point",
        "coordinates": [
          90.4012442,
          23.9206654
        ]
      },
      "id": "node/5483905975"
    },
    {
      "type": "Feature",
      "properties": {
        "@id": "node/5483905977",
        "amenity": "toilets",
        "description": "private, direct"
      },
      "geometry": {
        "type": "Point",
        "coordinates": [
          90.4013967,
          23.920617
        ]
      },
      "id": "node/5483905977"
    },
    {
      "type": "Feature",
      "properties": {
        "@id": "node/5483909759",
        "amenity": "toilets",
        "description": "private, direct"
      },
      "geometry": {
        "type": "Point",
        "coordinates": [
          90.4011295,
          23.9211058
        ]
      },
      "id": "node/5483909759"
    },
    {
      "type": "Feature",
      "properties": {
        "@id": "node/5483909762",
        "amenity": "toilets",
        "description": "safety tank"
      },
      "geometry": {
        "type": "Point",
        "coordinates": [
          90.4014528,
          23.9209589
        ]
      },
      "id": "node/5483909762"
    },
    {
      "type": "Feature",
      "properties": {
        "@id": "node/5483909763",
        "amenity": "toilets",
        "description": "safety tank"
      },
      "geometry": {
        "type": "Point",
        "coordinates": [
          90.4013826,
          23.9208245
        ]
      },
      "id": "node/5483909763"
    },
    {
      "type": "Feature",
      "properties": {
        "@id": "node/5483910262",
        "amenity": "toilets",
        "description": "private ,direct"
      },
      "geometry": {
        "type": "Point",
        "coordinates": [
          90.4012058,
          23.9203499
        ]
      },
      "id": "node/5483910262"
    },
    {
      "type": "Feature",
      "properties": {
        "@id": "node/5485066700",
        "amenity": "toilets",
        "description": "private, pit"
      },
      "geometry": {
        "type": "Point",
        "coordinates": [
          90.4006335,
          23.9214635
        ]
      },
      "id": "node/5485066700"
    },
    {
      "type": "Feature",
      "properties": {
        "@id": "node/5485066701",
        "amenity": "toilets",
        "description": "private, direct"
      },
      "geometry": {
        "type": "Point",
        "coordinates": [
          90.4006754,
          23.9214776
        ]
      },
      "id": "node/5485066701"
    },
    {
      "type": "Feature",
      "properties": {
        "@id": "node/5485066703",
        "amenity": "toilets",
        "description": "private, pit"
      },
      "geometry": {
        "type": "Point",
        "coordinates": [
          90.4005628,
          23.9213275
        ]
      },
      "id": "node/5485066703"
    },
    {
      "type": "Feature",
      "properties": {
        "@id": "node/5485066705",
        "amenity": "toilets",
        "description": "private, pit"
      },
      "geometry": {
        "type": "Point",
        "coordinates": [
          90.400635,
          23.9212911
        ]
      },
      "id": "node/5485066705"
    },
    {
      "type": "Feature",
      "properties": {
        "@id": "node/5485066709",
        "amenity": "toilets",
        "description": "private, safety tank"
      },
      "geometry": {
        "type": "Point",
        "coordinates": [
          90.4005615,
          23.9212077
        ]
      },
      "id": "node/5485066709"
    },
    {
      "type": "Feature",
      "properties": {
        "@id": "node/5485066712",
        "amenity": "toilets",
        "description": "private, pit"
      },
      "geometry": {
        "type": "Point",
        "coordinates": [
          90.4005416,
          23.921154
        ]
      },
      "id": "node/5485066712"
    },
    {
      "type": "Feature",
      "properties": {
        "@id": "node/5485066713",
        "amenity": "toilets",
        "description": "private, pit"
      },
      "geometry": {
        "type": "Point",
        "coordinates": [
          90.4005898,
          23.9211719
        ]
      },
      "id": "node/5485066713"
    },
    {
      "type": "Feature",
      "properties": {
        "@id": "node/5485066715",
        "amenity": "toilets",
        "description": "private, pit"
      },
      "geometry": {
        "type": "Point",
        "coordinates": [
          90.4004355,
          23.9211021
        ]
      },
      "id": "node/5485066715"
    },
    {
      "type": "Feature",
      "properties": {
        "@id": "node/5485066717",
        "amenity": "toilets",
        "description": "private,safety tank"
      },
      "geometry": {
        "type": "Point",
        "coordinates": [
          90.4005002,
          23.9209857
        ]
      },
      "id": "node/5485066717"
    },
    {
      "type": "Feature",
      "properties": {
        "@id": "node/5485071087",
        "amenity": "toilets",
        "description": "private, direct"
      },
      "geometry": {
        "type": "Point",
        "coordinates": [
          90.4006013,
          23.9209107
        ]
      },
      "id": "node/5485071087"
    },
    {
      "type": "Feature",
      "properties": {
        "@id": "node/5485071088",
        "amenity": "toilets",
        "description": "private, pit"
      },
      "geometry": {
        "type": "Point",
        "coordinates": [
          90.4005728,
          23.9208412
        ]
      },
      "id": "node/5485071088"
    },
    {
      "type": "Feature",
      "properties": {
        "@id": "node/5485071089",
        "amenity": "toilets",
        "description": "private, pit"
      },
      "geometry": {
        "type": "Point",
        "coordinates": [
          90.4003871,
          23.9208612
        ]
      },
      "id": "node/5485071089"
    },
    {
      "type": "Feature",
      "properties": {
        "@id": "node/5485079933",
        "amenity": "toilets",
        "description": "safe tank"
      },
      "geometry": {
        "type": "Point",
        "coordinates": [
          90.4003006,
          23.9205502
        ]
      },
      "id": "node/5485079933"
    },
    {
      "type": "Feature",
      "properties": {
        "@id": "node/5485079941",
        "amenity": "toilets"
      },
      "geometry": {
        "type": "Point",
        "coordinates": [
          90.4014526,
          23.9204509
        ]
      },
      "id": "node/5485079941"
    },
    {
      "type": "Feature",
      "properties": {
        "@id": "node/5485516688",
        "amenity": "toilets",
        "description": "private, pit"
      },
      "geometry": {
        "type": "Point",
        "coordinates": [
          90.4004256,
          23.9207721
        ]
      },
      "id": "node/5485516688"
    },
    {
      "type": "Feature",
      "properties": {
        "@id": "node/5485528790",
        "amenity": "toilets",
        "description": "private, direct"
      },
      "geometry": {
        "type": "Point",
        "coordinates": [
          90.4013116,
          23.9199084
        ]
      },
      "id": "node/5485528790"
    },
    {
      "type": "Feature",
      "properties": {
        "@id": "node/5485670942",
        "amenity": "toilets",
        "description": "private, direct"
      },
      "geometry": {
        "type": "Point",
        "coordinates": [
          90.4002339,
          23.9204171
        ]
      },
      "id": "node/5485670942"
    },
    {
      "type": "Feature",
      "properties": {
        "@id": "node/5492670069",
        "amenity": "toilets"
      },
      "geometry": {
        "type": "Point",
        "coordinates": [
          90.401296,
          23.9208784
        ]
      },
      "id": "node/5492670069"
    },
    {
      "type": "Feature",
      "properties": {
        "@id": "node/5492670070",
        "amenity": "toilets"
      },
      "geometry": {
        "type": "Point",
        "coordinates": [
          90.4014352,
          23.9211469
        ]
      },
      "id": "node/5492670070"
    },
    {
      "type": "Feature",
      "properties": {
        "@id": "node/5492670073",
        "amenity": "toilets"
      },
      "geometry": {
        "type": "Point",
        "coordinates": [
          90.4012512,
          23.9210911
        ]
      },
      "id": "node/5492670073"
    },
    {
      "type": "Feature",
      "properties": {
        "@id": "node/5492670075",
        "amenity": "toilets"
      },
      "geometry": {
        "type": "Point",
        "coordinates": [
          90.4011487,
          23.9211548
        ]
      },
      "id": "node/5492670075"
    },
    {
      "type": "Feature",
      "properties": {
        "@id": "node/5492670076",
        "amenity": "toilets"
      },
      "geometry": {
        "type": "Point",
        "coordinates": [
          90.4009967,
          23.921132
        ]
      },
      "id": "node/5492670076"
    },
    {
      "type": "Feature",
      "properties": {
        "@id": "node/5492670079",
        "amenity": "toilets"
      },
      "geometry": {
        "type": "Point",
        "coordinates": [
          90.4008731,
          23.9212235
        ]
      },
      "id": "node/5492670079"
    },
    {
      "type": "Feature",
      "properties": {
        "@id": "node/5492670081",
        "amenity": "toilets"
      },
      "geometry": {
        "type": "Point",
        "coordinates": [
          90.4008058,
          23.9210278
        ]
      },
      "id": "node/5492670081"
    },
    {
      "type": "Feature",
      "properties": {
        "@id": "node/5492670083",
        "amenity": "toilets"
      },
      "geometry": {
        "type": "Point",
        "coordinates": [
          90.400797,
          23.9206976
        ]
      },
      "id": "node/5492670083"
    },
    {
      "type": "Feature",
      "properties": {
        "@id": "node/5492670085",
        "amenity": "toilets"
      },
      "geometry": {
        "type": "Point",
        "coordinates": [
          90.4010563,
          23.9207295
        ]
      },
      "id": "node/5492670085"
    },
    {
      "type": "Feature",
      "properties": {
        "@id": "node/5492670086",
        "amenity": "toilets"
      },
      "geometry": {
        "type": "Point",
        "coordinates": [
          90.4012962,
          23.9205721
        ]
      },
      "id": "node/5492670086"
    },
    {
      "type": "Feature",
      "properties": {
        "@id": "node/5492670088",
        "amenity": "toilets"
      },
      "geometry": {
        "type": "Point",
        "coordinates": [
          90.4014894,
          23.9207786
        ]
      },
      "id": "node/5492670088"
    },
    {
      "type": "Feature",
      "properties": {
        "@id": "node/5492670090",
        "amenity": "toilets"
      },
      "geometry": {
        "type": "Point",
        "coordinates": [
          90.4015392,
          23.9208684
        ]
      },
      "id": "node/5492670090"
    },
    {
      "type": "Feature",
      "properties": {
        "@id": "node/5492670093",
        "amenity": "toilets"
      },
      "geometry": {
        "type": "Point",
        "coordinates": [
          90.4014704,
          23.9205358
        ]
      },
      "id": "node/5492670093"
    },
    {
      "type": "Feature",
      "properties": {
        "@id": "node/5492670095",
        "amenity": "toilets"
      },
      "geometry": {
        "type": "Point",
        "coordinates": [
          90.4009754,
          23.9204964
        ]
      },
      "id": "node/5492670095"
    },
    {
      "type": "Feature",
      "properties": {
        "@id": "node/5492670096",
        "amenity": "toilets"
      },
      "geometry": {
        "type": "Point",
        "coordinates": [
          90.4008788,
          23.9206443
        ]
      },
      "id": "node/5492670096"
    },
    {
      "type": "Feature",
      "properties": {
        "@id": "node/5492670098",
        "amenity": "toilets"
      },
      "geometry": {
        "type": "Point",
        "coordinates": [
          90.4009962,
          23.9205833
        ]
      },
      "id": "node/5492670098"
    },
    {
      "type": "Feature",
      "properties": {
        "@id": "node/5520407821",
        "addr:housenumber": "59",
        "addr:postcode": "1211",
        "addr:street": "Urdu Road",
        "amenity": "police",
        "name:en": "Chalk Bazar Model Thana (AC & ADC Office)",
        "opening_hours": "24/7",
        "phone": "+88027313966"
      },
      "geometry": {
        "type": "Point",
        "coordinates": [
          90.3958261,
          23.7170111
        ]
      },
      "id": "node/5520407821"
    },
    {
      "type": "Feature",
      "properties": {
        "@id": "node/5520407822",
        "addr:housenumber": "59",
        "addr:postcode": "1211",
        "addr:street": "Urdu Road",
        "amenity": "police",
        "name:en": "Chalk Bazar Model Thana",
        "opening_hours": "24/7",
        "phone": "+88027313966"
      },
      "geometry": {
        "type": "Point",
        "coordinates": [
          90.3957488,
          23.7171426
        ]
      },
      "id": "node/5520407822"
    },
    {
      "type": "Feature",
      "properties": {
        "@id": "node/5552937721",
        "addr:street": "Kalsi Road",
        "amenity": "police"
      },
      "geometry": {
        "type": "Point",
        "coordinates": [
          90.3673785,
          23.823088
        ]
      },
      "id": "node/5552937721"
    },
    {
      "type": "Feature",
      "properties": {
        "@id": "node/5580060333",
        "addr:street": "Barisal - Dumki - Bauphal Highway",
        "amenity": "police",
        "author": "killa",
        "name": "Bauphal Police Station",
        "opening_hours": "24/7"
      },
      "geometry": {
        "type": "Point",
        "coordinates": [
          90.5585814,
          22.4165964
        ]
      },
      "id": "node/5580060333"
    },
    {
      "type": "Feature",
      "properties": {
        "@id": "node/5580070464",
        "amenity": "fire_station",
        "name": "Bauphal Fire Station"
      },
      "geometry": {
        "type": "Point",
        "coordinates": [
          90.5689298,
          22.4092997
        ]
      },
      "id": "node/5580070464"
    },
    {
      "type": "Feature",
      "properties": {
        "@id": "node/5587529963",
        "addr:city": "Sreemangal",
        "addr:postcode": "3210",
        "amenity": "police",
        "name": "Rapid Action Battalion (RAB) 9",
        "name:bn": "র‍্যাপিড অ্যাকশন ব্যাটালিয়ান (র‌্যাব) ৯"
      },
      "geometry": {
        "type": "Point",
        "coordinates": [
          91.7251863,
          24.30851
        ]
      },
      "id": "node/5587529963"
    },
    {
      "type": "Feature",
      "properties": {
        "@id": "node/5599933249",
        "access": "private",
        "amenity": "toilets",
        "changing_table": "yes",
        "operator": "Medakacchapia National Park Co-Management Committee",
        "toilets:disposal": "pitlatrine"
      },
      "geometry": {
        "type": "Point",
        "coordinates": [
          92.077144,
          21.6278655
        ]
      },
      "id": "node/5599933249"
    },
    {
      "type": "Feature",
      "properties": {
        "@id": "node/5622153381",
        "addr:city": "dhaka",
        "addr:country": "BD",
        "addr:suburb": "korail",
        "amenity": "toilets"
      },
      "geometry": {
        "type": "Point",
        "coordinates": [
          90.4116139,
          23.7824946
        ]
      },
      "id": "node/5622153381"
    },
    {
      "type": "Feature",
      "properties": {
        "@id": "node/5622153392",
        "amenity": "toilets"
      },
      "geometry": {
        "type": "Point",
        "coordinates": [
          90.4116874,
          23.7857059
        ]
      },
      "id": "node/5622153392"
    },
    {
      "type": "Feature",
      "properties": {
        "@id": "node/5622153396",
        "amenity": "toilets"
      },
      "geometry": {
        "type": "Point",
        "coordinates": [
          90.40627,
          23.7836129
        ]
      },
      "id": "node/5622153396"
    },
    {
      "type": "Feature",
      "properties": {
        "@id": "node/5622153397",
        "addr:city": "dhaka",
        "addr:country": "BD",
        "amenity": "toilets"
      },
      "geometry": {
        "type": "Point",
        "coordinates": [
          90.4091227,
          23.7838245
        ]
      },
      "id": "node/5622153397"
    },
    {
      "type": "Feature",
      "properties": {
        "@id": "node/5622153433",
        "amenity": "toilets"
      },
      "geometry": {
        "type": "Point",
        "coordinates": [
          90.4112333,
          23.7867115
        ]
      },
      "id": "node/5622153433"
    },
    {
      "type": "Feature",
      "properties": {
        "@id": "node/5622153447",
        "amenity": "toilets"
      },
      "geometry": {
        "type": "Point",
        "coordinates": [
          90.4117336,
          23.7860258
        ]
      },
      "id": "node/5622153447"
    },
    {
      "type": "Feature",
      "properties": {
        "@id": "node/5622153448",
        "addr:city": "dhaka",
        "addr:country": "BD",
        "addr:suburb": "korail",
        "amenity": "toilets"
      },
      "geometry": {
        "type": "Point",
        "coordinates": [
          90.4125034,
          23.7829522
        ]
      },
      "id": "node/5622153448"
    },
    {
      "type": "Feature",
      "properties": {
        "@id": "node/5622153468",
        "addr:city": "dhaka",
        "addr:country": "BD",
        "amenity": "toilets"
      },
      "geometry": {
        "type": "Point",
        "coordinates": [
          90.4099797,
          23.781995
        ]
      },
      "id": "node/5622153468"
    },
    {
      "type": "Feature",
      "properties": {
        "@id": "node/5622153491",
        "amenity": "toilets"
      },
      "geometry": {
        "type": "Point",
        "coordinates": [
          90.4120906,
          23.7847696
        ]
      },
      "id": "node/5622153491"
    },
    {
      "type": "Feature",
      "properties": {
        "@id": "node/5622153508",
        "amenity": "toilets",
        "name": "Private Washroom"
      },
      "geometry": {
        "type": "Point",
        "coordinates": [
          90.4120666,
          23.78475
        ]
      },
      "id": "node/5622153508"
    },
    {
      "type": "Feature",
      "properties": {
        "@id": "node/5622153510",
        "amenity": "toilets"
      },
      "geometry": {
        "type": "Point",
        "coordinates": [
          90.4116117,
          23.782498
        ]
      },
      "id": "node/5622153510"
    },
    {
      "type": "Feature",
      "properties": {
        "@id": "node/5622153513",
        "addr:city": "dhaka",
        "addr:country": "BD",
        "addr:postcode": "1213.0",
        "addr:suburb": "korail",
        "amenity": "toilets"
      },
      "geometry": {
        "type": "Point",
        "coordinates": [
          90.4068292,
          23.7835248
        ]
      },
      "id": "node/5622153513"
    },
    {
      "type": "Feature",
      "properties": {
        "@id": "node/5622153830",
        "amenity": "toilets"
      },
      "geometry": {
        "type": "Point",
        "coordinates": [
          90.4105891,
          23.7851613
        ]
      },
      "id": "node/5622153830"
    },
    {
      "type": "Feature",
      "properties": {
        "@id": "node/5622153831",
        "amenity": "toilets",
        "name": "Private Washroom"
      },
      "geometry": {
        "type": "Point",
        "coordinates": [
          90.4116962,
          23.7855143
        ]
      },
      "id": "node/5622153831"
    },
    {
      "type": "Feature",
      "properties": {
        "@id": "node/5622153832",
        "addr:city": "dhaka",
        "addr:country": "BD",
        "addr:postcode": "1213.0",
        "addr:suburb": "korail",
        "amenity": "toilets"
      },
      "geometry": {
        "type": "Point",
        "coordinates": [
          90.4074428,
          23.7834735
        ]
      },
      "id": "node/5622153832"
    },
    {
      "type": "Feature",
      "properties": {
        "@id": "node/5622153844",
        "amenity": "toilets"
      },
      "geometry": {
        "type": "Point",
        "coordinates": [
          90.4115598,
          23.7833659
        ]
      },
      "id": "node/5622153844"
    },
    {
      "type": "Feature",
      "properties": {
        "@id": "node/5622153857",
        "amenity": "toilets"
      },
      "geometry": {
        "type": "Point",
        "coordinates": [
          90.4134666,
          23.7857028
        ]
      },
      "id": "node/5622153857"
    },
    {
      "type": "Feature",
      "properties": {
        "@id": "node/5622153865",
        "addr:city": "dhaka",
        "addr:country": "BD",
        "addr:suburb": "korail",
        "amenity": "toilets",
        "name": "Private Washroom"
      },
      "geometry": {
        "type": "Point",
        "coordinates": [
          90.4120893,
          23.7838096
        ]
      },
      "id": "node/5622153865"
    },
    {
      "type": "Feature",
      "properties": {
        "@id": "node/5622153866",
        "amenity": "toilets"
      },
      "geometry": {
        "type": "Point",
        "coordinates": [
          90.4113791,
          23.7865821
        ]
      },
      "id": "node/5622153866"
    },
    {
      "type": "Feature",
      "properties": {
        "@id": "node/5622153879",
        "amenity": "toilets"
      },
      "geometry": {
        "type": "Point",
        "coordinates": [
          90.4133757,
          23.7858213
        ]
      },
      "id": "node/5622153879"
    },
    {
      "type": "Feature",
      "properties": {
        "@id": "node/5622153883",
        "amenity": "toilets"
      },
      "geometry": {
        "type": "Point",
        "coordinates": [
          90.411469,
          23.7829818
        ]
      },
      "id": "node/5622153883"
    },
    {
      "type": "Feature",
      "properties": {
        "@id": "node/5622153914",
        "amenity": "toilets"
      },
      "geometry": {
        "type": "Point",
        "coordinates": [
          90.4119886,
          23.7850736
        ]
      },
      "id": "node/5622153914"
    },
    {
      "type": "Feature",
      "properties": {
        "@id": "node/5622154236",
        "amenity": "toilets"
      },
      "geometry": {
        "type": "Point",
        "coordinates": [
          90.4129677,
          23.7839287
        ]
      },
      "id": "node/5622154236"
    },
    {
      "type": "Feature",
      "properties": {
        "@id": "node/5622154257",
        "amenity": "toilets"
      },
      "geometry": {
        "type": "Point",
        "coordinates": [
          90.4127696,
          23.7858123
        ]
      },
      "id": "node/5622154257"
    },
    {
      "type": "Feature",
      "properties": {
        "@id": "node/5622154262",
        "addr:city": "dhaka",
        "addr:country": "BD",
        "addr:suburb": "korail",
        "amenity": "toilets"
      },
      "geometry": {
        "type": "Point",
        "coordinates": [
          90.4127342,
          23.7849677
        ]
      },
      "id": "node/5622154262"
    },
    {
      "type": "Feature",
      "properties": {
        "@id": "node/5622154264",
        "addr:city": "dhaka",
        "addr:country": "BD",
        "addr:suburb": "korail",
        "amenity": "toilets",
        "name": "Private Washroom"
      },
      "geometry": {
        "type": "Point",
        "coordinates": [
          90.4119973,
          23.7839218
        ]
      },
      "id": "node/5622154264"
    },
    {
      "type": "Feature",
      "properties": {
        "@id": "node/5622154268",
        "addr:city": "dhaka",
        "addr:country": "BD",
        "addr:suburb": "korail",
        "amenity": "toilets"
      },
      "geometry": {
        "type": "Point",
        "coordinates": [
          90.4117445,
          23.7822775
        ]
      },
      "id": "node/5622154268"
    },
    {
      "type": "Feature",
      "properties": {
        "@id": "node/5622154279",
        "amenity": "toilets"
      },
      "geometry": {
        "type": "Point",
        "coordinates": [
          90.412171,
          23.785616
        ]
      },
      "id": "node/5622154279"
    },
    {
      "type": "Feature",
      "properties": {
        "@id": "node/5622154295",
        "amenity": "toilets"
      },
      "geometry": {
        "type": "Point",
        "coordinates": [
          90.4088941,
          23.7841177
        ]
      },
      "id": "node/5622154295"
    },
    {
      "type": "Feature",
      "properties": {
        "@id": "node/5622154311",
        "addr:city": "dhaka",
        "addr:country": "BD",
        "addr:postcode": "1213.0",
        "addr:suburb": "korail",
        "amenity": "toilets"
      },
      "geometry": {
        "type": "Point",
        "coordinates": [
          90.4072376,
          23.7831163
        ]
      },
      "id": "node/5622154311"
    },
    {
      "type": "Feature",
      "properties": {
        "@id": "node/5622154478",
        "addr:city": "dhaka",
        "addr:country": "BD",
        "addr:suburb": "korail",
        "amenity": "toilets"
      },
      "geometry": {
        "type": "Point",
        "coordinates": [
          90.4125657,
          23.7849514
        ]
      },
      "id": "node/5622154478"
    },
    {
      "type": "Feature",
      "properties": {
        "@id": "node/5622154494",
        "addr:city": "dhaka",
        "addr:country": "BD",
        "addr:suburb": "korail",
        "amenity": "toilets"
      },
      "geometry": {
        "type": "Point",
        "coordinates": [
          90.4122188,
          23.783394
        ]
      },
      "id": "node/5622154494"
    },
    {
      "type": "Feature",
      "properties": {
        "@id": "node/5622154513",
        "addr:city": "dhaka",
        "addr:country": "BD",
        "addr:suburb": "korail",
        "amenity": "toilets"
      },
      "geometry": {
        "type": "Point",
        "coordinates": [
          90.4130723,
          23.7842853
        ]
      },
      "id": "node/5622154513"
    },
    {
      "type": "Feature",
      "properties": {
        "@id": "node/5622154632",
        "addr:city": "dhaka",
        "addr:country": "BD",
        "addr:suburb": "korail",
        "amenity": "toilets"
      },
      "geometry": {
        "type": "Point",
        "coordinates": [
          90.4125116,
          23.784443
        ]
      },
      "id": "node/5622154632"
    },
    {
      "type": "Feature",
      "properties": {
        "@id": "node/5622154665",
        "amenity": "toilets"
      },
      "geometry": {
        "type": "Point",
        "coordinates": [
          90.4119699,
          23.7823934
        ]
      },
      "id": "node/5622154665"
    },
    {
      "type": "Feature",
      "properties": {
        "@id": "node/5622154673",
        "amenity": "toilets"
      },
      "geometry": {
        "type": "Point",
        "coordinates": [
          90.409597,
          23.7832611
        ]
      },
      "id": "node/5622154673"
    },
    {
      "type": "Feature",
      "properties": {
        "@id": "node/5622154678",
        "amenity": "toilets"
      },
      "geometry": {
        "type": "Point",
        "coordinates": [
          90.4121355,
          23.784846
        ]
      },
      "id": "node/5622154678"
    },
    {
      "type": "Feature",
      "properties": {
        "@id": "node/5622154716",
        "amenity": "toilets"
      },
      "geometry": {
        "type": "Point",
        "coordinates": [
          90.4121041,
          23.7833404
        ]
      },
      "id": "node/5622154716"
    },
    {
      "type": "Feature",
      "properties": {
        "@id": "node/5622154838",
        "amenity": "toilets",
        "name": "Private Washroom"
      },
      "geometry": {
        "type": "Point",
        "coordinates": [
          90.4121624,
          23.7848463
        ]
      },
      "id": "node/5622154838"
    },
    {
      "type": "Feature",
      "properties": {
        "@id": "node/5622154853",
        "addr:country": "BD",
        "amenity": "toilets"
      },
      "geometry": {
        "type": "Point",
        "coordinates": [
          90.4125232,
          23.7836128
        ]
      },
      "id": "node/5622154853"
    },
    {
      "type": "Feature",
      "properties": {
        "@id": "node/5622154863",
        "amenity": "toilets"
      },
      "geometry": {
        "type": "Point",
        "coordinates": [
          90.412375,
          23.7844135
        ]
      },
      "id": "node/5622154863"
    },
    {
      "type": "Feature",
      "properties": {
        "@id": "node/5622154865",
        "amenity": "toilets"
      },
      "geometry": {
        "type": "Point",
        "coordinates": [
          90.4115551,
          23.7845741
        ]
      },
      "id": "node/5622154865"
    },
    {
      "type": "Feature",
      "properties": {
        "@id": "node/5622155026",
        "addr:city": "dhaka",
        "addr:country": "BD",
        "addr:suburb": "korail",
        "amenity": "toilets"
      },
      "geometry": {
        "type": "Point",
        "coordinates": [
          90.4121131,
          23.7833221
        ]
      },
      "id": "node/5622155026"
    },
    {
      "type": "Feature",
      "properties": {
        "@id": "node/5622155029",
        "addr:city": "dhaka",
        "addr:country": "BD",
        "addr:suburb": "korail",
        "amenity": "toilets",
        "name": "Private Washroom"
      },
      "geometry": {
        "type": "Point",
        "coordinates": [
          90.4114729,
          23.7829753
        ]
      },
      "id": "node/5622155029"
    },
    {
      "type": "Feature",
      "properties": {
        "@id": "node/5622155031",
        "addr:city": "dhaka",
        "addr:country": "BD",
        "amenity": "toilets"
      },
      "geometry": {
        "type": "Point",
        "coordinates": [
          90.4076223,
          23.7824613
        ]
      },
      "id": "node/5622155031"
    },
    {
      "type": "Feature",
      "properties": {
        "@id": "node/5622155034",
        "amenity": "toilets"
      },
      "geometry": {
        "type": "Point",
        "coordinates": [
          90.4123975,
          23.7841244
        ]
      },
      "id": "node/5622155034"
    },
    {
      "type": "Feature",
      "properties": {
        "@id": "node/5622155061",
        "amenity": "toilets"
      },
      "geometry": {
        "type": "Point",
        "coordinates": [
          90.4125601,
          23.7838794
        ]
      },
      "id": "node/5622155061"
    },
    {
      "type": "Feature",
      "properties": {
        "@id": "node/5622155102",
        "addr:city": "dhaka",
        "addr:country": "BD",
        "amenity": "toilets"
      },
      "geometry": {
        "type": "Point",
        "coordinates": [
          90.4074606,
          23.7827078
        ]
      },
      "id": "node/5622155102"
    },
    {
      "type": "Feature",
      "properties": {
        "@id": "node/5622155103",
        "amenity": "toilets"
      },
      "geometry": {
        "type": "Point",
        "coordinates": [
          90.4129569,
          23.7858241
        ]
      },
      "id": "node/5622155103"
    },
    {
      "type": "Feature",
      "properties": {
        "@id": "node/5622155119",
        "addr:country": "BD",
        "amenity": "toilets"
      },
      "geometry": {
        "type": "Point",
        "coordinates": [
          90.4126842,
          23.7832011
        ]
      },
      "id": "node/5622155119"
    },
    {
      "type": "Feature",
      "properties": {
        "@id": "node/5622155662",
        "addr:city": "dhaka",
        "addr:country": "BD",
        "addr:suburb": "korail",
        "amenity": "toilets"
      },
      "geometry": {
        "type": "Point",
        "coordinates": [
          90.4122196,
          23.7831838
        ]
      },
      "id": "node/5622155662"
    },
    {
      "type": "Feature",
      "properties": {
        "@id": "node/5622155669",
        "addr:country": "BD",
        "amenity": "toilets"
      },
      "geometry": {
        "type": "Point",
        "coordinates": [
          90.4126611,
          23.7832294
        ]
      },
      "id": "node/5622155669"
    },
    {
      "type": "Feature",
      "properties": {
        "@id": "node/5622155674",
        "addr:city": "dhaka",
        "addr:country": "BD",
        "addr:postcode": "1213.0",
        "addr:suburb": "korail",
        "amenity": "toilets",
        "name": "Urban community latrine"
      },
      "geometry": {
        "type": "Point",
        "coordinates": [
          90.4071966,
          23.7834312
        ]
      },
      "id": "node/5622155674"
    },
    {
      "type": "Feature",
      "properties": {
        "@id": "node/5622155691",
        "amenity": "toilets",
        "name": "Private Washroom"
      },
      "geometry": {
        "type": "Point",
        "coordinates": [
          90.4123993,
          23.7841201
        ]
      },
      "id": "node/5622155691"
    },
    {
      "type": "Feature",
      "properties": {
        "@id": "node/5622156235",
        "amenity": "toilets"
      },
      "geometry": {
        "type": "Point",
        "coordinates": [
          90.4070641,
          23.7837402
        ]
      },
      "id": "node/5622156235"
    },
    {
      "type": "Feature",
      "properties": {
        "@id": "node/5622156244",
        "addr:city": "dhaka",
        "addr:country": "BD",
        "addr:postcode": "1213.0",
        "addr:suburb": "korail",
        "amenity": "toilets"
      },
      "geometry": {
        "type": "Point",
        "coordinates": [
          90.4071545,
          23.783154
        ]
      },
      "id": "node/5622156244"
    },
    {
      "type": "Feature",
      "properties": {
        "@id": "node/5622156269",
        "addr:city": "dhaka",
        "addr:country": "BD",
        "addr:suburb": "korail",
        "amenity": "toilets",
        "name": "Karail Bosti Toilet Point"
      },
      "geometry": {
        "type": "Point",
        "coordinates": [
          90.4108017,
          23.7826973
        ]
      },
      "id": "node/5622156269"
    },
    {
      "type": "Feature",
      "properties": {
        "@id": "node/5622156273",
        "amenity": "toilets"
      },
      "geometry": {
        "type": "Point",
        "coordinates": [
          90.4135067,
          23.7864712
        ]
      },
      "id": "node/5622156273"
    },
    {
      "type": "Feature",
      "properties": {
        "@id": "node/5622156280",
        "amenity": "toilets"
      },
      "geometry": {
        "type": "Point",
        "coordinates": [
          90.4132529,
          23.7855824
        ]
      },
      "id": "node/5622156280"
    },
    {
      "type": "Feature",
      "properties": {
        "@id": "node/5622156291",
        "amenity": "toilets"
      },
      "geometry": {
        "type": "Point",
        "coordinates": [
          90.4130631,
          23.7858796
        ]
      },
      "id": "node/5622156291"
    },
    {
      "type": "Feature",
      "properties": {
        "@id": "node/5622156294",
        "addr:city": "dhaka",
        "addr:country": "BD",
        "addr:suburb": "korail",
        "amenity": "toilets"
      },
      "geometry": {
        "type": "Point",
        "coordinates": [
          90.4126057,
          23.7850717
        ]
      },
      "id": "node/5622156294"
    },
    {
      "type": "Feature",
      "properties": {
        "@id": "node/5622157033",
        "amenity": "toilets"
      },
      "geometry": {
        "type": "Point",
        "coordinates": [
          90.4121475,
          23.7823956
        ]
      },
      "id": "node/5622157033"
    },
    {
      "type": "Feature",
      "properties": {
        "@id": "node/5622157043",
        "amenity": "toilets",
        "name": "Private Washroom"
      },
      "geometry": {
        "type": "Point",
        "coordinates": [
          90.4124049,
          23.7845653
        ]
      },
      "id": "node/5622157043"
    },
    {
      "type": "Feature",
      "properties": {
        "@id": "node/5622157049",
        "addr:city": "dhaka",
        "addr:country": "BD",
        "addr:suburb": "korail",
        "amenity": "fire_station",
        "name": "Community Fire Response Team and Development Community"
      },
      "geometry": {
        "type": "Point",
        "coordinates": [
          90.4119169,
          23.7833874
        ]
      },
      "id": "node/5622157049"
    },
    {
      "type": "Feature",
      "properties": {
        "@id": "node/5622157057",
        "addr:country": "BD",
        "amenity": "toilets"
      },
      "geometry": {
        "type": "Point",
        "coordinates": [
          90.412631,
          23.7833813
        ]
      },
      "id": "node/5622157057"
    },
    {
      "type": "Feature",
      "properties": {
        "@id": "node/5622157061",
        "amenity": "toilets",
        "name": "Private Washroom"
      },
      "geometry": {
        "type": "Point",
        "coordinates": [
          90.411732,
          23.7844312
        ]
      },
      "id": "node/5622157061"
    },
    {
      "type": "Feature",
      "properties": {
        "@id": "node/5622157083",
        "addr:city": "dhaka",
        "addr:country": "BD",
        "amenity": "toilets"
      },
      "geometry": {
        "type": "Point",
        "coordinates": [
          90.4070767,
          23.7837333
        ]
      },
      "id": "node/5622157083"
    },
    {
      "type": "Feature",
      "properties": {
        "@id": "node/5622157089",
        "amenity": "toilets"
      },
      "geometry": {
        "type": "Point",
        "coordinates": [
          90.4122146,
          23.7856669
        ]
      },
      "id": "node/5622157089"
    },
    {
      "type": "Feature",
      "properties": {
        "@id": "node/5622157092",
        "amenity": "toilets"
      },
      "geometry": {
        "type": "Point",
        "coordinates": [
          90.4117432,
          23.7822694
        ]
      },
      "id": "node/5622157092"
    },
    {
      "type": "Feature",
      "properties": {
        "@id": "node/5622157109",
        "addr:city": "dhaka",
        "addr:country": "BD",
        "addr:suburb": "korail",
        "amenity": "toilets"
      },
      "geometry": {
        "type": "Point",
        "coordinates": [
          90.4119661,
          23.7823847
        ]
      },
      "id": "node/5622157109"
    },
    {
      "type": "Feature",
      "properties": {
        "@id": "node/5622157118",
        "amenity": "toilets"
      },
      "geometry": {
        "type": "Point",
        "coordinates": [
          90.4125941,
          23.7854155
        ]
      },
      "id": "node/5622157118"
    },
    {
      "type": "Feature",
      "properties": {
        "@id": "node/5622157352",
        "addr:city": "dhaka",
        "addr:country": "BD",
        "addr:postcode": "1213.0",
        "addr:suburb": "korail",
        "amenity": "toilets"
      },
      "geometry": {
        "type": "Point",
        "coordinates": [
          90.4069656,
          23.7835248
        ]
      },
      "id": "node/5622157352"
    },
    {
      "type": "Feature",
      "properties": {
        "@id": "node/5622157353",
        "addr:city": "dhaka",
        "addr:country": "BD",
        "addr:suburb": "korail",
        "amenity": "toilets",
        "name": "Private Washroom"
      },
      "geometry": {
        "type": "Point",
        "coordinates": [
          90.4115512,
          23.783346
        ]
      },
      "id": "node/5622157353"
    },
    {
      "type": "Feature",
      "properties": {
        "@id": "node/5622157380",
        "amenity": "toilets",
        "name": "Private Washroom"
      },
      "geometry": {
        "type": "Point",
        "coordinates": [
          90.4117054,
          23.7857445
        ]
      },
      "id": "node/5622157380"
    },
    {
      "type": "Feature",
      "properties": {
        "@id": "node/5622157409",
        "amenity": "toilets",
        "name": "Private Washroom"
      },
      "geometry": {
        "type": "Point",
        "coordinates": [
          90.4115219,
          23.785649
        ]
      },
      "id": "node/5622157409"
    },
    {
      "type": "Feature",
      "properties": {
        "@id": "node/5622157926",
        "amenity": "toilets",
        "name": "Private Washroom"
      },
      "geometry": {
        "type": "Point",
        "coordinates": [
          90.4123612,
          23.7846452
        ]
      },
      "id": "node/5622157926"
    },
    {
      "type": "Feature",
      "properties": {
        "@id": "node/5622157931",
        "addr:city": "dhaka",
        "addr:country": "BD",
        "addr:suburb": "korail",
        "amenity": "toilets"
      },
      "geometry": {
        "type": "Point",
        "coordinates": [
          90.4111581,
          23.7840435
        ]
      },
      "id": "node/5622157931"
    },
    {
      "type": "Feature",
      "properties": {
        "@id": "node/5622157951",
        "amenity": "toilets",
        "name": "Private Washroom"
      },
      "geometry": {
        "type": "Point",
        "coordinates": [
          90.4116383,
          23.7850347
        ]
      },
      "id": "node/5622157951"
    },
    {
      "type": "Feature",
      "properties": {
        "@id": "node/5622157956",
        "amenity": "toilets"
      },
      "geometry": {
        "type": "Point",
        "coordinates": [
          90.4117346,
          23.7844361
        ]
      },
      "id": "node/5622157956"
    },
    {
      "type": "Feature",
      "properties": {
        "@id": "node/5622157957",
        "amenity": "toilets",
        "name": "Private Washroom"
      },
      "geometry": {
        "type": "Point",
        "coordinates": [
          90.4117939,
          23.7844039
        ]
      },
      "id": "node/5622157957"
    },
    {
      "type": "Feature",
      "properties": {
        "@id": "node/5622157961",
        "addr:city": "dhaka",
        "addr:country": "BD",
        "addr:suburb": "korail",
        "amenity": "toilets",
        "name": "Private Washroom"
      },
      "geometry": {
        "type": "Point",
        "coordinates": [
          90.4115905,
          23.783346
        ]
      },
      "id": "node/5622157961"
    },
    {
      "type": "Feature",
      "properties": {
        "@id": "node/5622157964",
        "amenity": "toilets",
        "name": "korail public toilet"
      },
      "geometry": {
        "type": "Point",
        "coordinates": [
          90.4095375,
          23.7834797
        ]
      },
      "id": "node/5622157964"
    },
    {
      "type": "Feature",
      "properties": {
        "@id": "node/5622157987",
        "amenity": "toilets"
      },
      "geometry": {
        "type": "Point",
        "coordinates": [
          90.4115625,
          23.7847671
        ]
      },
      "id": "node/5622157987"
    },
    {
      "type": "Feature",
      "properties": {
        "@id": "node/5622158001",
        "addr:city": "dhaka",
        "addr:country": "BD",
        "addr:postcode": "1213",
        "addr:suburb": "korail",
        "amenity": "toilets",
        "building": "yes",
        "name": "Private Washroom"
      },
      "geometry": {
        "type": "Point",
        "coordinates": [
          90.4115865,
          23.7852367
        ]
      },
      "id": "node/5622158001"
    },
    {
      "type": "Feature",
      "properties": {
        "@id": "node/5622158002",
        "amenity": "toilets",
        "name": "Private Washroom"
      },
      "geometry": {
        "type": "Point",
        "coordinates": [
          90.4114397,
          23.7846271
        ]
      },
      "id": "node/5622158002"
    },
    {
      "type": "Feature",
      "properties": {
        "@id": "node/5622158007",
        "addr:city": "dhaka",
        "addr:country": "BD",
        "addr:suburb": "korail",
        "amenity": "toilets"
      },
      "geometry": {
        "type": "Point",
        "coordinates": [
          90.4132731,
          23.7853087
        ]
      },
      "id": "node/5622158007"
    },
    {
      "type": "Feature",
      "properties": {
        "@id": "node/5622158014",
        "addr:country": "BD",
        "amenity": "toilets"
      },
      "geometry": {
        "type": "Point",
        "coordinates": [
          90.4126125,
          23.7832826
        ]
      },
      "id": "node/5622158014"
    },
    {
      "type": "Feature",
      "properties": {
        "@id": "node/5622158823",
        "amenity": "toilets"
      },
      "geometry": {
        "type": "Point",
        "coordinates": [
          90.4129336,
          23.7853425
        ]
      },
      "id": "node/5622158823"
    },
    {
      "type": "Feature",
      "properties": {
        "@id": "node/5622158831",
        "amenity": "toilets"
      },
      "geometry": {
        "type": "Point",
        "coordinates": [
          90.4126839,
          23.7838703
        ]
      },
      "id": "node/5622158831"
    },
    {
      "type": "Feature",
      "properties": {
        "@id": "node/5622158836",
        "amenity": "toilets"
      },
      "geometry": {
        "type": "Point",
        "coordinates": [
          90.4119866,
          23.7835338
        ]
      },
      "id": "node/5622158836"
    },
    {
      "type": "Feature",
      "properties": {
        "@id": "node/5642267047",
        "addr:district": "Kurigram",
        "addr:union": "Shoul Mari",
        "addr:ward": "3",
        "address": "Kolomer Char Ward 3",
        "amenity": "toilets",
        "description": "the building is for the public. Click here more information- https://www.openstreetmap.org/user/aHaSaN/diary.",
        "source": "survey",
        "source:date": "2018-15-05",
        "source:name": "logic_undp"
      },
      "geometry": {
        "type": "Point",
        "coordinates": [
          89.861539,
          25.5932073
        ]
      },
      "id": "node/5642267047"
    },
    {
      "type": "Feature",
      "properties": {
        "@id": "node/5642624744",
        "addr:ward": "2",
        "amenity": "toilets",
        "damage": "Yes",
        "damage_date": "2017.0",
        "damage_percent": "25.0",
        "description": "Sanitation",
        "name": "Sikarpur Bangla Bazar TW",
        "source": "survey",
        "source:link": "https://www.openstreetmap.org/user/aHaSaN/diary",
        "source:name": "logic_undp",
        "source_date": "2018-07-12"
      },
      "geometry": {
        "type": "Point",
        "coordinates": [
          89.7218361,
          25.4423203
        ]
      },
      "id": "node/5642624744"
    },
    {
      "type": "Feature",
      "properties": {
        "@id": "node/5642624745",
        "addr:district": "kurigram",
        "addr:union": "mohongonj",
        "addr:ward": "2",
        "amenity": "toilets",
        "damage": "Yes",
        "damage_date": "2017",
        "damage_description": "Platforms soil collapse.damage 20%",
        "description": "Sanitation",
        "name": "Panjerpara Friendship Primary School TW",
        "source": "survey",
        "source:name": "logic_undp",
        "source_ref": "https://www.openstreetmap.org/user/aHaSaN/diary"
      },
      "geometry": {
        "type": "Point",
        "coordinates": [
          89.7278336,
          25.4547861
        ]
      },
      "id": "node/5642624745"
    },
    {
      "type": "Feature",
      "properties": {
        "@id": "node/5642624747",
        "addr:district": "kurigram",
        "addr:union": "mohongonj",
        "addr:ward": "2",
        "amenity": "toilets",
        "damage": "Yes",
        "damage_date": "2017",
        "damage_description": "Collapse due to soil movement.damage 40%",
        "description": "Physical Infrastructure Sanitation",
        "name": "Panjerpara Jami Mosque TW",
        "religion": "muslim",
        "source": "survey",
        "source:date": "2018-07-12",
        "source:name": "logic_undp",
        "source_ref": "https://www.openstreetmap.org/user/aHaSaN/diary"
      },
      "geometry": {
        "type": "Point",
        "coordinates": [
          89.7276753,
          25.4545464
        ]
      },
      "id": "node/5642624747"
    },
    {
      "type": "Feature",
      "properties": {
        "@id": "node/5642624751",
        "addr:district": "kurigram",
        "addr:union": "mohongonj",
        "addr:ward": "2",
        "amenity": "toilets",
        "damage": "Yes",
        "damage_date": "2017.0",
        "damage_percent": "100.0",
        "description": "Religious",
        "name": "Sikarpur Eidgah Ground TW",
        "religion": "muslim",
        "source": "survey",
        "source:link": "https://www.openstreetmap.org/user/aHaSaN/diary",
        "source:name": "logic_undp",
        "source_date": "2018-07-12"
      },
      "geometry": {
        "type": "Point",
        "coordinates": [
          89.7259614,
          25.4463893
        ]
      },
      "id": "node/5642624751"
    },
    {
      "type": "Feature",
      "properties": {
        "@id": "node/5642624801",
        "addr:district": "kurigram",
        "addr:union": "mohongonj",
        "addr:ward": "3",
        "amenity": "police",
        "building": "yes",
        "damage": "Yes",
        "damage_date": "2017",
        "damage_description": "mudslide around the camp.damage 80%",
        "description": "Institution.",
        "hazard_intensity": "high",
        "name": "Borober Dushmara Temporary Police Camp",
        "source": "survey",
        "source:name": "logic_undp",
        "source_date": "2018-07-12",
        "source_ref": "https://www.openstreetmap.org/user/aHaSaN/diary"
      },
      "geometry": {
        "type": "Point",
        "coordinates": [
          89.7193243,
          25.4275859
        ]
      },
      "id": "node/5642624801"
    },
    {
      "type": "Feature",
      "properties": {
        "@id": "node/5645254526",
        "addr:ward": "7",
        "amenity": "toilets",
        "description": "Sanitation",
        "name": "Sanitation and Tubewell",
        "source": "survey",
        "source:link": "https://www.openstreetmap.org/user/aHaSaN/diary",
        "source:name": "logic_undp",
        "source_date": "2018-07-12"
      },
      "geometry": {
        "type": "Point",
        "coordinates": [
          89.7671853,
          25.3988924
        ]
      },
      "id": "node/5645254526"
    },
    {
      "type": "Feature",
      "properties": {
        "@id": "node/5646133179",
        "address": "Horin dhora dhormopur 9",
        "amenity": "toilets",
        "damage": "No",
        "description": "Strongly freshly colored toilat",
        "name": "Tube well toilat"
      },
      "geometry": {
        "type": "Point",
        "coordinates": [
          89.8683867,
          25.6506445
        ]
      },
      "id": "node/5646133179"
    },
    {
      "type": "Feature",
      "properties": {
        "@id": "node/5647913642",
        "access": "yes",
        "addr:district": "Kurigram",
        "addr:union": "Shoul Mari",
        "addr:ward": "2",
        "amenity": "toilets",
        "description": "Tin shade. Click here more information- https://www.openstreetmap.org/user/aHaSaN/diary.",
        "name": "South tapurre School Toilate",
        "source": "survey",
        "source:date": "2018-15-05",
        "source:name": "logic_undp"
      },
      "geometry": {
        "type": "Point",
        "coordinates": [
          89.8340195,
          25.604979
        ]
      },
      "id": "node/5647913642"
    },
    {
      "type": "Feature",
      "properties": {
        "@id": "node/5647991785",
        "access": "yes",
        "addr:district": "Kurigram",
        "addr:union": "bandober",
        "addr:ward": "1",
        "amenity": "toilets",
        "damage": "Yes",
        "description": "toilet, 50% khoti hoyechilo 2017 sale.",
        "hazard_intensity": "high",
        "name": "Tapurre High School latrine",
        "source": "survey",
        "source:date": "2018-15-05",
        "source:name": "logic_undp",
        "source_ref": "https://www.openstreetmap.org/user/aHaSaN/diary"
      },
      "geometry": {
        "type": "Point",
        "coordinates": [
          89.8381957,
          25.6232589
        ]
      },
      "id": "node/5647991785"
    },
    {
      "type": "Feature",
      "properties": {
        "@id": "node/5659990134",
        "amenity": "police",
        "name": "Airport Police Outpost",
        "name:en": "Airport Police Outpost"
      },
      "geometry": {
        "type": "Point",
        "coordinates": [
          91.8175714,
          22.2450206
        ]
      },
      "id": "node/5659990134"
    },
    {
      "type": "Feature",
      "properties": {
        "@id": "node/5659996408",
        "amenity": "toilets",
        "designation": "Chittagong Airport Public Toilet"
      },
      "geometry": {
        "type": "Point",
        "coordinates": [
          91.8139032,
          22.243821
        ]
      },
      "id": "node/5659996408"
    },
    {
      "type": "Feature",
      "properties": {
        "@id": "node/5665818839",
        "amenity": "police",
        "name": "Tongibari Police Station"
      },
      "geometry": {
        "type": "Point",
        "coordinates": [
          90.4685028,
          23.5111484
        ]
      },
      "id": "node/5665818839"
    },
    {
      "type": "Feature",
      "properties": {
        "@id": "node/5673120079",
        "amenity": "police",
        "name": "Pakundia Police Station"
      },
      "geometry": {
        "type": "Point",
        "coordinates": [
          90.6806454,
          24.3281776
        ]
      },
      "id": "node/5673120079"
    },
    {
      "type": "Feature",
      "properties": {
        "@id": "node/5683207498",
        "access": "customers",
        "amenity": "toilets",
        "fee": "yes",
        "female": "yes",
        "male": "yes",
        "name": "কেন্দুয়া পৌর গণ শৌচাগার",
        "name:bn": "কেন্দুয়া পৌর গণ শৌচাগার",
        "name:en": "Kendua Pauro Public Toilet",
        "toilets:disposal": "pitlatrine",
        "toilets:position": "squat",
        "unisex": "yes"
      },
      "geometry": {
        "type": "Point",
        "coordinates": [
          90.8410315,
          24.6615359
        ]
      },
      "id": "node/5683207498"
    },
    {
      "type": "Feature",
      "properties": {
        "@id": "node/5703017503",
        "amenity": "police",
        "name": "Kotiyadi Model Thana"
      },
      "geometry": {
        "type": "Point",
        "coordinates": [
          90.7982576,
          24.244316
        ]
      },
      "id": "node/5703017503"
    },
    {
      "type": "Feature",
      "properties": {
        "@id": "node/5715698807",
        "amenity": "police",
        "name": "Dashmina Police Station"
      },
      "geometry": {
        "type": "Point",
        "coordinates": [
          90.5633698,
          22.284366
        ]
      },
      "id": "node/5715698807"
    },
    {
      "type": "Feature",
      "properties": {
        "@id": "node/5718373065",
        "amenity": "police",
        "name": "Bhola police Lines"
      },
      "geometry": {
        "type": "Point",
        "coordinates": [
          90.6317474,
          22.6902972
        ]
      },
      "id": "node/5718373065"
    },
    {
      "type": "Feature",
      "properties": {
        "@id": "node/5718379135",
        "amenity": "police",
        "name": "Bhola Sadar Police Station"
      },
      "geometry": {
        "type": "Point",
        "coordinates": [
          90.6454521,
          22.6879439
        ]
      },
      "id": "node/5718379135"
    },
    {
      "type": "Feature",
      "properties": {
        "@id": "node/5731804621",
        "amenity": "police"
      },
      "geometry": {
        "type": "Point",
        "coordinates": [
          92.1469931,
          21.2119039
        ]
      },
      "id": "node/5731804621"
    },
    {
      "type": "Feature",
      "properties": {
        "@id": "node/5735414102",
        "addr:city": "Meherpur",
        "addr:postcode": "7100",
        "addr:street": "College Road",
        "amenity": "fire_station",
        "emergency_telephone_code": "62222",
        "name": "মেহেরপুর ফায়ার সার্ভিস",
        "name:en": "Meherpur Fire Service",
        "operator": "Bangladesh Fire Service"
      },
      "geometry": {
        "type": "Point",
        "coordinates": [
          88.6411687,
          23.7705334
        ]
      },
      "id": "node/5735414102"
    },
    {
      "type": "Feature",
      "properties": {
        "@id": "node/5738514726",
        "access": "yes",
        "amenity": "toilets",
        "unisex": "yes"
      },
      "geometry": {
        "type": "Point",
        "coordinates": [
          90.4222469,
          23.7711349
        ]
      },
      "id": "node/5738514726"
    },
    {
      "type": "Feature",
      "properties": {
        "@id": "node/5738870580",
        "amenity": "police",
        "name": "Hatirjheel Traffic Police Box",
        "name:bn": "হাতিরঝিল ট্রাফিক পুলিশ বক্স"
      },
      "geometry": {
        "type": "Point",
        "coordinates": [
          90.424122,
          23.7699507
        ]
      },
      "id": "node/5738870580"
    },
    {
      "type": "Feature",
      "properties": {
        "@id": "node/5739429210",
        "amenity": "police",
        "name": "BGB Camp"
      },
      "geometry": {
        "type": "Point",
        "coordinates": [
          90.7075547,
          24.868829
        ]
      },
      "id": "node/5739429210"
    },
    {
      "type": "Feature",
      "properties": {
        "@id": "node/5741986297",
        "amenity": "police",
        "name": "কেন্দুয়া পুলিশ স্টেশন",
        "name:bn": "কেন্দুয়া পুলিশ স্টেশন",
        "name:en": "Kendu Police Station"
      },
      "geometry": {
        "type": "Point",
        "coordinates": [
          90.842628,
          24.6630041
        ]
      },
      "id": "node/5741986297"
    },
    {
      "type": "Feature",
      "properties": {
        "@id": "node/5742032730",
        "amenity": "police",
        "name": "Goforgoan Police Station"
      },
      "geometry": {
        "type": "Point",
        "coordinates": [
          90.5541893,
          24.4519652
        ]
      },
      "id": "node/5742032730"
    },
    {
      "type": "Feature",
      "properties": {
        "@id": "node/5743011174",
        "amenity": "police",
        "name": "Netrokona Police Lines"
      },
      "geometry": {
        "type": "Point",
        "coordinates": [
          90.7254624,
          24.867291
        ]
      },
      "id": "node/5743011174"
    },
    {
      "type": "Feature",
      "properties": {
        "@id": "node/5749185579",
        "amenity": "police",
        "name": "Police Box"
      },
      "geometry": {
        "type": "Point",
        "coordinates": [
          90.414445,
          23.7989465
        ]
      },
      "id": "node/5749185579"
    },
    {
      "type": "Feature",
      "properties": {
        "@id": "node/5749190117",
        "access": "yes",
        "amenity": "toilets",
        "unisex": "yes"
      },
      "geometry": {
        "type": "Point",
        "coordinates": [
          90.4144334,
          23.7972885
        ]
      },
      "id": "node/5749190117"
    },
    {
      "type": "Feature",
      "properties": {
        "@id": "node/5749216358",
        "amenity": "police",
        "name": "বনানী থানা",
        "name:bn": "বনানী থানা",
        "name:en": "Banani Police Station"
      },
      "geometry": {
        "type": "Point",
        "coordinates": [
          90.4018623,
          23.7900426
        ]
      },
      "id": "node/5749216358"
    },
    {
      "type": "Feature",
      "properties": {
        "@id": "node/5749335226",
        "amenity": "toilets"
      },
      "geometry": {
        "type": "Point",
        "coordinates": [
          90.4146649,
          23.7723812
        ]
      },
      "id": "node/5749335226"
    },
    {
      "type": "Feature",
      "properties": {
        "@id": "node/5759074522",
        "amenity": "police",
        "name": "Bhairab Model Thana"
      },
      "geometry": {
        "type": "Point",
        "coordinates": [
          90.9783277,
          24.0549657
        ]
      },
      "id": "node/5759074522"
    },
    {
      "type": "Feature",
      "properties": {
        "@id": "node/5767372315",
        "amenity": "police",
        "name": "Industrial Police"
      },
      "geometry": {
        "type": "Point",
        "coordinates": [
          90.2681954,
          23.958085
        ]
      },
      "id": "node/5767372315"
    },
    {
      "type": "Feature",
      "properties": {
        "@id": "node/5776723114",
        "amenity": "fire_station",
        "name": "Fire Service and Civil Defence Statio"
      },
      "geometry": {
        "type": "Point",
        "coordinates": [
          92.1849708,
          22.6493249
        ]
      },
      "id": "node/5776723114"
    },
    {
      "type": "Feature",
      "properties": {
        "@id": "node/5778830887",
        "amenity": "police",
        "name": "Ashulia Thana"
      },
      "geometry": {
        "type": "Point",
        "coordinates": [
          90.2714342,
          23.9427928
        ]
      },
      "id": "node/5778830887"
    },
    {
      "type": "Feature",
      "properties": {
        "@id": "node/5779915129",
        "amenity": "police",
        "name": "Sonadanga Model Thana",
        "operator": "Khulna Metropolitan Police"
      },
      "geometry": {
        "type": "Point",
        "coordinates": [
          89.5437543,
          22.8160088
        ]
      },
      "id": "node/5779915129"
    },
    {
      "type": "Feature",
      "properties": {
        "@id": "node/5779928539",
        "amenity": "police",
        "name": "Khan Jahan Ali Thana",
        "operator": "Khulna Metropolitan Police"
      },
      "geometry": {
        "type": "Point",
        "coordinates": [
          89.5067835,
          22.9142419
        ]
      },
      "id": "node/5779928539"
    },
    {
      "type": "Feature",
      "properties": {
        "@id": "node/5779956753",
        "amenity": "police",
        "name": "Arongghata Thana",
        "operator": "Khulna Metropolitan Police"
      },
      "geometry": {
        "type": "Point",
        "coordinates": [
          89.5010443,
          22.8722536
        ]
      },
      "id": "node/5779956753"
    },
    {
      "type": "Feature",
      "properties": {
        "@id": "node/5779963400",
        "amenity": "police",
        "name": "Horintana Thana",
        "operator": "Khulna Metropolitan Police"
      },
      "geometry": {
        "type": "Point",
        "coordinates": [
          89.52966,
          22.7955114
        ]
      },
      "id": "node/5779963400"
    },
    {
      "type": "Feature",
      "properties": {
        "@id": "node/5779963401",
        "amenity": "police",
        "name": "Lobonchora Thana",
        "operator": "Khulna Metropolitan Police"
      },
      "geometry": {
        "type": "Point",
        "coordinates": [
          89.5535002,
          22.7804536
        ]
      },
      "id": "node/5779963401"
    },
    {
      "type": "Feature",
      "properties": {
        "@id": "node/5781733656",
        "addr:district": "Bagerhat",
        "addr:union": "Southkhali",
        "addr:ward": "4",
        "amenity": "police",
        "damage": "yes",
        "description": "two semi pucca room. 2007 & 2009 sale 60% damage hoyechilo.",
        "hazard_intensity": "high",
        "name": "Tafalbari Police Outpost",
        "name_disaster": "Sidor Aila",
        "source": "survey",
        "source:date": "2018-11-07",
        "source:name": "logic_undp",
        "source_ref": "https://www.openstreetmap.org/user/aHaSaN/diary",
        "type": "Physical"
      },
      "geometry": {
        "type": "Point",
        "coordinates": [
          89.8325604,
          22.2625846
        ]
      },
      "id": "node/5781733656"
    },
    {
      "type": "Feature",
      "properties": {
        "@id": "node/5790108071",
        "addr:district": "Khulna",
        "addr:union": "Khantakata",
        "addr:ward": "8",
        "amenity": "toilets",
        "description": "kacha 2 Toilet",
        "name": "Taltoli School Toilet",
        "source": "survey",
        "source:date": "15-05-2018",
        "source:name": "logic_undp",
        "source_ref": "https://www.openstreetmap.org/user/aHaSaN/diary"
      },
      "geometry": {
        "type": "Point",
        "coordinates": [
          89.8192674,
          22.3176268
        ]
      },
      "id": "node/5790108071"
    },
    {
      "type": "Feature",
      "properties": {
        "@id": "node/5800953638",
        "amenity": "toilets"
      },
      "geometry": {
        "type": "Point",
        "coordinates": [
          89.0760937,
          22.7239491
        ]
      },
      "id": "node/5800953638"
    },
    {
      "type": "Feature",
      "properties": {
        "@id": "node/5811529857",
        "amenity": "toilets",
        "opening_hours": "24/7",
        "operator": "Barguna Pourosova"
      },
      "geometry": {
        "type": "Point",
        "coordinates": [
          90.1338441,
          22.1594918
        ]
      },
      "id": "node/5811529857"
    },
    {
      "type": "Feature",
      "properties": {
        "@id": "node/5835903753",
        "amenity": "toilets"
      },
      "geometry": {
        "type": "Point",
        "coordinates": [
          90.2142475,
          23.8248284
        ]
      },
      "id": "node/5835903753"
    },
    {
      "type": "Feature",
      "properties": {
        "@id": "node/5868212538",
        "amenity": "fire_station",
        "name": "Kendua Upazila Fire Service"
      },
      "geometry": {
        "type": "Point",
        "coordinates": [
          90.8263859,
          24.65528
        ]
      },
      "id": "node/5868212538"
    },
    {
      "type": "Feature",
      "properties": {
        "@id": "node/5879361134",
        "amenity": "police",
        "name": "Police BOx"
      },
      "geometry": {
        "type": "Point",
        "coordinates": [
          90.6426675,
          24.4147913
        ]
      },
      "id": "node/5879361134"
    },
    {
      "type": "Feature",
      "properties": {
        "@id": "node/5894705957",
        "addr:district": "Bagerhat",
        "amenity": "toilets",
        "damage": "no",
        "description": "public toilet in the side of Rayenda bus stand",
        "name": "Public toilet in the side of Rayenda bus stand",
        "source": "survey",
        "source:date": "11-5-2018",
        "source:name": "logic_undp",
        "source_ref": "https://bit.ly/2NBTrkT"
      },
      "geometry": {
        "type": "Point",
        "coordinates": [
          89.8302376,
          22.2665375
        ]
      },
      "id": "node/5894705957"
    },
    {
      "type": "Feature",
      "properties": {
        "@id": "node/5894705968",
        "addr:district": "Bagerhat",
        "amenity": "toilets",
        "damage": "no",
        "description": "Rayenda Union Council No 5 of 5th Building Friendly Friendly Community Latrine 2015 3 Rooms",
        "name": "Rayenda Union Parishad No 5 of the Disabled Friendly Community Latrine",
        "source": "survey",
        "source:date": "11-5-2018",
        "source:name": "logic_undp",
        "source_ref": "https://bit.ly/2NBTrkT"
      },
      "geometry": {
        "type": "Point",
        "coordinates": [
          89.8501185,
          22.3132636
        ]
      },
      "id": "node/5894705968"
    },
    {
      "type": "Feature",
      "properties": {
        "@id": "node/5894705969",
        "addr:district": "Bagerhat",
        "amenity": "police",
        "damage": "no",
        "name": "Rayenda Police Station",
        "source": "survey",
        "source:date": "11-5-2018",
        "source:name": "logic_undp",
        "source_ref": "https://bit.ly/2NBTrkT"
      },
      "geometry": {
        "type": "Point",
        "coordinates": [
          89.8515451,
          22.3129842
        ]
      },
      "id": "node/5894705969"
    },
    {
      "type": "Feature",
      "properties": {
        "@id": "node/5894834896",
        "amenity": "police",
        "name": "Rowmai Police Station"
      },
      "geometry": {
        "type": "Point",
        "coordinates": [
          89.8329675,
          25.577414
        ]
      },
      "id": "node/5894834896"
    },
    {
      "type": "Feature",
      "properties": {
        "@id": "node/5896872874",
        "amenity": "police",
        "name": "Barhatta Police Station"
      },
      "geometry": {
        "type": "Point",
        "coordinates": [
          90.8882014,
          24.8981917
        ]
      },
      "id": "node/5896872874"
    },
    {
      "type": "Feature",
      "properties": {
        "@id": "node/5901149588",
        "amenity": "police",
        "name": "Barishal Police Station"
      },
      "geometry": {
        "type": "Point",
        "coordinates": [
          90.3666419,
          22.6962981
        ]
      },
      "id": "node/5901149588"
    },
    {
      "type": "Feature",
      "properties": {
        "@id": "node/5908106588",
        "amenity": "police",
        "name:en": "Gopalganj Police Line"
      },
      "geometry": {
        "type": "Point",
        "coordinates": [
          89.8354297,
          23.0288676
        ]
      },
      "id": "node/5908106588"
    },
    {
      "type": "Feature",
      "properties": {
        "@id": "node/5908108802",
        "amenity": "police",
        "name": "Gopalganj Police Line"
      },
      "geometry": {
        "type": "Point",
        "coordinates": [
          89.8367304,
          23.0290824
        ]
      },
      "id": "node/5908108802"
    },
    {
      "type": "Feature",
      "properties": {
        "@id": "node/5920690105",
        "amenity": "police"
      },
      "geometry": {
        "type": "Point",
        "coordinates": [
          90.3968159,
          23.7061112
        ]
      },
      "id": "node/5920690105"
    },
    {
      "type": "Feature",
      "properties": {
        "@id": "node/5948320897",
        "addr:district": "Bagerhat",
        "addr:union": "Chandpai",
        "addr:ward": "6",
        "amenity": "toilets",
        "damage": "yes",
        "description": "Kainmary East Para Kali Temple er tinshed toilet jomir poriman 1 decimal in 2007 it was damaged 100%",
        "name": "Kali Temple er Toilet",
        "name_disaster": "sidor",
        "source": "survey",
        "source:date": "2018-08-04",
        "source:name": "logic_undp",
        "source_ref": "https://bit.ly/2NBTrkT"
      },
      "geometry": {
        "type": "Point",
        "coordinates": [
          89.6203058,
          22.4656415
        ]
      },
      "id": "node/5948320897"
    },
    {
      "type": "Feature",
      "properties": {
        "@id": "node/5948408877",
        "addr:district": "Bagerhat",
        "addr:union": "Chandpai",
        "addr:ward": "6",
        "amenity": "toilets",
        "damage": "yes",
        "description": "Kainmary Govt. Primary School Toilet. Jomir poriman 1 decimal in 2007 it was damaged 100%",
        "name": "Kainmary Govt. Primary School Toilet",
        "name_disaster": "sidor",
        "source": "survey",
        "source:date": "2018-08-04",
        "source:name": "logic_undp",
        "source_ref": "https://bit.ly/2NBTrkT"
      },
      "geometry": {
        "type": "Point",
        "coordinates": [
          89.6111729,
          22.4630773
        ]
      },
      "id": "node/5948408877"
    },
    {
      "type": "Feature",
      "properties": {
        "@id": "node/5964586743",
        "amenity": "toilets",
        "name": "Madrasa Toilet"
      },
      "geometry": {
        "type": "Point",
        "coordinates": [
          90.6526673,
          24.4270941
        ]
      },
      "id": "node/5964586743"
    },
    {
      "type": "Feature",
      "properties": {
        "@id": "node/6019713883",
        "addr:district": "Bhola",
        "addr:union": "Dakkhin Joynagar",
        "addr:ward": "1",
        "amenity": "toilets",
        "damage": "no",
        "description": "Length 10 ft, Width 8 ft, Pacca",
        "name": "West Joynagar Jame Mosque toilet",
        "source": "survey",
        "source:name": "logic_undp",
        "source_date": "2018-10-20",
        "source_ref": "https://www.openstreetmap.org/user/aHaSaN/diary"
      },
      "geometry": {
        "type": "Point",
        "coordinates": [
          90.6613523,
          22.5762567
        ]
      },
      "id": "node/6019713883"
    },
    {
      "type": "Feature",
      "properties": {
        "@id": "node/6019714008",
        "addr:district": "Bhola",
        "addr:union": "Dakkhin Joynagar",
        "addr:ward": "1",
        "amenity": "toilets",
        "damage": "no",
        "description": "Using 70 to 80 people, Pacca",
        "name": "Toilet of Guhor Sikder Jame Mosque",
        "source": "survey",
        "source:name": "logic_undp",
        "source_date": "2018-10-20",
        "source_ref": "https://www.openstreetmap.org/user/aHaSaN/diary"
      },
      "geometry": {
        "type": "Point",
        "coordinates": [
          90.6603599,
          22.5817004
        ]
      },
      "id": "node/6019714008"
    },
    {
      "type": "Feature",
      "properties": {
        "@id": "node/6052514751",
        "amenity": "toilets",
        "building": "yes",
        "operator": "Central Jail Public Toilet"
      },
      "geometry": {
        "type": "Point",
        "coordinates": [
          90.3839394,
          23.6618722
        ]
      },
      "id": "node/6052514751"
    },
    {
      "type": "Feature",
      "properties": {
        "@id": "node/6063404097",
        "addr:city": "Sylhet",
        "amenity": "police",
        "name": "সিলেট র‍্যাব-৯ প্রধান কার্যালয়"
      },
      "geometry": {
        "type": "Point",
        "coordinates": [
          91.9094941,
          24.9009367
        ]
      },
      "id": "node/6063404097"
    },
    {
      "type": "Feature",
      "properties": {
        "@id": "node/6076986179",
        "amenity": "police",
        "name": "Haimchar Thana"
      },
      "geometry": {
        "type": "Point",
        "coordinates": [
          90.6622723,
          23.0941907
        ]
      },
      "id": "node/6076986179"
    },
    {
      "type": "Feature",
      "properties": {
        "@id": "node/6087696895",
        "addr:district": "Patuakhali",
        "addr:union": "Char Borhan",
        "addr:ward": "5",
        "amenity": "toilets",
        "damage": "yes",
        "description": "Mol panite mishe poribesh nosto kore. Damage 100%.",
        "name": "Jafor Sardar Barir Khola Toilet",
        "name_disaster": "Tidal surge",
        "source": "survey",
        "source:date": "10-11-2018",
        "source:name": "logic_undp",
        "source_ref": "https://www.openstreetmap.org/user/aHaSaN/diary",
        "type": "physical"
      },
      "geometry": {
        "type": "Point",
        "coordinates": [
          90.5602813,
          22.160025
        ]
      },
      "id": "node/6087696895"
    },
    {
      "type": "Feature",
      "properties": {
        "@id": "node/6088508332",
        "addr:district": "Khulna",
        "addr:union": "Banishanta",
        "addr:ward": "4",
        "amenity": "police",
        "building": "yes",
        "damage": "no",
        "description": "Paka Tin shad.",
        "name": "Tildanga Nou Polish Fari",
        "source": "survey",
        "source:date": "2018-11-10",
        "source:name": "logic_undp",
        "source_ref": "https://www.openstreetmap.org/user/aHaSaN/diary"
      },
      "geometry": {
        "type": "Point",
        "coordinates": [
          89.5822781,
          22.4653887
        ]
      },
      "id": "node/6088508332"
    },
    {
      "type": "Feature",
      "properties": {
        "@id": "node/6090683190",
        "addr:district": "PatuaKhali",
        "addr:union": "Rangopaldi UP",
        "addr:ward": "3",
        "amenity": "toilets",
        "damage": "no",
        "description": "school cam cyclone shelter er biporit pashe",
        "name": "Public Toilet",
        "source": "survey",
        "source:name": "logic_undp",
        "source_date": "15/11/2018",
        "source_ref": "https://www.openstreetmap.org/user/aHaSaN/diary"
      },
      "geometry": {
        "type": "Point",
        "coordinates": [
          90.490737,
          22.19419
        ]
      },
      "id": "node/6090683190"
    },
    {
      "type": "Feature",
      "properties": {
        "@id": "node/6090683196",
        "addr:district": "PatuaKhali",
        "addr:union": "Rangopaldi UP",
        "addr:ward": "3",
        "amenity": "toilets",
        "description": "shikder barir samner jhulonto toilet",
        "name": "Khola ow Kacha Toilet",
        "source": "survey",
        "source:name": "logic_undp",
        "source_date": "15/11/2018",
        "source_ref": "https://www.openstreetmap.org/user/aHaSaN/diary"
      },
      "geometry": {
        "type": "Point",
        "coordinates": [
          90.5059397,
          22.1881476
        ]
      },
      "id": "node/6090683196"
    },
    {
      "type": "Feature",
      "properties": {
        "@id": "node/6097830474",
        "addr:district": "Bhola",
        "addr:union": "Saidpur",
        "addr:ward": "1",
        "amenity": "toilets",
        "damage": "no",
        "description": "Length 15 feet, Width 12 feet, Using 300 people, Kacha",
        "name": "Public toylet of Munaf Bapari bazar",
        "source": "survey",
        "source:date": "2018-08-11",
        "source:name": "logic_undp",
        "source_ref": "https://www.openstreetmap.org/user/aHaSaN/diary",
        "type": "social"
      },
      "geometry": {
        "type": "Point",
        "coordinates": [
          90.7345015,
          22.5878966
        ]
      },
      "id": "node/6097830474"
    },
    {
      "type": "Feature",
      "properties": {
        "@id": "node/6097997867",
        "addr:district": "Barguna",
        "addr:union": "Noltona",
        "addr:ward": "6",
        "amenity": "toilets",
        "damage": "no",
        "description": "06 no ward GoraPadma tourist place,",
        "name": "Rest House",
        "name_disaster": "no",
        "source": "survey",
        "source:date": "2018-11-08",
        "source:name": "logic_undp",
        "source_ref": "https://www.openstreetmap.org/user/aHaSaN/diary",
        "type": "physical"
      },
      "geometry": {
        "type": "Point",
        "coordinates": [
          90.0268449,
          21.9855387
        ]
      },
      "id": "node/6097997867"
    },
    {
      "type": "Feature",
      "properties": {
        "@id": "node/6097997873",
        "addr:district": "Barguna",
        "addr:union": "Noltona",
        "addr:ward": "3",
        "amenity": "toilets",
        "damage": "no",
        "description": "Public toilet adjacent to the panna howladers house",
        "name": "Public toilet",
        "name_disaster": "no",
        "source": "survey",
        "source:date": "2018-11-08",
        "source:name": "logic_undp",
        "source_ref": "https://www.openstreetmap.org/user/aHaSaN/diary",
        "type": "physical"
      },
      "geometry": {
        "type": "Point",
        "coordinates": [
          90.0392193,
          22.0421574
        ]
      },
      "id": "node/6097997873"
    },
    {
      "type": "Feature",
      "properties": {
        "@id": "node/6100668243",
        "addr:district": "Bhola",
        "addr:union": "Saidpur",
        "addr:ward": "6",
        "amenity": "toilets",
        "damage": "no",
        "description": "20 ft long , 6 ft wad ,",
        "name": "Public toilet of Ghosher Hat bazaar jame mosque",
        "source": "survey",
        "source:date": "2018-08-11",
        "source:name": "logic_undp",
        "source_ref": "https://www.openstreetmap.org/user/aHaSaN/diary",
        "type": "physical"
      },
      "geometry": {
        "type": "Point",
        "coordinates": [
          90.7486716,
          22.5791866
        ]
      },
      "id": "node/6100668243"
    },
    {
      "type": "Feature",
      "properties": {
        "@id": "node/6100698945",
        "access": "yes",
        "addr:district": "Bhola",
        "addr:ward": "1",
        "amenity": "toilets",
        "damage": "no",
        "description": "Length 15 feet, width 10 feet, Using 100 people, Pacca",
        "source": "survey",
        "source:date": "2018-08-11",
        "source:name": "logic_undp",
        "source_ref": "https://www.openstreetmap.org/user/aHaSaN/diary",
        "type": "social"
      },
      "geometry": {
        "type": "Point",
        "coordinates": [
          90.7327419,
          22.5844295
        ]
      },
      "id": "node/6100698945"
    },
    {
      "type": "Feature",
      "properties": {
        "@id": "node/6100699048",
        "addr:district": "Bhola",
        "addr:union": "Saidpur",
        "addr:ward": "3",
        "amenity": "toilets",
        "damage": "no",
        "description": "Length 40 feet, Width 25 feet.Using 350 people, Pacca",
        "name": "Public toilet Choto Doli",
        "source": "survey",
        "source:date": "2018-08-11",
        "source:name": "logic_undp",
        "source_ref": "https://www.openstreetmap.org/user/aHaSaN/diary",
        "type": "social"
      },
      "geometry": {
        "type": "Point",
        "coordinates": [
          90.7312399,
          22.5674024
        ]
      },
      "id": "node/6100699048"
    },
    {
      "type": "Feature",
      "properties": {
        "@id": "node/6100699057",
        "addr:district": "Bhola",
        "addr:union": "Saidpur",
        "addr:ward": "2",
        "amenity": "toilets",
        "damage": "no",
        "description": "Length 15 feet, Width 10 feet.Using 300 people, Pacca",
        "name": "Public toilet",
        "source": "survey",
        "source:date": "2018-08-11",
        "source:name": "logic_undp",
        "source_ref": "https://www.openstreetmap.org/user/aHaSaN/diary",
        "type": "social"
      },
      "geometry": {
        "type": "Point",
        "coordinates": [
          90.7240596,
          22.573733
        ]
      },
      "id": "node/6100699057"
    },
    {
      "type": "Feature",
      "properties": {
        "@id": "node/6100699447",
        "addr:district": "Bhola",
        "addr:union": "Saidpur",
        "addr:ward": "9",
        "amenity": "toilets",
        "damage": "no",
        "description": "Pacca toilet with 2 rooms",
        "name": "Toilet 86 no Borodholi GPS",
        "source": "survey",
        "source:date": "2018-08-11",
        "source:name": "logic_undp",
        "source_ref": "https://www.openstreetmap.org/user/aHaSaN/diary",
        "type": "social"
      },
      "geometry": {
        "type": "Point",
        "coordinates": [
          90.7352364,
          22.5638456
        ]
      },
      "id": "node/6100699447"
    },
    {
      "type": "Feature",
      "properties": {
        "@id": "node/6100699450",
        "addr:district": "Bhola",
        "addr:union": "Saidpur",
        "addr:ward": "3",
        "amenity": "toilets",
        "damage": "no",
        "description": "Length 15 feet, Width 10 feet.Using 200 people, Sami pacca",
        "name": "Public toilet",
        "source": "survey",
        "source:date": "2018-08-11",
        "source:name": "logic_undp",
        "source_ref": "https://www.openstreetmap.org/user/aHaSaN/diary",
        "type": "social"
      },
      "geometry": {
        "type": "Point",
        "coordinates": [
          90.7298747,
          22.5638654
        ]
      },
      "id": "node/6100699450"
    },
    {
      "type": "Feature",
      "properties": {
        "@id": "node/6102350725",
        "addr:district": "Barguna",
        "addr:union": "Noltona",
        "addr:ward": "5",
        "amenity": "toilets",
        "damage": "no",
        "description": "Babuganj Bazar Community Latrine, Benefitted about 150 local people",
        "name": "Community Latrine",
        "name_disaster": "no",
        "source": "survey",
        "source:date": "2018-11-08",
        "source:name": "logic_undp",
        "source_ref": "https://www.openstreetmap.org/user/aHaSaN/diary",
        "type": "physical"
      },
      "geometry": {
        "type": "Point",
        "coordinates": [
          90.0281619,
          22.0034115
        ]
      },
      "id": "node/6102350725"
    },
    {
      "type": "Feature",
      "properties": {
        "@id": "node/6102500397",
        "addr:district": "Barguna",
        "addr:union": "Badarkhali",
        "addr:ward": "1",
        "amenity": "toilets",
        "building": "yes",
        "damage": "yes",
        "description": "Bawalkar Govt. Primary School(Govt. Primary School(G.P.S)) toilet.(40ft*25ft). breaking down in 2007 and 40% damaged.",
        "name_disaster": "sidr",
        "source": "survey",
        "source:date": "2018-11-08",
        "source:name": "logic_undp",
        "source_ref": "https://www.openstreetmap.org/user/aHaSaN/diary",
        "type": "Physical"
      },
      "geometry": {
        "type": "Point",
        "coordinates": [
          90.0801927,
          22.1816305
        ]
      },
      "id": "node/6102500397"
    },
    {
      "type": "Feature",
      "properties": {
        "@id": "node/6102500398",
        "addr:district": "Barguna",
        "addr:union": "Badarkhali",
        "addr:ward": "5",
        "amenity": "toilets",
        "building": "yes",
        "damage": "Yes",
        "description": "Public toilet nera Fuljuri launch ghat. Due to high tide and river erosion, the Toilet are in risk continuosly and 30% damaged.",
        "name_disaster": "High tide, river erosion",
        "source": "survey",
        "source:date": "2018-11-08",
        "source:name": "logic_undp",
        "source_ref": "https://www.openstreetmap.org/user/aHaSaN/diary",
        "type": "Physical"
      },
      "geometry": {
        "type": "Point",
        "coordinates": [
          90.0742804,
          22.2151441
        ]
      },
      "id": "node/6102500398"
    },
    {
      "type": "Feature",
      "properties": {
        "@id": "node/6102979754",
        "addr:district": "Barguna",
        "addr:union": "Badarkhali",
        "addr:ward": "5",
        "amenity": "toilets",
        "damage": "yes",
        "description": "Public toilet nera Fuljuri fish market. Due to high tide, the toilet became inundated and now in unusable continuosly and 60% damaged.",
        "name_disaster": "High tide, river erosion",
        "source": "survey",
        "source:date": "2018-11-08",
        "source:name": "logic_undp",
        "source_ref": "https://www.openstreetmap.org/user/aHaSaN/diary",
        "type": "physical"
      },
      "geometry": {
        "type": "Point",
        "coordinates": [
          90.075243,
          22.2159228
        ]
      },
      "id": "node/6102979754"
    },
    {
      "type": "Feature",
      "properties": {
        "@id": "node/6104268704",
        "addr:district": "Bhola",
        "addr:union": "Uttar Joynagar",
        "addr:ward": "8",
        "amenity": "toilets",
        "damage": "no",
        "description": "semi pacca,",
        "name": "Abdur Rahman Munsi bari public toilet.",
        "source": "survey",
        "source:date": "2018-08-11",
        "source:name": "logic_undp",
        "source_ref": "https://www.openstreetmap.org/user/aHaSaN/diary",
        "type": "social"
      },
      "geometry": {
        "type": "Point",
        "coordinates": [
          90.6906125,
          22.5786863
        ]
      },
      "id": "node/6104268704"
    },
    {
      "type": "Feature",
      "properties": {
        "@id": "node/6104810085",
        "amenity": "police",
        "name:en": "Tamabill Immigration Check Post",
        "name:ja": "出国スタンプを押す場所。（出国税500タカ以外の賄賂請求が有った場合は日本大使館へその場で電話+88029840010）"
      },
      "geometry": {
        "type": "Point",
        "coordinates": [
          92.0323837,
          25.1830615
        ]
      },
      "id": "node/6104810085"
    },
    {
      "type": "Feature",
      "properties": {
        "@id": "node/6105692800",
        "addr:district": "Bhola",
        "addr:union": "Deula",
        "addr:ward": "4",
        "amenity": "toilets",
        "damage": "no",
        "description": "01 decimal land [used 400 people]",
        "name": "Toilet of Jhitka Govt Primary School",
        "name_disaster": "_",
        "source": "survey",
        "source:date": "2018-08-11",
        "source:name": "logic_undp"
      },
      "geometry": {
        "type": "Point",
        "coordinates": [
          90.6997615,
          22.433864
        ]
      },
      "id": "node/6105692800"
    },
    {
      "type": "Feature",
      "properties": {
        "@id": "node/6105692801",
        "addr:district": "Bhola",
        "addr:union": "Deula",
        "addr:ward": "6",
        "amenity": "toilets",
        "damage": "no",
        "description": "01 decimal land [pacca. Used 300 people]",
        "name": "Public Toilet of Chan Gazi Mosque",
        "name_disaster": "_",
        "source": "survey",
        "source:date": "2018-08-11",
        "source:name": "logic_undp"
      },
      "geometry": {
        "type": "Point",
        "coordinates": [
          90.7256207,
          22.4471545
        ]
      },
      "id": "node/6105692801"
    },
    {
      "type": "Feature",
      "properties": {
        "@id": "node/6105692803",
        "addr:district": "Bhola",
        "addr:union": "Deula",
        "addr:ward": "4",
        "amenity": "toilets",
        "damage": "no",
        "description": "Length 15' Weidth 10' [semi Pacca]",
        "name": "Public Toilet",
        "name_disaster": "_",
        "source": "survey",
        "source:date": "2018-08-11",
        "source:name": "logic_undp"
      },
      "geometry": {
        "type": "Point",
        "coordinates": [
          90.7069498,
          22.4314121
        ]
      },
      "id": "node/6105692803"
    },
    {
      "type": "Feature",
      "properties": {
        "@id": "node/6105692804",
        "addr:district": "Bhola",
        "addr:union": "Deula",
        "addr:ward": "4",
        "amenity": "toilets",
        "damage": "no",
        "description": "Length 15' Weidth 10' Pacca used 300 people]",
        "name": "Public Toilet in front of Kort House",
        "name_disaster": "_",
        "source": "survey",
        "source:date": "2018-08-11",
        "source:name": "logic_undp"
      },
      "geometry": {
        "type": "Point",
        "coordinates": [
          90.7126039,
          22.4308022
        ]
      },
      "id": "node/6105692804"
    },
    {
      "type": "Feature",
      "properties": {
        "@id": "node/6105692805",
        "addr:district": "Bhola",
        "addr:union": "Deula",
        "addr:ward": "4",
        "amenity": "toilets",
        "damage": "no",
        "description": "01 decimal land [used 200 people]",
        "name": "Public Toilet in front of Haji house",
        "name_disaster": "_",
        "source": "survey",
        "source:date": "2018-08-11",
        "source:name": "logic_undp"
      },
      "geometry": {
        "type": "Point",
        "coordinates": [
          90.7104287,
          22.4281493
        ]
      },
      "id": "node/6105692805"
    },
    {
      "type": "Feature",
      "properties": {
        "@id": "node/6105692807",
        "addr:district": "Bhola",
        "addr:union": "Deula",
        "addr:ward": "4",
        "amenity": "toilets",
        "damage": "no",
        "description": "01 decimal land [Used 500 people, broken]",
        "name": "Public Toilet",
        "name_disaster": "_",
        "source": "survey",
        "source:date": "2018-08-11",
        "source:name": "logic_undp"
      },
      "geometry": {
        "type": "Point",
        "coordinates": [
          90.6999788,
          22.4289625
        ]
      },
      "id": "node/6105692807"
    },
    {
      "type": "Feature",
      "properties": {
        "@id": "node/6105692808",
        "addr:district": "Bhola",
        "addr:union": "Deula",
        "addr:ward": "4",
        "amenity": "toilets",
        "damage": "no",
        "description": "01 decimal land [Semi pacca ,used 200 people",
        "name": "Public Toilet",
        "name_disaster": "_",
        "source": "survey",
        "source:date": "2018-08-11",
        "source:name": "logic_undp"
      },
      "geometry": {
        "type": "Point",
        "coordinates": [
          90.6990165,
          22.4308164
        ]
      },
      "id": "node/6105692808"
    },
    {
      "type": "Feature",
      "properties": {
        "@id": "node/6105692809",
        "addr:district": "Bhola",
        "addr:union": "Deula",
        "addr:ward": "0",
        "amenity": "toilets",
        "damage": "no",
        "description": "01 decimal land [pacca. Used 500 people]",
        "name": "Public Toilet",
        "name_disaster": "_",
        "source": "survey",
        "source:date": "2018-08-11",
        "source:name": "logic_undp"
      },
      "geometry": {
        "type": "Point",
        "coordinates": [
          90.7000297,
          22.4258212
        ]
      },
      "id": "node/6105692809"
    },
    {
      "type": "Feature",
      "properties": {
        "@id": "node/6105692810",
        "access": "yes",
        "addr:district": "Bhola",
        "addr:union": "Deula",
        "addr:ward": "4",
        "amenity": "toilets",
        "damage": "no",
        "description": "01 decimal land [used 400 people]",
        "name": "Public Toilet",
        "name_disaster": "_",
        "source": "survey",
        "source:date": "2018-08-11",
        "source:name": "logic_undp"
      },
      "geometry": {
        "type": "Point",
        "coordinates": [
          90.7003891,
          22.4247799
        ]
      },
      "id": "node/6105692810"
    },
    {
      "type": "Feature",
      "properties": {
        "@id": "node/6105799798",
        "addr:district": "Bhola",
        "addr:union": "Uttar Joynagar",
        "addr:ward": "8",
        "amenity": "toilets",
        "damage": "no",
        "description": "used by musulli",
        "name": "Kader chairman bari toilet.",
        "source": "survey",
        "source:date": "2018-08-11",
        "source:name": "logic_undp"
      },
      "geometry": {
        "type": "Point",
        "coordinates": [
          90.697892,
          22.5707213
        ]
      },
      "id": "node/6105799798"
    },
    {
      "type": "Feature",
      "properties": {
        "@id": "node/6105799845",
        "addr:district": "Bhola",
        "addr:union": "Uttar Joynagar",
        "addr:ward": "8",
        "amenity": "toilets",
        "damage": "no",
        "description": "pacca, use community.",
        "name": "Mosque's toilet of Babul's house",
        "source": "survey",
        "source:date": "2018-08-11",
        "source:name": "logic_undp"
      },
      "geometry": {
        "type": "Point",
        "coordinates": [
          90.7019502,
          22.5791297
        ]
      },
      "id": "node/6105799845"
    },
    {
      "type": "Feature",
      "properties": {
        "@id": "node/6105800249",
        "addr:district": "Bhola",
        "addr:union": "Uttar Joynagar",
        "addr:ward": "5",
        "amenity": "toilets",
        "damage": "no",
        "description": "300 people use it",
        "name": "Public toilet infront of Fokir House",
        "source": "survey",
        "source:date": "2018-08-11",
        "source:name": "logic_undp"
      },
      "geometry": {
        "type": "Point",
        "coordinates": [
          90.6805086,
          22.592681
        ]
      },
      "id": "node/6105800249"
    },
    {
      "type": "Feature",
      "properties": {
        "@id": "node/6105800534",
        "addr:district": "Bhola",
        "addr:union": "Uttar Joynagar",
        "addr:ward": "4",
        "amenity": "police",
        "damage": "no",
        "description": "pacca, rental, 40 decimal land",
        "name": "Bangla Bazar Police Outpost",
        "source": "survey",
        "source:date": "2018-08-11",
        "source:name": "logic_undp"
      },
      "geometry": {
        "type": "Point",
        "coordinates": [
          90.6603156,
          22.5890444
        ]
      },
      "id": "node/6105800534"
    },
    {
      "type": "Feature",
      "properties": {
        "@id": "node/6105800618",
        "addr:district": "Bhola",
        "addr:union": "Uttar Joynagar",
        "addr:ward": "3",
        "amenity": "toilets",
        "damage": "no",
        "description": "1 decimal land [paka]",
        "name": "Public Toilet of Khaser hat bazar",
        "source": "survey",
        "source:date": "2018-08-11",
        "source:name": "logic_undp",
        "source_ref": "https://www.openstreetmap.org/user/aHaSaN/diary"
      },
      "geometry": {
        "type": "Point",
        "coordinates": [
          90.6586768,
          22.5935478
        ]
      },
      "id": "node/6105800618"
    },
    {
      "type": "Feature",
      "properties": {
        "@id": "node/6105800640",
        "addr:district": "Bhola",
        "addr:union": "Uttar Joynagar",
        "addr:ward": "2",
        "amenity": "toilets",
        "damage": "no",
        "description": "1 decimal land",
        "name": "Public toilet near Shako",
        "source": "survey",
        "source:date": "2018-08-11",
        "source:name": "logic_undp",
        "source_ref": "https://www.openstreetmap.org/user/aHaSaN/diary"
      },
      "geometry": {
        "type": "Point",
        "coordinates": [
          90.672521,
          22.6029304
        ]
      },
      "id": "node/6105800640"
    },
    {
      "type": "Feature",
      "properties": {
        "@id": "node/6106623866",
        "addr:district": "Bhola",
        "addr:union": "Bara Manika",
        "addr:ward": "3",
        "amenity": "toilets",
        "description": "Pacca toy-late",
        "name": "Public toilet beside Bridge",
        "source": "survey",
        "source:date": "2018-11-08",
        "source:name": "logic_undp",
        "source_ref": "https://www.openstreetmap.org/user/aHaSaN/diary",
        "type": "Social"
      },
      "geometry": {
        "type": "Point",
        "coordinates": [
          90.7008009,
          22.52444
        ]
      },
      "id": "node/6106623866"
    },
    {
      "type": "Feature",
      "properties": {
        "@id": "node/6106623869",
        "access": "yes",
        "addr:district": "Bhola",
        "addr:union": "Bara Manika",
        "addr:ward": "5",
        "amenity": "toilets",
        "damage": "No",
        "description": "2 Decimal",
        "female": "yes",
        "male": "yes",
        "name": "Wash Block Male And Female",
        "source": "survey",
        "source:date": "2018-11-08",
        "source:name": "logic_undp",
        "source_ref": "https://www.openstreetmap.org/user/aHaSaN/diary",
        "type": "Physical"
      },
      "geometry": {
        "type": "Point",
        "coordinates": [
          90.7351398,
          22.5427483
        ]
      },
      "id": "node/6106623869"
    },
    {
      "type": "Feature",
      "properties": {
        "@id": "node/6106909695",
        "addr:district": "Bhola",
        "addr:union": "Deula",
        "addr:ward": "7",
        "amenity": "toilets",
        "damage": "no",
        "description": "Paka House",
        "name": "Public Toilet Of Char Algi Jame Mosque",
        "name_disaster": "_",
        "source": "survey",
        "source:date": "2018-08-11",
        "source:name": "logic_undp",
        "source_ref": "https://www.openstreetmap.org/user/aHaSaN/diary"
      },
      "geometry": {
        "type": "Point",
        "coordinates": [
          90.7203823,
          22.4311022
        ]
      },
      "id": "node/6106909695"
    },
    {
      "type": "Feature",
      "properties": {
        "@id": "node/6106909704",
        "addr:district": "Bhola",
        "addr:union": "Deula",
        "addr:ward": "8",
        "amenity": "toilets",
        "damage": "no",
        "description": "paka toilet With 2 rooms",
        "name": "Toilet Of Hawlader House Mosque",
        "name_disaster": "_",
        "source": "survey",
        "source:date": "2018-08-11",
        "source:name": "logic_undp",
        "source_ref": "https://www.openstreetmap.org/user/aHaSaN/diary"
      },
      "geometry": {
        "type": "Point",
        "coordinates": [
          90.7172924,
          22.4209913
        ]
      },
      "id": "node/6106909704"
    },
    {
      "type": "Feature",
      "properties": {
        "@id": "node/6109581730",
        "Source_ref": "https://www.openstreetmap.org/user/aHaSaN/diary",
        "addr:district": "Bhola",
        "addr:union": "Dakshin Dighaldi",
        "addr:ward": "7",
        "amenity": "toilets",
        "damage": "no",
        "description": "length-15 feet, width-05 feet, all pacca",
        "name": "Public Toilet biside Moddi howlader bari",
        "name_disaster": "-",
        "source": "survey",
        "source:date": "2018-08-11",
        "source:name": "logic_undp",
        "type": "Physical"
      },
      "geometry": {
        "type": "Point",
        "coordinates": [
          90.656303,
          22.5752648
        ]
      },
      "id": "node/6109581730"
    },
    {
      "type": "Feature",
      "properties": {
        "@id": "node/6109581784",
        "Source_ref": "https://www.openstreetmap.org/user/aHaSaN/diary",
        "addr:district": "Bhola",
        "addr:union": "Dakshin Dighaldi",
        "addr:ward": "7",
        "amenity": "toilets",
        "damage": "yes",
        "description": "Semi pacca",
        "name": "Santir hat bazar Public Toilet",
        "name_disaster": "-",
        "source": "survey",
        "source:date": "2018-08-11",
        "source:name": "logic_undp",
        "type": "Social"
      },
      "geometry": {
        "type": "Point",
        "coordinates": [
          90.642896,
          22.5700129
        ]
      },
      "id": "node/6109581784"
    },
    {
      "type": "Feature",
      "properties": {
        "@id": "node/6109584593",
        "Source_ref": "https://www.openstreetmap.org/user/aHaSaN/diary",
        "addr:district": "Bhola",
        "addr:union": "Dakshin Dighaldi",
        "addr:ward": "8",
        "amenity": "toilets",
        "damage": "no",
        "description": "length-10 feet, width-04 feet all pacca",
        "name": "Salem kord barir toilet",
        "name_disaster": "-",
        "source": "survey",
        "source:date": "2018-08-11",
        "source:name": "logic_undp",
        "type": "Physical"
      },
      "geometry": {
        "type": "Point",
        "coordinates": [
          90.6451035,
          22.563905
        ]
      },
      "id": "node/6109584593"
    },
    {
      "type": "Feature",
      "properties": {
        "@id": "node/6112243275",
        "Source_ref": "https://www.openstreetmap.org/user/aHaSaN/diary",
        "addr:district": "Bhola",
        "addr:union": "Dakshin Dighaldi",
        "addr:ward": "4",
        "amenity": "toilets",
        "damage": "no",
        "description": "Semi pacca",
        "name": "Public Toilet in front of Mosarrof Master house",
        "name:disaster": "_",
        "source": "survey",
        "source:date": "2018-08-11",
        "source:name": "logic_undp",
        "type": "Physical"
      },
      "geometry": {
        "type": "Point",
        "coordinates": [
          90.6327572,
          22.5809227
        ]
      },
      "id": "node/6112243275"
    },
    {
      "type": "Feature",
      "properties": {
        "@id": "node/6112326876",
        "addr:district": "Barguna",
        "addr:union": "Badarkhali",
        "addr:ward": "5",
        "amenity": "police",
        "damage": "Yes",
        "description": "Police camp near Fuljuri Bazar (RCC+tinshade house). The structure inundated by high tide continuosly and 30% damaged.",
        "name": "Police camp",
        "name_disaster": "High tide",
        "source": "survey",
        "source:date": "2018-11-08",
        "source:name": "logic_undp",
        "source_ref": "https://www.openstreetmap.org/user/aHaSaN/diary",
        "type": "Physical"
      },
      "geometry": {
        "type": "Point",
        "coordinates": [
          90.0749731,
          22.2145506
        ]
      },
      "id": "node/6112326876"
    },
    {
      "type": "Feature",
      "properties": {
        "@id": "node/6112326883",
        "addr:district": "Barguna",
        "addr:union": "Badarkhali",
        "addr:ward": "1",
        "amenity": "toilets",
        "damage": "yes",
        "description": "own tolit of kader hujur madrasha. damaged by high wind in 2007 and 80% damaged.",
        "name": "Madrasha toilet",
        "name_disaster": "sidr",
        "source": "survey",
        "source:date": "2018-11-08",
        "source:name": "logic_undp",
        "source_ref": "https://www.openstreetmap.org/user/aHaSaN/diary",
        "type": "Physical"
      },
      "geometry": {
        "type": "Point",
        "coordinates": [
          90.0771832,
          22.1795243
        ]
      },
      "id": "node/6112326883"
    },
    {
      "type": "Feature",
      "properties": {
        "@id": "node/6112397492",
        "addr:district": "Khulna",
        "addr:union": "Moheshwaripur",
        "addr:ward": "8",
        "amenity": "police",
        "damage": "yes",
        "description": "on 33 shotok,structural damage,",
        "name": "Hadda police camp",
        "name_disaster": "Aila",
        "source": "survey",
        "source:date": "21-11-2018",
        "source:name": "logic_undp",
        "source_ref": "https://www.openstreetmap.org/user/aHaSaN/diary",
        "type": "physical"
      },
      "geometry": {
        "type": "Point",
        "coordinates": [
          89.3911305,
          22.4646823
        ]
      },
      "id": "node/6112397492"
    },
    {
      "type": "Feature",
      "properties": {
        "@id": "node/6122126885",
        "Type": "Institutional",
        "addr:district": "Khulna",
        "addr:union": "Sutarkhali",
        "addr:ward": "5",
        "amenity": "police",
        "damage": "Yes",
        "description": "Almost 1000 acre of agricultural land(2009, Totally Damage, 95%)",
        "name": "Naliyan Naval Police Station",
        "name_disaster": "Aila",
        "source": "survey",
        "source:date": "2018-11-21",
        "source:name": "logic_undp",
        "source_ref": "https://www.openstreetmap.org/user/aHaSaN/diary"
      },
      "geometry": {
        "type": "Point",
        "coordinates": [
          89.4349793,
          22.4649822
        ]
      },
      "id": "node/6122126885"
    },
    {
      "type": "Feature",
      "properties": {
        "@id": "node/6123895107",
        "addr:district": "Barguna",
        "addr:union": "Dhalua",
        "addr:ward": "Noli 9",
        "amenity": "toilets",
        "damage": "no",
        "description": "Noli bazar adjucent tol",
        "name": "Public toilet",
        "source": "survey",
        "source:date": "2018-10-09",
        "source:name": "logic_undp",
        "source_ref": "https://www.openstreetmap.org/user/aHaSaN/diary"
      },
      "geometry": {
        "type": "Point",
        "coordinates": [
          90.0378245,
          22.070961
        ]
      },
      "id": "node/6123895107"
    },
    {
      "type": "Feature",
      "properties": {
        "@id": "node/6126373099",
        "addr:district": "Khulna",
        "addr:union": "Maharajpur",
        "addr:ward": "4 no ward",
        "amenity": "toilets",
        "damage": "no",
        "description": "One-storey healthy towel",
        "name": "Kalna Bazar Public Toilet",
        "source": "survey",
        "source:date": "9/10/2018",
        "source:name": "logic_undp",
        "source_ref": "https://bit.ly/2NBTrkT",
        "type": "physical"
      },
      "geometry": {
        "type": "Point",
        "coordinates": [
          89.2785984,
          22.3765376
        ]
      },
      "id": "node/6126373099"
    },
    {
      "type": "Feature",
      "properties": {
        "@id": "node/6126763107",
        "Source_ref": "https://www.openstreetmap.org/user/aHaSaN/diary",
        "addr:district": "khulna",
        "addr:union": "Pankhali",
        "addr:ward": "9",
        "amenity": "toilets",
        "damage": "yes",
        "description": "long 1.5km and wide 6ft",
        "name": "baroi feri ghar public toilet",
        "name_disaster": "Aila",
        "source": "survey",
        "source:date": "2018-11-21",
        "source:name": "logic_undp",
        "type": "Physical"
      },
      "geometry": {
        "type": "Point",
        "coordinates": [
          89.5112559,
          22.5820372
        ]
      },
      "id": "node/6126763107"
    },
    {
      "type": "Feature",
      "properties": {
        "@id": "node/6126763165",
        "Source_ref": "https://www.openstreetmap.org/user/aHaSaN/diary",
        "addr:district": "khulna",
        "addr:union": "Pankhali",
        "addr:ward": "7",
        "amenity": "toilets",
        "damage": "yes",
        "description": "wide 30 ft long 11.5 km (2007 year and 90% damaged,natural damage)",
        "name": "jonoshadharon toilet",
        "name_disaster": "Aila",
        "source": "survey",
        "source:date": "2018-11-21",
        "source:name": "logic_undp",
        "type": "Physical"
      },
      "geometry": {
        "type": "Point",
        "coordinates": [
          89.4765776,
          22.6085747
        ]
      },
      "id": "node/6126763165"
    },
    {
      "type": "Feature",
      "properties": {
        "@id": "node/6126908249",
        "addr:district": "Barguna",
        "addr:union": "Pancha Karalia",
        "addr:ward": "3",
        "amenity": "police",
        "damage": "No",
        "description": "Chandantoli Police camp (RCC wall + tin shed). . .",
        "name": "Police camp",
        "source": "survey",
        "source:date": "2018-08-11",
        "source:name": "logic_undp",
        "source_ref": "https://www.openstreetmap.org/user/aHaSaN/diary",
        "type": "Physical"
      },
      "geometry": {
        "type": "Point",
        "coordinates": [
          90.1315704,
          22.0602456
        ]
      },
      "id": "node/6126908249"
    },
    {
      "type": "Feature",
      "properties": {
        "@id": "node/6127549892",
        "amenity": "police",
        "name": "Baraowlia Highway Police Station বারআউলিয়া হাইওয়ে থানা"
      },
      "geometry": {
        "type": "Point",
        "coordinates": [
          91.720343,
          22.4803109
        ]
      },
      "id": "node/6127549892"
    },
    {
      "type": "Feature",
      "properties": {
        "@id": "node/6128143799",
        "addr:district": "Bhola",
        "addr:union": "Rajapur",
        "addr:ward": "9",
        "amenity": "toilets",
        "damage": "No",
        "description": "Pacca. .",
        "name": "Toilet of Shampur Govt. Primary School",
        "source": "survey",
        "source:date": "2018-08-11",
        "source:name": "logic_undp",
        "source_ref": "https://www.openstreetmap.org/user/aHaSaN/diary",
        "type": "physical"
      },
      "geometry": {
        "type": "Point",
        "coordinates": [
          90.5747303,
          22.7667687
        ]
      },
      "id": "node/6128143799"
    },
    {
      "type": "Feature",
      "properties": {
        "@id": "node/6135032190",
        "amenity": "police",
        "loc_name": "বট্টলি বাজার পুলিশ ফাঁড়ি",
        "name": "Metropolitan Police Outpost, State police, Chittagong - Rangamati Khagrachhari Rd, Chattogram"
      },
      "geometry": {
        "type": "Point",
        "coordinates": [
          91.8189347,
          22.4021509
        ]
      },
      "id": "node/6135032190"
    },
    {
      "type": "Feature",
      "properties": {
        "@id": "node/6139893684",
        "amenity": "police",
        "name": "RAB"
      },
      "geometry": {
        "type": "Point",
        "coordinates": [
          89.3781179,
          24.8224865
        ]
      },
      "id": "node/6139893684"
    },
    {
      "type": "Feature",
      "properties": {
        "@id": "node/6162797416",
        "amenity": "police",
        "name": "Tarail Police Station"
      },
      "geometry": {
        "type": "Point",
        "coordinates": [
          90.8924501,
          24.5499002
        ]
      },
      "id": "node/6162797416"
    },
    {
      "type": "Feature",
      "properties": {
        "@id": "node/6163500163",
        "amenity": "police",
        "name": "Kuliarchar Police Station"
      },
      "geometry": {
        "type": "Point",
        "coordinates": [
          90.9322581,
          24.1537264
        ]
      },
      "id": "node/6163500163"
    },
    {
      "type": "Feature",
      "properties": {
        "@id": "node/6164254514",
        "amenity": "police",
        "name": "Mithamoin Police Station"
      },
      "geometry": {
        "type": "Point",
        "coordinates": [
          91.0540632,
          24.4174846
        ]
      },
      "id": "node/6164254514"
    },
    {
      "type": "Feature",
      "properties": {
        "@id": "node/6188866120",
        "amenity": "toilets"
      },
      "geometry": {
        "type": "Point",
        "coordinates": [
          89.7589177,
          22.6607719
        ]
      },
      "id": "node/6188866120"
    },
    {
      "type": "Feature",
      "properties": {
        "@id": "node/6191760071",
        "amenity": "police",
        "name": "কুমিরা বাশঁবাড়ীয়া হাইওয়ে পুলিশ ফাঁড়ী"
      },
      "geometry": {
        "type": "Point",
        "coordinates": [
          91.6959854,
          22.5408682
        ]
      },
      "id": "node/6191760071"
    },
    {
      "type": "Feature",
      "properties": {
        "@id": "node/6199677174",
        "amenity": "toilets"
      },
      "geometry": {
        "type": "Point",
        "coordinates": [
          90.3899409,
          23.7192976
        ]
      },
      "id": "node/6199677174"
    },
    {
      "type": "Feature",
      "properties": {
        "@id": "node/6200444645",
        "amenity": "toilets"
      },
      "geometry": {
        "type": "Point",
        "coordinates": [
          91.8689471,
          24.9003071
        ]
      },
      "id": "node/6200444645"
    },
    {
      "type": "Feature",
      "properties": {
        "@id": "node/6215445256",
        "amenity": "police",
        "name": "Sitakund Model Police Station"
      },
      "geometry": {
        "type": "Point",
        "coordinates": [
          91.6574775,
          22.6209754
        ]
      },
      "id": "node/6215445256"
    },
    {
      "type": "Feature",
      "properties": {
        "@id": "node/6220683820",
        "amenity": "police",
        "name": "Jatrabari Traffic Police Box"
      },
      "geometry": {
        "type": "Point",
        "coordinates": [
          90.4350186,
          23.7094516
        ]
      },
      "id": "node/6220683820"
    },
    {
      "type": "Feature",
      "properties": {
        "@id": "node/6317294494",
        "amenity": "police",
        "name:en": "চিকন্দি পুলিশ ফাঁড়ি"
      },
      "geometry": {
        "type": "Point",
        "coordinates": [
          90.3114005,
          23.2542778
        ]
      },
      "id": "node/6317294494"
    },
    {
      "type": "Feature",
      "properties": {
        "@id": "node/6372151338",
        "amenity": "police",
        "name": "ডিমলা থানা",
        "name:bn": "ডিমলা থানা",
        "name:en": "Dimla Police Station"
      },
      "geometry": {
        "type": "Point",
        "coordinates": [
          88.9212936,
          26.1539235
        ]
      },
      "id": "node/6372151338"
    },
    {
      "type": "Feature",
      "properties": {
        "@id": "node/6372151342",
        "amenity": "toilets",
        "name": "পাবলিক টয়লেট"
      },
      "geometry": {
        "type": "Point",
        "coordinates": [
          88.920054,
          26.1520593
        ]
      },
      "id": "node/6372151342"
    },
    {
      "type": "Feature",
      "properties": {
        "@id": "node/6378686909",
        "amenity": "police",
        "name": "কিশোরগঞ্জ থানা",
        "operator": "বাংলাদেশ পুলিশ"
      },
      "geometry": {
        "type": "Point",
        "coordinates": [
          89.0200837,
          25.899002
        ]
      },
      "id": "node/6378686909"
    },
    {
      "type": "Feature",
      "properties": {
        "@id": "node/6513169350",
        "addr:city": "shibchar",
        "addr:postcode": "7930",
        "addr:street": "Shibchar thana rd",
        "amenity": "police",
        "name": "Shibchar Police Station",
        "opening_hours": "24/7",
        "phone": "+8801713-373588",
        "website": "https://www.police.gov.bd"
      },
      "geometry": {
        "type": "Point",
        "coordinates": [
          90.1573831,
          23.3458165
        ]
      },
      "id": "node/6513169350"
    },
    {
      "type": "Feature",
      "properties": {
        "@id": "node/6534506801",
        "amenity": "police",
        "name": "শাহজাহানপুর থানা",
        "name:bn": "শাহজাহানপুর থানা",
        "name:en": "Shahjahanpur Police Station"
      },
      "geometry": {
        "type": "Point",
        "coordinates": [
          90.4253778,
          23.7388973
        ]
      },
      "id": "node/6534506801"
    },
    {
      "type": "Feature",
      "properties": {
        "@id": "node/6534986752",
        "amenity": "fire_station",
        "name": "ফায়ার সার্ভিস ও সিভিল ডিফেন্স খিলগাঁও",
        "name:bn": "ফায়ার সার্ভিস ও সিভিল ডিফেন্স খিলগাও",
        "name:en": "Fire Service and Civil Defence Khilgao"
      },
      "geometry": {
        "type": "Point",
        "coordinates": [
          90.4307839,
          23.746025
        ]
      },
      "id": "node/6534986752"
    },
    {
      "type": "Feature",
      "properties": {
        "@id": "node/6574122504",
        "amenity": "police",
        "name": "খালিয়াজুরী থানা",
        "name:bn": "খালিয়াজুরী থানা",
        "name:en": "Khaliajuri Police station"
      },
      "geometry": {
        "type": "Point",
        "coordinates": [
          91.138935,
          24.6889959
        ]
      },
      "id": "node/6574122504"
    },
    {
      "type": "Feature",
      "properties": {
        "@id": "node/6581084571",
        "access": "yes",
        "amenity": "toilets",
        "male": "yes",
        "toilets:disposal": "bucket"
      },
      "geometry": {
        "type": "Point",
        "coordinates": [
          88.6457595,
          24.3681303
        ]
      },
      "id": "node/6581084571"
    },
    {
      "type": "Feature",
      "properties": {
        "@id": "node/6602502070",
        "amenity": "toilets"
      },
      "geometry": {
        "type": "Point",
        "coordinates": [
          89.2695655,
          24.4835089
        ]
      },
      "id": "node/6602502070"
    },
    {
      "type": "Feature",
      "properties": {
        "@id": "node/6602961884",
        "amenity": "police",
        "name": "সদরপুর থানা"
      },
      "geometry": {
        "type": "Point",
        "coordinates": [
          90.0257296,
          23.4742471
        ]
      },
      "id": "node/6602961884"
    },
    {
      "type": "Feature",
      "properties": {
        "@id": "node/6611291463",
        "amenity": "police",
        "name": "আটপাড়া থানা"
      },
      "geometry": {
        "type": "Point",
        "coordinates": [
          90.8574311,
          24.8129932
        ]
      },
      "id": "node/6611291463"
    },
    {
      "type": "Feature",
      "properties": {
        "@id": "node/6625402785",
        "addr:street": "Alikodom",
        "amenity": "fire_station",
        "name:en": "Alikadam"
      },
      "geometry": {
        "type": "Point",
        "coordinates": [
          92.3129482,
          21.6529421
        ]
      },
      "id": "node/6625402785"
    },
    {
      "type": "Feature",
      "properties": {
        "@id": "node/6636544901",
        "amenity": "police",
        "name": "Alikadam Police Station"
      },
      "geometry": {
        "type": "Point",
        "coordinates": [
          92.3092908,
          21.6529958
        ]
      },
      "id": "node/6636544901"
    },
    {
      "type": "Feature",
      "properties": {
        "@id": "node/6643465653",
        "amenity": "police",
        "name": "পুলিশ বক্স",
        "name:en": "Police Box"
      },
      "geometry": {
        "type": "Point",
        "coordinates": [
          90.8775233,
          24.6929597
        ]
      },
      "id": "node/6643465653"
    },
    {
      "type": "Feature",
      "properties": {
        "@id": "node/6656666615",
        "amenity": "police",
        "name": "Baniachang Police Station"
      },
      "geometry": {
        "type": "Point",
        "coordinates": [
          91.3687608,
          24.5217895
        ]
      },
      "id": "node/6656666615"
    },
    {
      "type": "Feature",
      "properties": {
        "@id": "node/6717735870",
        "amenity": "toilets",
        "name": "Masjid Toilets",
        "source": "Field Survey"
      },
      "geometry": {
        "type": "Point",
        "coordinates": [
          90.609554,
          24.63117
        ]
      },
      "id": "node/6717735870"
    },
    {
      "type": "Feature",
      "properties": {
        "@id": "node/6717772124",
        "amenity": "toilets",
        "name": "Bazar Public Toilet",
        "source": "Field Survey"
      },
      "geometry": {
        "type": "Point",
        "coordinates": [
          90.6086531,
          24.630947
        ]
      },
      "id": "node/6717772124"
    },
    {
      "type": "Feature",
      "properties": {
        "@id": "node/6752585933",
        "amenity": "toilets"
      },
      "geometry": {
        "type": "Point",
        "coordinates": [
          90.0638916,
          22.6210128
        ]
      },
      "id": "node/6752585933"
    },
    {
      "type": "Feature",
      "properties": {
        "@id": "node/6787815046",
        "addr:city": "Moulvibazar",
        "addr:street": "Shah Mostafa Road",
        "amenity": "toilets"
      },
      "geometry": {
        "type": "Point",
        "coordinates": [
          91.7686929,
          24.4864541
        ]
      },
      "id": "node/6787815046"
    },
    {
      "type": "Feature",
      "properties": {
        "@id": "node/6821714796",
        "amenity": "police",
        "name": "Dinajpur Kotowali Thana",
        "name:bn": "কোতয়ালী থানা"
      },
      "geometry": {
        "type": "Point",
        "coordinates": [
          88.638884,
          25.6362404
        ]
      },
      "id": "node/6821714796"
    },
    {
      "type": "Feature",
      "properties": {
        "@id": "node/6833668135",
        "amenity": "police",
        "name": "Ishwarganj Upazila Police Station"
      },
      "geometry": {
        "type": "Point",
        "coordinates": [
          90.5927561,
          24.6842107
        ]
      },
      "id": "node/6833668135"
    },
    {
      "type": "Feature",
      "properties": {
        "@id": "node/6869905712",
        "amenity": "toilets",
        "name": "Madhobdi Municipal Public Toilet"
      },
      "geometry": {
        "type": "Point",
        "coordinates": [
          90.6714024,
          23.8575023
        ]
      },
      "id": "node/6869905712"
    },
    {
      "type": "Feature",
      "properties": {
        "@id": "node/6872712506",
        "addr:city": "madan",
        "addr:postcode": "2490",
        "addr:street": "জাহাঙ্গীরপুর সেন্টার মেইন রোড",
        "amenity": "toilets",
        "name": "Public Toilet"
      },
      "geometry": {
        "type": "Point",
        "coordinates": [
          90.9493527,
          24.7166373
        ]
      },
      "id": "node/6872712506"
    },
    {
      "type": "Feature",
      "properties": {
        "@id": "node/6875219312",
        "addr:city": "Madan",
        "addr:street": "মদন-নেত্রকোনা রোড",
        "amenity": "fire_station",
        "name": "Madan Fire Service",
        "name:bn": "মদন ফায়ার সার্ভিস"
      },
      "geometry": {
        "type": "Point",
        "coordinates": [
          90.9348614,
          24.7195634
        ]
      },
      "id": "node/6875219312"
    },
    {
      "type": "Feature",
      "properties": {
        "@id": "node/6900003022",
        "amenity": "police",
        "name": "Police Box"
      },
      "geometry": {
        "type": "Point",
        "coordinates": [
          90.3834764,
          23.7586571
        ]
      },
      "id": "node/6900003022"
    },
    {
      "type": "Feature",
      "properties": {
        "@id": "node/6900003027",
        "amenity": "police",
        "name": "Police Box"
      },
      "geometry": {
        "type": "Point",
        "coordinates": [
          90.3834345,
          23.7583468
        ]
      },
      "id": "node/6900003027"
    },
    {
      "type": "Feature",
      "properties": {
        "@id": "node/6900059592",
        "amenity": "police",
        "name": "Police Box",
        "wheelchair": "no"
      },
      "geometry": {
        "type": "Point",
        "coordinates": [
          90.3753887,
          23.7563014
        ]
      },
      "id": "node/6900059592"
    },
    {
      "type": "Feature",
      "properties": {
        "@id": "node/6901700558",
        "amenity": "police",
        "name": "Police Box"
      },
      "geometry": {
        "type": "Point",
        "coordinates": [
          90.3837341,
          23.7589068
        ]
      },
      "id": "node/6901700558"
    },
    {
      "type": "Feature",
      "properties": {
        "@id": "node/6904624096",
        "amenity": "police",
        "name": "Police Box"
      },
      "geometry": {
        "type": "Point",
        "coordinates": [
          90.4000613,
          23.7879777
        ]
      },
      "id": "node/6904624096"
    },
    {
      "type": "Feature",
      "properties": {
        "@id": "node/6904643105",
        "amenity": "police",
        "name": "Police Box"
      },
      "geometry": {
        "type": "Point",
        "coordinates": [
          90.4006252,
          23.7913861
        ]
      },
      "id": "node/6904643105"
    },
    {
      "type": "Feature",
      "properties": {
        "@id": "node/6904719949",
        "amenity": "police",
        "name": "Police Box"
      },
      "geometry": {
        "type": "Point",
        "coordinates": [
          90.3988134,
          23.7811065
        ]
      },
      "id": "node/6904719949"
    },
    {
      "type": "Feature",
      "properties": {
        "@id": "node/6904724179",
        "amenity": "police",
        "name": "পুলিশ বাক্স",
        "name:bn": "পুলিশ বাক্স",
        "name:en": "Police Box"
      },
      "geometry": {
        "type": "Point",
        "coordinates": [
          90.38271,
          23.765102
        ]
      },
      "id": "node/6904724179"
    },
    {
      "type": "Feature",
      "properties": {
        "@id": "node/6904756069",
        "amenity": "police",
        "emergency": "police_alarm_box",
        "name": "পুলিশ বাক্স",
        "name:bn": "পুলিশ বাক্স",
        "name:en": "Police Box"
      },
      "geometry": {
        "type": "Point",
        "coordinates": [
          90.3831664,
          23.7652546
        ]
      },
      "id": "node/6904756069"
    },
    {
      "type": "Feature",
      "properties": {
        "@id": "node/6904831884",
        "amenity": "police",
        "check_date": "2026-01-21",
        "name": "Police Box"
      },
      "geometry": {
        "type": "Point",
        "coordinates": [
          90.3885465,
          23.7642393
        ]
      },
      "id": "node/6904831884"
    },
    {
      "type": "Feature",
      "properties": {
        "@id": "node/6904869345",
        "amenity": "police",
        "name": "Police Box"
      },
      "geometry": {
        "type": "Point",
        "coordinates": [
          90.3981362,
          23.7777772
        ]
      },
      "id": "node/6904869345"
    },
    {
      "type": "Feature",
      "properties": {
        "@id": "node/6905007317",
        "amenity": "police",
        "name": "Police Box",
        "name:en": "Police Box"
      },
      "geometry": {
        "type": "Point",
        "coordinates": [
          90.3891511,
          23.7642817
        ]
      },
      "id": "node/6905007317"
    },
    {
      "type": "Feature",
      "properties": {
        "@id": "node/6905076745",
        "amenity": "police",
        "name": "Police Box"
      },
      "geometry": {
        "type": "Point",
        "coordinates": [
          90.3838283,
          23.7592374
        ]
      },
      "id": "node/6905076745"
    },
    {
      "type": "Feature",
      "properties": {
        "@id": "node/6905208621",
        "amenity": "police",
        "name": "Police Box"
      },
      "geometry": {
        "type": "Point",
        "coordinates": [
          90.3900592,
          23.7750414
        ]
      },
      "id": "node/6905208621"
    },
    {
      "type": "Feature",
      "properties": {
        "@id": "node/6905295060",
        "amenity": "police",
        "check_date": "2026-05-17",
        "name": "পুলিশ বক্স",
        "name:en": "Police Box"
      },
      "geometry": {
        "type": "Point",
        "coordinates": [
          90.3889805,
          23.767776
        ]
      },
      "id": "node/6905295060"
    },
    {
      "type": "Feature",
      "properties": {
        "@id": "node/6905385481",
        "amenity": "police",
        "name": "পুলিশ বাক্স",
        "name:bn": "পুলিশ বাক্স",
        "name:en": "Police Box"
      },
      "geometry": {
        "type": "Point",
        "coordinates": [
          90.3834575,
          23.7652867
        ]
      },
      "id": "node/6905385481"
    },
    {
      "type": "Feature",
      "properties": {
        "@id": "node/6959481321",
        "amenity": "toilets",
        "indoor": "yes",
        "name": "শৌচাগার",
        "name:bn": "শৌচাগার"
      },
      "geometry": {
        "type": "Point",
        "coordinates": [
          90.4064909,
          23.8470271
        ]
      },
      "id": "node/6959481321"
    },
    {
      "type": "Feature",
      "properties": {
        "@id": "node/6959713480",
        "amenity": "toilets",
        "fixme": "tag corrected, please check if it is an double entry, there is another toilet nearby",
        "name": "বিশ্রামাগার",
        "name:bn": "বিশ্রামাগার",
        "name:en": "Rest Room"
      },
      "geometry": {
        "type": "Point",
        "coordinates": [
          90.4064252,
          23.8469789
        ]
      },
      "id": "node/6959713480"
    },
    {
      "type": "Feature",
      "properties": {
        "@id": "node/6975851478",
        "amenity": "police",
        "name": "Kalaroa Police Station"
      },
      "geometry": {
        "type": "Point",
        "coordinates": [
          89.0412287,
          22.859164
        ]
      },
      "id": "node/6975851478"
    },
    {
      "type": "Feature",
      "properties": {
        "@id": "node/7048569568",
        "access": "yes",
        "amenity": "toilets",
        "changing_table": "yes",
        "check_date": "2024-05-13",
        "fee": "yes",
        "female": "yes",
        "male": "yes",
        "operator": "WaterAid",
        "payment:cash": "yes",
        "portable": "no",
        "toilets:disposal": "pitlatrine",
        "toilets:handwashing": "yes",
        "toilets:menstrual_products": "no",
        "toilets:position": "seated;urinal",
        "unisex": "yes",
        "wheelchair": "yes"
      },
      "geometry": {
        "type": "Point",
        "coordinates": [
          90.3654854,
          23.7727266
        ]
      },
      "id": "node/7048569568"
    },
    {
      "type": "Feature",
      "properties": {
        "@id": "node/7092835178",
        "addr:city": "Dhaka-sylhet hwy",
        "amenity": "fire_station",
        "name": "Shayestaganj Fire Service & Civil Defence Station"
      },
      "geometry": {
        "type": "Point",
        "coordinates": [
          91.4524698,
          24.2681795
        ]
      },
      "id": "node/7092835178"
    },
    {
      "type": "Feature",
      "properties": {
        "@id": "node/7171400943",
        "amenity": "police",
        "name": "Gurudaspur Thana"
      },
      "geometry": {
        "type": "Point",
        "coordinates": [
          89.2333712,
          24.369131
        ]
      },
      "id": "node/7171400943"
    },
    {
      "type": "Feature",
      "properties": {
        "@id": "node/7202547026",
        "amenity": "toilets"
      },
      "geometry": {
        "type": "Point",
        "coordinates": [
          88.8459375,
          24.8653174
        ]
      },
      "id": "node/7202547026"
    },
    {
      "type": "Feature",
      "properties": {
        "@id": "node/7213799471",
        "amenity": "toilets"
      },
      "geometry": {
        "type": "Point",
        "coordinates": [
          89.3544755,
          24.8258054
        ]
      },
      "id": "node/7213799471"
    },
    {
      "type": "Feature",
      "properties": {
        "@id": "node/7292505939",
        "amenity": "police",
        "name": "Gazipur Sadar Thana"
      },
      "geometry": {
        "type": "Point",
        "coordinates": [
          90.4197487,
          23.9999521
        ]
      },
      "id": "node/7292505939"
    },
    {
      "type": "Feature",
      "properties": {
        "@id": "node/7408935514",
        "addr:city": "Muradnagar",
        "addr:postcode": "3540",
        "addr:street": "Muradnagar-Eliotganj Road",
        "amenity": "police",
        "name": "Muradnagar Police Station",
        "name:bn": "মুরাদনগর থানা",
        "opening_hours": "24/7",
        "operator": "Government"
      },
      "geometry": {
        "type": "Point",
        "coordinates": [
          90.9312437,
          23.6375841
        ]
      },
      "id": "node/7408935514"
    },
    {
      "type": "Feature",
      "properties": {
        "@id": "node/7412925285",
        "addr:street": "Walter Road",
        "amenity": "police",
        "name:en": "Sutrapur Police Station"
      },
      "geometry": {
        "type": "Point",
        "coordinates": [
          90.4182322,
          23.7024792
        ]
      },
      "id": "node/7412925285"
    },
    {
      "type": "Feature",
      "properties": {
        "@id": "node/7414371234",
        "addr:city": "shariatpur",
        "addr:housenumber": "naria",
        "addr:postcode": "8020",
        "addr:street": "naria",
        "amenity": "police",
        "name": "Naria Thana",
        "name:bn": "নড়িয়া থানা",
        "opening_hours": "24/7",
        "operator": "Government"
      },
      "geometry": {
        "type": "Point",
        "coordinates": [
          90.4059509,
          23.3024483
        ]
      },
      "id": "node/7414371234"
    },
    {
      "type": "Feature",
      "properties": {
        "@id": "node/7430248274",
        "addr:city": "Dhaka",
        "addr:country": "BD",
        "amenity": "police",
        "name": "APBN Headquarter"
      },
      "geometry": {
        "type": "Point",
        "coordinates": [
          90.4044992,
          23.8573051
        ]
      },
      "id": "node/7430248274"
    },
    {
      "type": "Feature",
      "properties": {
        "@id": "node/7443180258",
        "addr:city": "Basail,Tangail",
        "addr:postcode": "1920",
        "addr:street": "Thana Road",
        "amenity": "police",
        "name": "বাসাইল থানা",
        "name:en": "Basail Poice Station",
        "opening_hours": "24/7"
      },
      "geometry": {
        "type": "Point",
        "coordinates": [
          90.0526595,
          24.2298242
        ]
      },
      "id": "node/7443180258"
    },
    {
      "type": "Feature",
      "properties": {
        "@id": "node/7461158287",
        "addr:city": "Gandaria, Dhaka",
        "addr:postcode": "1204",
        "addr:street": "Distilary Road",
        "name": "Dhupkhola Water Pump",
        "office": "water_utility"
      },
      "geometry": {
        "type": "Point",
        "coordinates": [
          90.4222595,
          23.7076822
        ]
      },
      "id": "node/7461158287"
    },
    {
      "type": "Feature",
      "properties": {
        "@id": "node/7462593543",
        "addr:city": "Bera",
        "addr:postcode": "6680",
        "addr:street": "Bera Thana Road",
        "amenity": "police",
        "name": "Bera Circle Office",
        "name:bn": "বেড়া সার্কেল অফিস"
      },
      "geometry": {
        "type": "Point",
        "coordinates": [
          89.6303297,
          24.0820357
        ]
      },
      "id": "node/7462593543"
    },
    {
      "type": "Feature",
      "properties": {
        "@id": "node/7466314985",
        "addr:city": "Bera",
        "addr:postcode": "6680",
        "addr:street": "Dhaka - Pabna Hwy",
        "amenity": "fire_station",
        "name": "Bera Fire Service & Civil Defence"
      },
      "geometry": {
        "type": "Point",
        "coordinates": [
          89.6115879,
          24.0732925
        ]
      },
      "id": "node/7466314985"
    },
    {
      "type": "Feature",
      "properties": {
        "@id": "node/7478274845",
        "amenity": "police",
        "name": "Narsingdi Police fari"
      },
      "geometry": {
        "type": "Point",
        "coordinates": [
          90.6911434,
          23.91638
        ]
      },
      "id": "node/7478274845"
    },
    {
      "type": "Feature",
      "properties": {
        "@id": "node/7502106130",
        "amenity": "police",
        "name": "Joydebpur Police Station",
        "opening_hours": "24/7",
        "operator": "Government"
      },
      "geometry": {
        "type": "Point",
        "coordinates": [
          90.420102,
          24.0025802
        ]
      },
      "id": "node/7502106130"
    },
    {
      "type": "Feature",
      "properties": {
        "@id": "node/7553336984",
        "addr:city": "Dhaka",
        "addr:country": "BD",
        "amenity": "police",
        "name": "RAB 1"
      },
      "geometry": {
        "type": "Point",
        "coordinates": [
          90.4036277,
          23.8575326
        ]
      },
      "id": "node/7553336984"
    },
    {
      "type": "Feature",
      "properties": {
        "@id": "node/7612063677",
        "amenity": "police",
        "name": "Gazipur Metropoliton Police Headquarters",
        "opening_hours": "24/7",
        "phone": "+8801769695555"
      },
      "geometry": {
        "type": "Point",
        "coordinates": [
          90.3945316,
          23.9913552
        ]
      },
      "id": "node/7612063677"
    },
    {
      "type": "Feature",
      "properties": {
        "@id": "node/7613075532",
        "amenity": "police",
        "name": "Shibpur Police Station",
        "name:bn": "শিবপুর থানা",
        "opening_hours:covid19": "24/7",
        "operator": "Government",
        "phone": "+8801726527803"
      },
      "geometry": {
        "type": "Point",
        "coordinates": [
          90.7390387,
          24.0392566
        ]
      },
      "id": "node/7613075532"
    },
    {
      "type": "Feature",
      "properties": {
        "@id": "node/7847642785",
        "addr:street": "সড়ক ১৭",
        "amenity": "police",
        "name:en": "Police DC Office Gulshan"
      },
      "geometry": {
        "type": "Point",
        "coordinates": [
          90.4090338,
          23.7927987
        ]
      },
      "id": "node/7847642785"
    },
    {
      "type": "Feature",
      "properties": {
        "@id": "node/7857125885",
        "amenity": "police",
        "name:en": "Bamna Police Station"
      },
      "geometry": {
        "type": "Point",
        "coordinates": [
          90.0945283,
          22.3098833
        ]
      },
      "id": "node/7857125885"
    },
    {
      "type": "Feature",
      "properties": {
        "@id": "node/7963486104",
        "amenity": "police",
        "name": "Raipura Thana"
      },
      "geometry": {
        "type": "Point",
        "coordinates": [
          90.8800179,
          23.9829242
        ]
      },
      "id": "node/7963486104"
    },
    {
      "type": "Feature",
      "properties": {
        "@id": "node/8042827935",
        "addr:city": "Jamalpur Sadar",
        "addr:postcode": "2000",
        "amenity": "fire_station",
        "name": "Jamalpur Fire Service & Civil Defense",
        "operator": "Ministry of Home  Affairs"
      },
      "geometry": {
        "type": "Point",
        "coordinates": [
          89.9513439,
          24.9213043
        ]
      },
      "id": "node/8042827935"
    },
    {
      "type": "Feature",
      "properties": {
        "@id": "node/8171619560",
        "addr:city": "Chapai Nawabganj",
        "amenity": "police",
        "name": "Chapai Nawabganj Police Station ওসি মিন্টু রহমান"
      },
      "geometry": {
        "type": "Point",
        "coordinates": [
          88.268706,
          24.5995126
        ]
      },
      "id": "node/8171619560"
    },
    {
      "type": "Feature",
      "properties": {
        "@id": "node/8171679057",
        "addr:city": "Rajshahi",
        "amenity": "police",
        "name": "Godagari Model Police Station"
      },
      "geometry": {
        "type": "Point",
        "coordinates": [
          88.3186072,
          24.466418
        ]
      },
      "id": "node/8171679057"
    },
    {
      "type": "Feature",
      "properties": {
        "@id": "node/8298488117",
        "amenity": "police",
        "opening_hours": "Jan-Dec: 24/7",
        "operator": "Police nationale",
        "phone": "8801820425645",
        "wheelchair": "limited"
      },
      "geometry": {
        "type": "Point",
        "coordinates": [
          92.3093609,
          21.6529533
        ]
      },
      "id": "node/8298488117"
    },
    {
      "type": "Feature",
      "properties": {
        "@id": "node/8317301269",
        "amenity": "police",
        "check_date": "2024-12-22",
        "internet_access": "no",
        "name": "Prosecution Branch, Mirpur Traffic",
        "payment:cards": "no",
        "payment:cash": "yes",
        "payment:credit_cards": "no",
        "payment:debit_cards": "no",
        "wheelchair": "no"
      },
      "geometry": {
        "type": "Point",
        "coordinates": [
          90.3687034,
          23.8126513
        ]
      },
      "id": "node/8317301269"
    },
    {
      "type": "Feature",
      "properties": {
        "@id": "node/8327153518",
        "amenity": "police",
        "name": "Traffic Police Box",
        "wheelchair": "limited"
      },
      "geometry": {
        "type": "Point",
        "coordinates": [
          90.3609234,
          23.7779718
        ]
      },
      "id": "node/8327153518"
    },
    {
      "type": "Feature",
      "properties": {
        "@id": "node/8413609905",
        "amenity": "police",
        "check_date": "2024-08-08",
        "internet_access": "no",
        "name": "Prosecution Branch"
      },
      "geometry": {
        "type": "Point",
        "coordinates": [
          90.3686906,
          23.8127942
        ]
      },
      "id": "node/8413609905"
    },
    {
      "type": "Feature",
      "properties": {
        "@id": "node/8421896019",
        "amenity": "police",
        "check_date": "2025-04-21",
        "name": "Deputy Police Commissioner"
      },
      "geometry": {
        "type": "Point",
        "coordinates": [
          90.3686931,
          23.8128222
        ]
      },
      "id": "node/8421896019"
    },
    {
      "type": "Feature",
      "properties": {
        "@id": "node/8502276814",
        "addr:city": "Sarishabari, Jamalpur",
        "addr:street": "Shimla Bazar Road",
        "amenity": "police",
        "name": "Sarishabari Thana",
        "opening_hours": "24/7",
        "operator": "Bangladesh Police"
      },
      "geometry": {
        "type": "Point",
        "coordinates": [
          89.8427929,
          24.7698799
        ]
      },
      "id": "node/8502276814"
    },
    {
      "type": "Feature",
      "properties": {
        "@id": "node/8502633962",
        "amenity": "police",
        "name": "Kachua Polica Station"
      },
      "geometry": {
        "type": "Point",
        "coordinates": [
          90.8974197,
          23.3449966
        ]
      },
      "id": "node/8502633962"
    },
    {
      "type": "Feature",
      "properties": {
        "@id": "node/8630576069",
        "access": "permissive",
        "amenity": "toilets",
        "fee": "no",
        "male": "yes",
        "toilets:disposal": "flush",
        "wheelchair": "no"
      },
      "geometry": {
        "type": "Point",
        "coordinates": [
          90.3958819,
          23.7314205
        ]
      },
      "id": "node/8630576069"
    },
    {
      "type": "Feature",
      "properties": {
        "@id": "node/8630576070",
        "access": "permissive",
        "amenity": "toilets",
        "fee": "no",
        "female": "yes",
        "toilets:disposal": "flush",
        "wheelchair": "no"
      },
      "geometry": {
        "type": "Point",
        "coordinates": [
          90.3958798,
          23.73144
        ]
      },
      "id": "node/8630576070"
    },
    {
      "type": "Feature",
      "properties": {
        "@id": "node/8723114311",
        "access": "yes",
        "amenity": "toilets",
        "fee": "no",
        "toilets:disposal": "flush",
        "unisex": "yes",
        "wheelchair": "yes"
      },
      "geometry": {
        "type": "Point",
        "coordinates": [
          90.397595,
          23.7315942
        ]
      },
      "id": "node/8723114311"
    },
    {
      "type": "Feature",
      "properties": {
        "@id": "node/8779833277",
        "amenity": "toilets",
        "fee": "yes",
        "wheelchair": "no"
      },
      "geometry": {
        "type": "Point",
        "coordinates": [
          90.4125401,
          23.7093225
        ]
      },
      "id": "node/8779833277"
    },
    {
      "type": "Feature",
      "properties": {
        "@id": "node/8786201178",
        "amenity": "toilets"
      },
      "geometry": {
        "type": "Point",
        "coordinates": [
          90.405392,
          23.7347041
        ]
      },
      "id": "node/8786201178"
    },
    {
      "type": "Feature",
      "properties": {
        "@id": "node/8791763712",
        "amenity": "toilets",
        "fee": "no",
        "wheelchair": "no"
      },
      "geometry": {
        "type": "Point",
        "coordinates": [
          90.3953349,
          23.7349128
        ]
      },
      "id": "node/8791763712"
    },
    {
      "type": "Feature",
      "properties": {
        "@id": "node/9152869051",
        "amenity": "toilets",
        "name": "Public Toilet"
      },
      "geometry": {
        "type": "Point",
        "coordinates": [
          91.0842605,
          22.1320921
        ]
      },
      "id": "node/9152869051"
    },
    {
      "type": "Feature",
      "properties": {
        "@id": "node/9152869109",
        "amenity": "toilets",
        "name": "Public Toilet"
      },
      "geometry": {
        "type": "Point",
        "coordinates": [
          91.1815285,
          22.2779328
        ]
      },
      "id": "node/9152869109"
    },
    {
      "type": "Feature",
      "properties": {
        "@id": "node/9152869230",
        "amenity": "toilets",
        "name": "Public Toilet"
      },
      "geometry": {
        "type": "Point",
        "coordinates": [
          91.1171471,
          22.3610271
        ]
      },
      "id": "node/9152869230"
    },
    {
      "type": "Feature",
      "properties": {
        "@id": "node/9182648196",
        "amenity": "toilets",
        "fee": "no",
        "wheelchair": "no"
      },
      "geometry": {
        "type": "Point",
        "coordinates": [
          90.3942384,
          23.7353143
        ]
      },
      "id": "node/9182648196"
    },
    {
      "type": "Feature",
      "properties": {
        "@id": "node/9261356283",
        "amenity": "toilets",
        "fee": "yes",
        "female": "yes",
        "male": "yes"
      },
      "geometry": {
        "type": "Point",
        "coordinates": [
          90.3775995,
          23.7466648
        ]
      },
      "id": "node/9261356283"
    },
    {
      "type": "Feature",
      "properties": {
        "@id": "node/9261356285",
        "amenity": "toilets",
        "fee": "yes",
        "female": "yes",
        "male": "yes"
      },
      "geometry": {
        "type": "Point",
        "coordinates": [
          90.3778813,
          23.7488662
        ]
      },
      "id": "node/9261356285"
    },
    {
      "type": "Feature",
      "properties": {
        "@id": "node/9261356287",
        "amenity": "toilets"
      },
      "geometry": {
        "type": "Point",
        "coordinates": [
          90.3752458,
          23.7504161
        ]
      },
      "id": "node/9261356287"
    },
    {
      "type": "Feature",
      "properties": {
        "@id": "node/9422310866",
        "amenity": "fire_station",
        "name": "Fire Station"
      },
      "geometry": {
        "type": "Point",
        "coordinates": [
          91.3731706,
          22.3645982
        ]
      },
      "id": "node/9422310866"
    },
    {
      "type": "Feature",
      "properties": {
        "@id": "node/9422337956",
        "amenity": "police",
        "name": "Bhasan Char Police Station"
      },
      "geometry": {
        "type": "Point",
        "coordinates": [
          91.3765611,
          22.3657055
        ]
      },
      "id": "node/9422337956"
    },
    {
      "type": "Feature",
      "properties": {
        "@id": "node/9480653882",
        "amenity": "toilets",
        "name": "Public Toilet"
      },
      "geometry": {
        "type": "Point",
        "coordinates": [
          90.3796679,
          23.7435915
        ]
      },
      "id": "node/9480653882"
    },
    {
      "type": "Feature",
      "properties": {
        "@id": "node/9497769987",
        "access": "customers",
        "amenity": "toilets",
        "building": "yes",
        "building:levels": "1",
        "changing_table": "no",
        "description": "BDT 10 fee",
        "fee": "yes",
        "female": "yes",
        "male": "yes",
        "source": "Field Survey, GPS",
        "supervised": "yes",
        "wheelchair": "no"
      },
      "geometry": {
        "type": "Point",
        "coordinates": [
          91.7850475,
          24.3277323
        ]
      },
      "id": "node/9497769987"
    },
    {
      "type": "Feature",
      "properties": {
        "@id": "node/9519362949",
        "amenity": "toilets"
      },
      "geometry": {
        "type": "Point",
        "coordinates": [
          90.2717294,
          23.8906787
        ]
      },
      "id": "node/9519362949"
    },
    {
      "type": "Feature",
      "properties": {
        "@id": "node/9519402283",
        "amenity": "toilets"
      },
      "geometry": {
        "type": "Point",
        "coordinates": [
          90.272615,
          23.8807793
        ]
      },
      "id": "node/9519402283"
    },
    {
      "type": "Feature",
      "properties": {
        "@id": "node/9519402284",
        "amenity": "toilets"
      },
      "geometry": {
        "type": "Point",
        "coordinates": [
          90.2727353,
          23.8790508
        ]
      },
      "id": "node/9519402284"
    },
    {
      "type": "Feature",
      "properties": {
        "@id": "node/9519402288",
        "amenity": "toilets",
        "fee": "yes"
      },
      "geometry": {
        "type": "Point",
        "coordinates": [
          90.2666685,
          23.8854592
        ]
      },
      "id": "node/9519402288"
    },
    {
      "type": "Feature",
      "properties": {
        "@id": "node/9519402289",
        "amenity": "toilets"
      },
      "geometry": {
        "type": "Point",
        "coordinates": [
          90.2679273,
          23.8841038
        ]
      },
      "id": "node/9519402289"
    },
    {
      "type": "Feature",
      "properties": {
        "@id": "node/9519402290",
        "amenity": "toilets",
        "survey:date": "2024-06-05"
      },
      "geometry": {
        "type": "Point",
        "coordinates": [
          90.2682392,
          23.8829736
        ]
      },
      "id": "node/9519402290"
    },
    {
      "type": "Feature",
      "properties": {
        "@id": "node/9519402291",
        "amenity": "toilets"
      },
      "geometry": {
        "type": "Point",
        "coordinates": [
          90.2704775,
          23.8788385
        ]
      },
      "id": "node/9519402291"
    },
    {
      "type": "Feature",
      "properties": {
        "@id": "node/9519402292",
        "amenity": "toilets"
      },
      "geometry": {
        "type": "Point",
        "coordinates": [
          90.2699989,
          23.8788326
        ]
      },
      "id": "node/9519402292"
    },
    {
      "type": "Feature",
      "properties": {
        "@id": "node/9526569405",
        "addr:street": "Dholaikhal Road",
        "amenity": "toilets",
        "name": "Public Toilets",
        "opening_hours": "Mo-Su 06:00-12:00"
      },
      "geometry": {
        "type": "Point",
        "coordinates": [
          90.4171377,
          23.7107957
        ]
      },
      "id": "node/9526569405"
    },
    {
      "type": "Feature",
      "properties": {
        "@id": "node/9529004054",
        "addr:street": "Motijheel Sarak",
        "amenity": "police",
        "name": "Motijheel Police Station",
        "opening_hours": "24/7"
      },
      "geometry": {
        "type": "Point",
        "coordinates": [
          90.4170245,
          23.7300416
        ]
      },
      "id": "node/9529004054"
    },
    {
      "type": "Feature",
      "properties": {
        "@id": "node/9552367007",
        "amenity": "police",
        "name": "Police Box, Port Connecting Rd, Chattogram",
        "opening_hours": "24/7"
      },
      "geometry": {
        "type": "Point",
        "coordinates": [
          91.7894167,
          22.329366
        ]
      },
      "id": "node/9552367007"
    },
    {
      "type": "Feature",
      "properties": {
        "@id": "node/9560140771",
        "amenity": "police",
        "name": "Munsurabad Police line P.O.M",
        "name:bn": "মুনসুরাবাদ পুলিশ লাইন"
      },
      "geometry": {
        "type": "Point",
        "coordinates": [
          91.8057853,
          22.3422055
        ]
      },
      "id": "node/9560140771"
    },
    {
      "type": "Feature",
      "properties": {
        "@id": "node/9582490434",
        "amenity": "toilets",
        "name": "Female Friendly Toilets"
      },
      "geometry": {
        "type": "Point",
        "coordinates": [
          90.4164882,
          23.7091328
        ]
      },
      "id": "node/9582490434"
    },
    {
      "type": "Feature",
      "properties": {
        "@id": "node/9582552978",
        "addr:street": "Post Office Road",
        "amenity": "toilets",
        "fee": "no",
        "name": "Female Friendly Toilets"
      },
      "geometry": {
        "type": "Point",
        "coordinates": [
          89.6331397,
          23.0399097
        ]
      },
      "id": "node/9582552978"
    },
    {
      "type": "Feature",
      "properties": {
        "@id": "node/9582558594",
        "addr:street": "College Road",
        "amenity": "toilets",
        "fee": "yes",
        "name": "Female Friendly Toilets",
        "wheelchair": "limited"
      },
      "geometry": {
        "type": "Point",
        "coordinates": [
          89.6315906,
          23.0373983
        ]
      },
      "id": "node/9582558594"
    },
    {
      "type": "Feature",
      "properties": {
        "@id": "node/9582562308",
        "amenity": "toilets",
        "fee": "yes",
        "name": "Female Friendly Toilets"
      },
      "geometry": {
        "type": "Point",
        "coordinates": [
          89.6318138,
          23.0400763
        ]
      },
      "id": "node/9582562308"
    },
    {
      "type": "Feature",
      "properties": {
        "@id": "node/9582564997",
        "addr:street": "Ramnagar Road",
        "amenity": "toilets",
        "name": "Female Friendly Toilets"
      },
      "geometry": {
        "type": "Point",
        "coordinates": [
          89.6322812,
          23.0420678
        ]
      },
      "id": "node/9582564997"
    },
    {
      "type": "Feature",
      "properties": {
        "@id": "node/9582593264",
        "addr:street": "Municipal Road",
        "amenity": "toilets",
        "name": "Female Friendly Toilets"
      },
      "geometry": {
        "type": "Point",
        "coordinates": [
          90.4144222,
          23.7083838
        ]
      },
      "id": "node/9582593264"
    },
    {
      "type": "Feature",
      "properties": {
        "@id": "node/9582606150",
        "amenity": "toilets",
        "name": "Female Friendly Toilets"
      },
      "geometry": {
        "type": "Point",
        "coordinates": [
          89.6280653,
          23.0362233
        ]
      },
      "id": "node/9582606150"
    },
    {
      "type": "Feature",
      "properties": {
        "@id": "node/9582635487",
        "addr:street": "Jatrabari Road",
        "amenity": "toilets",
        "name": "Female Friendly Toilets"
      },
      "geometry": {
        "type": "Point",
        "coordinates": [
          90.4299213,
          23.7111753
        ]
      },
      "id": "node/9582635487"
    },
    {
      "type": "Feature",
      "properties": {
        "@id": "node/9582642711",
        "addr:street": "Lakshmi Bazar Road",
        "amenity": "toilets",
        "name": "Female Friendly Toilets"
      },
      "geometry": {
        "type": "Point",
        "coordinates": [
          90.4135165,
          23.7085504
        ]
      },
      "id": "node/9582642711"
    },
    {
      "type": "Feature",
      "properties": {
        "@id": "node/9582645730",
        "amenity": "toilets",
        "name": "Female Friendly Toilets"
      },
      "geometry": {
        "type": "Point",
        "coordinates": [
          90.4117989,
          23.7097145
        ]
      },
      "id": "node/9582645730"
    },
    {
      "type": "Feature",
      "properties": {
        "@id": "node/9582646426",
        "addr:street": "Municipal Road",
        "amenity": "toilets",
        "name": "Female Friendly Toilets"
      },
      "geometry": {
        "type": "Point",
        "coordinates": [
          90.4128687,
          23.7090787
        ]
      },
      "id": "node/9582646426"
    },
    {
      "type": "Feature",
      "properties": {
        "@id": "node/9582649396",
        "addr:street": "Municipal Road",
        "amenity": "toilets",
        "name": "Female Friendly Toilets"
      },
      "geometry": {
        "type": "Point",
        "coordinates": [
          90.4139422,
          23.7090246
        ]
      },
      "id": "node/9582649396"
    },
    {
      "type": "Feature",
      "properties": {
        "@id": "node/9582650194",
        "addr:street": "Municipal Road",
        "amenity": "toilets",
        "name": "Female Friendly Toilets"
      },
      "geometry": {
        "type": "Point",
        "coordinates": [
          90.4128498,
          23.7095607
        ]
      },
      "id": "node/9582650194"
    },
    {
      "type": "Feature",
      "properties": {
        "@id": "node/9582650196",
        "addr:street": "Jonson Road",
        "amenity": "toilets",
        "name": "Female Friendly Toilets"
      },
      "geometry": {
        "type": "Point",
        "coordinates": [
          90.4127298,
          23.7112151
        ]
      },
      "id": "node/9582650196"
    },
    {
      "type": "Feature",
      "properties": {
        "@id": "node/9582653992",
        "addr:street": "Jonson Road",
        "amenity": "toilets",
        "name": "Females Friendly Toilets"
      },
      "geometry": {
        "type": "Point",
        "coordinates": [
          90.4117696,
          23.7134946
        ]
      },
      "id": "node/9582653992"
    },
    {
      "type": "Feature",
      "properties": {
        "@id": "node/9582666319",
        "addr:street": "Jonson Road",
        "amenity": "toilets",
        "name": "Female Friendly Toilets"
      },
      "geometry": {
        "type": "Point",
        "coordinates": [
          90.412041,
          23.7106559
        ]
      },
      "id": "node/9582666319"
    },
    {
      "type": "Feature",
      "properties": {
        "@id": "node/9585763570",
        "addr:street": "Main Road, Mirpur",
        "amenity": "toilets",
        "name": "Female Friendly Toilets"
      },
      "geometry": {
        "type": "Point",
        "coordinates": [
          90.3681008,
          23.8067677
        ]
      },
      "id": "node/9585763570"
    },
    {
      "type": "Feature",
      "properties": {
        "@id": "node/9596399491",
        "addr:street": "Kathalbari Feri Ghat",
        "amenity": "toilets",
        "name": "Female Friendly Toilets"
      },
      "geometry": {
        "type": "Point",
        "coordinates": [
          90.205647,
          23.4124905
        ]
      },
      "id": "node/9596399491"
    },
    {
      "type": "Feature",
      "properties": {
        "@id": "node/9607997039",
        "amenity": "toilets",
        "changing_table": "no",
        "toilets:position": "inside",
        "wheelchair": "no"
      },
      "geometry": {
        "type": "Point",
        "coordinates": [
          90.3827522,
          23.8722643
        ]
      },
      "id": "node/9607997039"
    },
    {
      "type": "Feature",
      "properties": {
        "@id": "node/9610301360",
        "addr:city": "Cumilla",
        "addr:municipality": "Monohorganj",
        "addr:postcode": "3623",
        "addr:street": "Thana Road",
        "amenity": "police",
        "name": "Monohorgonj Police Station",
        "name:bn": "মনোহরগঞ্জ থানা",
        "opening_hours": "24/7",
        "operator": "Ministry of Home Affairs"
      },
      "geometry": {
        "type": "Point",
        "coordinates": [
          91.048931,
          23.1634546
        ]
      },
      "id": "node/9610301360"
    },
    {
      "type": "Feature",
      "properties": {
        "@id": "node/9688614050",
        "addr:city": "Barisal",
        "addr:street": "Agarpur Road",
        "amenity": "police",
        "name": "Agarpur Police Station"
      },
      "geometry": {
        "type": "Point",
        "coordinates": [
          90.3036271,
          22.8982749
        ]
      },
      "id": "node/9688614050"
    },
    {
      "type": "Feature",
      "properties": {
        "@id": "node/9689382637",
        "access": "yes",
        "amenity": "toilets",
        "unisex": "yes",
        "wheelchair": "no"
      },
      "geometry": {
        "type": "Point",
        "coordinates": [
          90.3978169,
          23.7776967
        ]
      },
      "id": "node/9689382637"
    },
    {
      "type": "Feature",
      "properties": {
        "@id": "node/9689382638",
        "access": "yes",
        "amenity": "toilets",
        "unisex": "yes",
        "wheelchair": "no"
      },
      "geometry": {
        "type": "Point",
        "coordinates": [
          90.4076968,
          23.7802186
        ]
      },
      "id": "node/9689382638"
    },
    {
      "type": "Feature",
      "properties": {
        "@id": "node/9689382639",
        "access": "yes",
        "amenity": "toilets",
        "fee": "yes",
        "opening_hours": "Mo-Su 09:00-23:15",
        "unisex": "yes",
        "wheelchair": "no"
      },
      "geometry": {
        "type": "Point",
        "coordinates": [
          90.3611052,
          23.7790963
        ]
      },
      "id": "node/9689382639"
    },
    {
      "type": "Feature",
      "properties": {
        "@id": "node/9689382640",
        "access": "yes",
        "amenity": "toilets",
        "fee": "yes",
        "opening_hours": "24/7",
        "unisex": "yes",
        "wheelchair": "no"
      },
      "geometry": {
        "type": "Point",
        "coordinates": [
          90.3437574,
          23.7831458
        ]
      },
      "id": "node/9689382640"
    },
    {
      "type": "Feature",
      "properties": {
        "@id": "node/9689382641",
        "access": "yes",
        "amenity": "toilets",
        "fee": "yes",
        "unisex": "yes",
        "wheelchair": "no"
      },
      "geometry": {
        "type": "Point",
        "coordinates": [
          90.3653529,
          23.8063487
        ]
      },
      "id": "node/9689382641"
    },
    {
      "type": "Feature",
      "properties": {
        "@id": "node/9692972144",
        "amenity": "police",
        "name": "পদ্মা সেতু উত্তর থানা",
        "name:en": "Padma Setu Uttar Thana",
        "wikidata": "Q112665178",
        "wikipedia": "bn:পদ্মা সেতু উত্তর থানা"
      },
      "geometry": {
        "type": "Point",
        "coordinates": [
          90.2688512,
          23.4887571
        ]
      },
      "id": "node/9692972144"
    },
    {
      "type": "Feature",
      "properties": {
        "@id": "node/9705178244",
        "amenity": "police"
      },
      "geometry": {
        "type": "Point",
        "coordinates": [
          89.8099987,
          23.7891637
        ]
      },
      "id": "node/9705178244"
    },
    {
      "type": "Feature",
      "properties": {
        "@id": "node/9788202924",
        "addr:city": "Sonagazi",
        "amenity": "fire_station",
        "mobile": "+8801779952443",
        "name": "ফায়ার সার্ভিস ও সিভিল ডিফেন্স ষ্টেশন",
        "name:en": "Fire Service and Civil Defence Station",
        "operator": "Chittagong Fire Service & Civil Defence Directorate",
        "phone": "0332576044"
      },
      "geometry": {
        "type": "Point",
        "coordinates": [
          91.3947859,
          22.8595123
        ]
      },
      "id": "node/9788202924"
    },
    {
      "type": "Feature",
      "properties": {
        "@id": "node/9792583836",
        "amenity": "police",
        "name": "Mohammadpur Police Fari"
      },
      "geometry": {
        "type": "Point",
        "coordinates": [
          90.0700302,
          23.6235925
        ]
      },
      "id": "node/9792583836"
    },
    {
      "type": "Feature",
      "properties": {
        "@id": "node/9808449361",
        "amenity": "toilets",
        "name": "Public Toilet"
      },
      "geometry": {
        "type": "Point",
        "coordinates": [
          90.4246016,
          23.7706299
        ]
      },
      "id": "node/9808449361"
    },
    {
      "type": "Feature",
      "properties": {
        "@id": "node/9811220669",
        "amenity": "police",
        "name": "Muradpur Police Box"
      },
      "geometry": {
        "type": "Point",
        "coordinates": [
          91.8334887,
          22.3692661
        ]
      },
      "id": "node/9811220669"
    },
    {
      "type": "Feature",
      "properties": {
        "@id": "node/9811221056",
        "access": "yes",
        "amenity": "toilets",
        "fee": "no",
        "name": "Zero Point Public Toilet",
        "wheelchair": "no"
      },
      "geometry": {
        "type": "Point",
        "coordinates": [
          91.7934971,
          22.4709119
        ]
      },
      "id": "node/9811221056"
    },
    {
      "type": "Feature",
      "properties": {
        "@id": "node/9811239760",
        "amenity": "police",
        "name": "Bahaddarhat Police Box"
      },
      "geometry": {
        "type": "Point",
        "coordinates": [
          91.8431694,
          22.3678022
        ]
      },
      "id": "node/9811239760"
    },
    {
      "type": "Feature",
      "properties": {
        "@id": "node/9811248018",
        "amenity": "toilets",
        "name": "Bahaddarhat Bazar Public Toilet"
      },
      "geometry": {
        "type": "Point",
        "coordinates": [
          91.8418015,
          22.3699465
        ]
      },
      "id": "node/9811248018"
    },
    {
      "type": "Feature",
      "properties": {
        "@id": "node/9811384313",
        "amenity": "police",
        "name": "Police Super Head Quarter, DSB office, Chattogram"
      },
      "geometry": {
        "type": "Point",
        "coordinates": [
          91.8238969,
          22.3657867
        ]
      },
      "id": "node/9811384313"
    },
    {
      "type": "Feature",
      "properties": {
        "@id": "node/9811555484",
        "amenity": "toilets",
        "name": "Public Toilet"
      },
      "geometry": {
        "type": "Point",
        "coordinates": [
          91.851599,
          22.3304059
        ]
      },
      "id": "node/9811555484"
    },
    {
      "type": "Feature",
      "properties": {
        "@id": "node/9839270170",
        "amenity": "toilets",
        "name": "New Market Public Toilet"
      },
      "geometry": {
        "type": "Point",
        "coordinates": [
          91.8327573,
          22.3335999
        ]
      },
      "id": "node/9839270170"
    },
    {
      "type": "Feature",
      "properties": {
        "@id": "node/9846577570",
        "amenity": "police",
        "name": "Kotowali Police Station"
      },
      "geometry": {
        "type": "Point",
        "coordinates": [
          91.8370357,
          22.3337607
        ]
      },
      "id": "node/9846577570"
    },
    {
      "type": "Feature",
      "properties": {
        "@id": "node/9847356313",
        "amenity": "toilets",
        "name": "Cuty Gate Public Toilet"
      },
      "geometry": {
        "type": "Point",
        "coordinates": [
          91.7727194,
          22.3744537
        ]
      },
      "id": "node/9847356313"
    },
    {
      "type": "Feature",
      "properties": {
        "@id": "node/9848355977",
        "amenity": "toilets"
      },
      "geometry": {
        "type": "Point",
        "coordinates": [
          88.9939718,
          25.3983203
        ]
      },
      "id": "node/9848355977"
    },
    {
      "type": "Feature",
      "properties": {
        "@id": "node/9859999115",
        "amenity": "fire_station",
        "name": "Birampur Fire Station"
      },
      "geometry": {
        "type": "Point",
        "coordinates": [
          88.9852975,
          25.3996163
        ]
      },
      "id": "node/9859999115"
    },
    {
      "type": "Feature",
      "properties": {
        "@id": "node/9903237709",
        "amenity": "fire_station",
        "name": "Purbachal Fire Service & Civil Defence",
        "website": "https://fireservice.gov.bd"
      },
      "geometry": {
        "type": "Point",
        "coordinates": [
          90.4857914,
          23.8391773
        ]
      },
      "id": "node/9903237709"
    },
    {
      "type": "Feature",
      "properties": {
        "@id": "node/10105387883",
        "addr:city": "Cumilla",
        "addr:municipality": "Monohorgonj",
        "amenity": "fire_station",
        "description": "মনোহরগঞ্জ উপজেলা ফায়ার সার্ভিস অফিসের নাম্বার :\n01901021719\n01705412244",
        "name": "মনোহরগঞ্জ ফায়ার স্টেশন (ফায়ার সার্ভিস ও সিভিল ডিফেন্স)",
        "name:en": "Monohorgonj Fire Station (Fire Service & Civil Defence)",
        "operator": "Government"
      },
      "geometry": {
        "type": "Point",
        "coordinates": [
          91.063658,
          23.1488092
        ]
      },
      "id": "node/10105387883"
    },
    {
      "type": "Feature",
      "properties": {
        "@id": "node/10139557256",
        "amenity": "police",
        "name": "পরশুরাম মডেল থানা",
        "name:en": "Parshuram Model Thana"
      },
      "geometry": {
        "type": "Point",
        "coordinates": [
          91.4455226,
          23.2172127
        ]
      },
      "id": "node/10139557256"
    },
    {
      "type": "Feature",
      "properties": {
        "@id": "node/10140023255",
        "amenity": "police",
        "name": "ফুলগাজী থানা",
        "name:en": "Fulgazi Police Station"
      },
      "geometry": {
        "type": "Point",
        "coordinates": [
          91.4308645,
          23.149899
        ]
      },
      "id": "node/10140023255"
    },
    {
      "type": "Feature",
      "properties": {
        "@id": "node/10157309164",
        "access": "yes",
        "amenity": "toilets",
        "unisex": "yes"
      },
      "geometry": {
        "type": "Point",
        "coordinates": [
          90.3772757,
          23.7442652
        ]
      },
      "id": "node/10157309164"
    },
    {
      "type": "Feature",
      "properties": {
        "@id": "node/10212400595",
        "amenity": "police",
        "name": "Baraiyarhat police box"
      },
      "geometry": {
        "type": "Point",
        "coordinates": [
          91.535444,
          22.8936002
        ]
      },
      "id": "node/10212400595"
    },
    {
      "type": "Feature",
      "properties": {
        "@id": "node/10222703329",
        "amenity": "police",
        "name": "Bogdadia Police Fari"
      },
      "geometry": {
        "type": "Point",
        "coordinates": [
          91.4666602,
          22.9472791
        ]
      },
      "id": "node/10222703329"
    },
    {
      "type": "Feature",
      "properties": {
        "@id": "node/10232565062",
        "amenity": "police",
        "name": "Highway Police Station Feni"
      },
      "geometry": {
        "type": "Point",
        "coordinates": [
          91.3909176,
          23.001773
        ]
      },
      "id": "node/10232565062"
    },
    {
      "type": "Feature",
      "properties": {
        "@id": "node/10250121410",
        "amenity": "police",
        "name:en": "Chuadanga Jail"
      },
      "geometry": {
        "type": "Point",
        "coordinates": [
          88.8121631,
          23.6322905
        ]
      },
      "id": "node/10250121410"
    },
    {
      "type": "Feature",
      "properties": {
        "@id": "node/10268919429",
        "amenity": "fire_station",
        "name": "Fire Service and Civil Defence Station"
      },
      "geometry": {
        "type": "Point",
        "coordinates": [
          91.3126504,
          23.2424745
        ]
      },
      "id": "node/10268919429"
    },
    {
      "type": "Feature",
      "properties": {
        "@id": "node/10287023194",
        "amenity": "police",
        "name": "Barlekha POLICE STATION"
      },
      "geometry": {
        "type": "Point",
        "coordinates": [
          92.1843631,
          24.694284
        ]
      },
      "id": "node/10287023194"
    },
    {
      "type": "Feature",
      "properties": {
        "@id": "node/10315950707",
        "amenity": "police",
        "name": "Police Box"
      },
      "geometry": {
        "type": "Point",
        "coordinates": [
          92.076476,
          21.7668864
        ]
      },
      "id": "node/10315950707"
    },
    {
      "type": "Feature",
      "properties": {
        "@id": "node/10576220046",
        "amenity": "police",
        "name": "Police Academy Ground, Aligonj Paschim Para, Rajshahi"
      },
      "geometry": {
        "type": "Point",
        "coordinates": [
          88.5702451,
          24.3924555
        ]
      },
      "id": "node/10576220046"
    },
    {
      "type": "Feature",
      "properties": {
        "@id": "node/10580960434",
        "amenity": "police",
        "name": "জেলা প্রশাসকের বাসভবন"
      },
      "geometry": {
        "type": "Point",
        "coordinates": [
          88.5779703,
          24.3640036
        ]
      },
      "id": "node/10580960434"
    },
    {
      "type": "Feature",
      "properties": {
        "@id": "node/10581057329",
        "amenity": "police",
        "name": "Office of Additional Superintendent of Police and building ,Rajshahi"
      },
      "geometry": {
        "type": "Point",
        "coordinates": [
          88.5788575,
          24.3668472
        ]
      },
      "id": "node/10581057329"
    },
    {
      "type": "Feature",
      "properties": {
        "@id": "node/10583327246",
        "amenity": "police",
        "name": "Cyber Crime Unit, Rajshahi Metropoliton police, Rajshahi."
      },
      "geometry": {
        "type": "Point",
        "coordinates": [
          88.5798602,
          24.3681363
        ]
      },
      "id": "node/10583327246"
    },
    {
      "type": "Feature",
      "properties": {
        "@id": "node/10593722985",
        "access": "yes",
        "amenity": "toilets",
        "note": "Talaimari public toilet"
      },
      "geometry": {
        "type": "Point",
        "coordinates": [
          88.6269098,
          24.3622011
        ]
      },
      "id": "node/10593722985"
    },
    {
      "type": "Feature",
      "properties": {
        "@id": "node/10657575224",
        "amenity": "police",
        "name": "Patnitala Police Station, Patnitola",
        "name:en": "Patnitala Police Station, Patnitola"
      },
      "geometry": {
        "type": "Point",
        "coordinates": [
          88.7503485,
          25.0483827
        ]
      },
      "id": "node/10657575224"
    },
    {
      "type": "Feature",
      "properties": {
        "@id": "node/10696844520",
        "amenity": "police",
        "name": "Asst. Super of Police Office",
        "name:en": "Asst. Super of Police Office"
      },
      "geometry": {
        "type": "Point",
        "coordinates": [
          89.0271709,
          25.1042356
        ]
      },
      "id": "node/10696844520"
    },
    {
      "type": "Feature",
      "properties": {
        "@id": "node/10696901242",
        "amenity": "toilets"
      },
      "geometry": {
        "type": "Point",
        "coordinates": [
          89.0257752,
          25.0986985
        ]
      },
      "id": "node/10696901242"
    },
    {
      "type": "Feature",
      "properties": {
        "@id": "node/10712015564",
        "amenity": "police",
        "description": "Near new Bridge, Joypurhat highway, Badalgachhi, Naogaon",
        "name": "Badalgachi Police Station"
      },
      "geometry": {
        "type": "Point",
        "coordinates": [
          88.9054685,
          24.9664824
        ]
      },
      "id": "node/10712015564"
    },
    {
      "type": "Feature",
      "properties": {
        "@id": "node/10734414305",
        "access": "yes",
        "amenity": "toilets",
        "unisex": "yes"
      },
      "geometry": {
        "type": "Point",
        "coordinates": [
          88.7951244,
          24.8914144
        ]
      },
      "id": "node/10734414305"
    },
    {
      "type": "Feature",
      "properties": {
        "@id": "node/10749823685",
        "amenity": "police",
        "name": "Naogaon Police Lines"
      },
      "geometry": {
        "type": "Point",
        "coordinates": [
          88.9170127,
          24.8332349
        ]
      },
      "id": "node/10749823685"
    },
    {
      "type": "Feature",
      "properties": {
        "@id": "node/10749959350",
        "amenity": "police",
        "name": "Women Barracks, Naogaon Police Lines, Naogaon"
      },
      "geometry": {
        "type": "Point",
        "coordinates": [
          88.9160685,
          24.8327992
        ]
      },
      "id": "node/10749959350"
    },
    {
      "type": "Feature",
      "properties": {
        "@id": "node/10749985653",
        "amenity": "police",
        "name": "পুরুষ ব্যারাক, পুলিশ লাইন, নওগাঁ"
      },
      "geometry": {
        "type": "Point",
        "coordinates": [
          88.9169859,
          24.8324681
        ]
      },
      "id": "node/10749985653"
    },
    {
      "type": "Feature",
      "properties": {
        "@id": "node/10752561988",
        "amenity": "police",
        "name": "Naogaon Police Station"
      },
      "geometry": {
        "type": "Point",
        "coordinates": [
          88.9292518,
          24.8248434
        ]
      },
      "id": "node/10752561988"
    },
    {
      "type": "Feature",
      "properties": {
        "@id": "node/10772259801",
        "amenity": "police",
        "name": "Naogaon Sadar Traffic Police Outpost, Naogaon"
      },
      "geometry": {
        "type": "Point",
        "coordinates": [
          88.9481576,
          24.8071948
        ]
      },
      "id": "node/10772259801"
    },
    {
      "type": "Feature",
      "properties": {
        "@id": "node/10779089251",
        "amenity": "police",
        "name": "Raninagar police station, Thana Rd, Raninagar, Naogaon"
      },
      "geometry": {
        "type": "Point",
        "coordinates": [
          88.9685412,
          24.7414574
        ]
      },
      "id": "node/10779089251"
    },
    {
      "type": "Feature",
      "properties": {
        "@id": "node/10779097219",
        "amenity": "fire_station",
        "name": "Raninagar Fire Service and Civil Defense Station,Raninagar, Naogaon-Natore Highway,Naogaon"
      },
      "geometry": {
        "type": "Point",
        "coordinates": [
          88.9612292,
          24.7420433
        ]
      },
      "id": "node/10779097219"
    },
    {
      "type": "Feature",
      "properties": {
        "@id": "node/10779101693",
        "amenity": "police",
        "name": "Raninagar Police Station, Raninagar , Naogaon"
      },
      "geometry": {
        "type": "Point",
        "coordinates": [
          88.967049,
          24.7418046
        ]
      },
      "id": "node/10779101693"
    },
    {
      "type": "Feature",
      "properties": {
        "@id": "node/10803592453",
        "amenity": "fire_station",
        "name": "Naldanga Upozila Fire Service Station, Naogaon Highway, Naldanga, Natore"
      },
      "geometry": {
        "type": "Point",
        "coordinates": [
          88.9511509,
          24.4949318
        ]
      },
      "id": "node/10803592453"
    },
    {
      "type": "Feature",
      "properties": {
        "@id": "node/10839216804",
        "amenity": "fire_station",
        "name": "Fire Service and Civil Defense Station, Rajshahi - Dhaka Hwy, Natore"
      },
      "geometry": {
        "type": "Point",
        "coordinates": [
          88.9914334,
          24.4120272
        ]
      },
      "id": "node/10839216804"
    },
    {
      "type": "Feature",
      "properties": {
        "@id": "node/10845871388",
        "amenity": "police",
        "name": "Reserve Police Lines, Dhaka - Natore Hwy, Natore"
      },
      "geometry": {
        "type": "Point",
        "coordinates": [
          89.0177573,
          24.4078123
        ]
      },
      "id": "node/10845871388"
    },
    {
      "type": "Feature",
      "properties": {
        "@id": "node/10845950180",
        "amenity": "police",
        "name": "Jhalmalia Highway Police Station Natore, Rajshahi - Dhaka Hwy, Natore"
      },
      "geometry": {
        "type": "Point",
        "coordinates": [
          89.022003,
          24.4063213
        ]
      },
      "id": "node/10845950180"
    },
    {
      "type": "Feature",
      "properties": {
        "@id": "node/10920971751",
        "amenity": "police",
        "name": "Highway Police Station, Lalpur - Gopalpur - Banpara Rd, Bonpara, Natore"
      },
      "geometry": {
        "type": "Point",
        "coordinates": [
          89.0777218,
          24.2900688
        ]
      },
      "id": "node/10920971751"
    },
    {
      "type": "Feature",
      "properties": {
        "@id": "node/10924017023",
        "amenity": "police",
        "name": "Walia Polices Station, Lalpur - Gopalpur - Banpara Rd, Walia, Natore"
      },
      "geometry": {
        "type": "Point",
        "coordinates": [
          89.0365032,
          24.2484856
        ]
      },
      "id": "node/10924017023"
    },
    {
      "type": "Feature",
      "properties": {
        "@id": "node/10939006868",
        "amenity": "police",
        "name": "Lalpur Police Station, Ishwardi Hwy, Natore"
      },
      "geometry": {
        "type": "Point",
        "coordinates": [
          88.9614194,
          24.1771983
        ]
      },
      "id": "node/10939006868"
    },
    {
      "type": "Feature",
      "properties": {
        "@id": "node/10939024277",
        "amenity": "police",
        "name": "Lalpur Police Station, Lalpur - Ishwardi Hwy, Natore"
      },
      "geometry": {
        "type": "Point",
        "coordinates": [
          88.9611057,
          24.1778352
        ]
      },
      "id": "node/10939024277"
    },
    {
      "type": "Feature",
      "properties": {
        "@id": "node/10961009825",
        "amenity": "police",
        "name": "Baraiyarhat Police Box, Dhaka - Chittagong Hwy, Baraiyarhat, Chittagong"
      },
      "geometry": {
        "type": "Point",
        "coordinates": [
          91.5349509,
          22.8937062
        ]
      },
      "id": "node/10961009825"
    },
    {
      "type": "Feature",
      "properties": {
        "@id": "node/10973217938",
        "amenity": "toilets"
      },
      "geometry": {
        "type": "Point",
        "coordinates": [
          91.5601547,
          22.7949417
        ]
      },
      "id": "node/10973217938"
    },
    {
      "type": "Feature",
      "properties": {
        "@id": "node/11019795171",
        "access": "yes",
        "amenity": "toilets",
        "drinking_water": "no",
        "fee": "no",
        "supervised": "no",
        "toilets:disposal": "pitlatrine",
        "toilets:handwashing": "no",
        "toilets:paper_supplied": "no",
        "toilets:position": "squat"
      },
      "geometry": {
        "type": "Point",
        "coordinates": [
          90.8416345,
          24.6652873
        ]
      },
      "id": "node/11019795171"
    },
    {
      "type": "Feature",
      "properties": {
        "@id": "node/11038666308",
        "amenity": "police",
        "name": "Sitakunda Model Police Station, Sobahanbag Rd, Sitakund, Chittagong"
      },
      "geometry": {
        "type": "Point",
        "coordinates": [
          91.6573173,
          22.6209708
        ]
      },
      "id": "node/11038666308"
    },
    {
      "type": "Feature",
      "properties": {
        "@id": "node/11038705649",
        "amenity": "toilets"
      },
      "geometry": {
        "type": "Point",
        "coordinates": [
          91.6571439,
          22.619146
        ]
      },
      "id": "node/11038705649"
    },
    {
      "type": "Feature",
      "properties": {
        "@id": "node/11046091103",
        "amenity": "police",
        "name": "Police thana"
      },
      "geometry": {
        "type": "Point",
        "coordinates": [
          89.5804072,
          22.795352
        ]
      },
      "id": "node/11046091103"
    },
    {
      "type": "Feature",
      "properties": {
        "@id": "node/11056506643",
        "amenity": "police",
        "name": "Highway Police Station, Dhaka - Chittagong Hwy, Banshbaria, Chattogram"
      },
      "geometry": {
        "type": "Point",
        "coordinates": [
          91.6893379,
          22.5583442
        ]
      },
      "id": "node/11056506643"
    },
    {
      "type": "Feature",
      "properties": {
        "@id": "node/11074742901",
        "access": "yes",
        "amenity": "toilets",
        "fee": "no",
        "supervised": "no",
        "toilets:disposal": "pitlatrine",
        "toilets:handwashing": "no",
        "toilets:paper_supplied": "no",
        "toilets:position": "squat"
      },
      "geometry": {
        "type": "Point",
        "coordinates": [
          90.8464816,
          24.6636518
        ]
      },
      "id": "node/11074742901"
    },
    {
      "type": "Feature",
      "properties": {
        "@id": "node/11075097759",
        "access": "private",
        "amenity": "toilets"
      },
      "geometry": {
        "type": "Point",
        "coordinates": [
          90.8504857,
          24.6680253
        ]
      },
      "id": "node/11075097759"
    },
    {
      "type": "Feature",
      "properties": {
        "@id": "node/11075097760",
        "access": "private",
        "amenity": "toilets"
      },
      "geometry": {
        "type": "Point",
        "coordinates": [
          90.8505265,
          24.6680451
        ]
      },
      "id": "node/11075097760"
    },
    {
      "type": "Feature",
      "properties": {
        "@id": "node/11118239114",
        "amenity": "police",
        "name": "Faujdarhat Police Outpost"
      },
      "geometry": {
        "type": "Point",
        "coordinates": [
          91.756902,
          22.4002388
        ]
      },
      "id": "node/11118239114"
    },
    {
      "type": "Feature",
      "properties": {
        "@id": "node/11135900495",
        "amenity": "police",
        "name": "Faujdarhat police box, Port Link Rd, Salimpur, Salimpur Union, Chattogram"
      },
      "geometry": {
        "type": "Point",
        "coordinates": [
          91.7586844,
          22.3932115
        ]
      },
      "id": "node/11135900495"
    },
    {
      "type": "Feature",
      "properties": {
        "@id": "node/11158762034",
        "amenity": "toilets"
      },
      "geometry": {
        "type": "Point",
        "coordinates": [
          91.7594791,
          22.4266238
        ]
      },
      "id": "node/11158762034"
    },
    {
      "type": "Feature",
      "properties": {
        "@id": "node/11165108463",
        "amenity": "police",
        "name": "Naikhongchhari Police Station"
      },
      "geometry": {
        "type": "Point",
        "coordinates": [
          92.1789398,
          21.4298831
        ]
      },
      "id": "node/11165108463"
    },
    {
      "type": "Feature",
      "properties": {
        "@id": "node/11175164201",
        "amenity": "police",
        "name": "Gorjonia Police Fari"
      },
      "geometry": {
        "type": "Point",
        "coordinates": [
          92.1945752,
          21.4406878
        ]
      },
      "id": "node/11175164201"
    },
    {
      "type": "Feature",
      "properties": {
        "@id": "node/11201764454",
        "amenity": "toilets"
      },
      "geometry": {
        "type": "Point",
        "coordinates": [
          91.7817379,
          22.3623265
        ]
      },
      "id": "node/11201764454"
    },
    {
      "type": "Feature",
      "properties": {
        "@id": "node/11243227563",
        "amenity": "fire_station",
        "name": "Royangchhori Fire Service"
      },
      "geometry": {
        "type": "Point",
        "coordinates": [
          92.3364132,
          22.179895
        ]
      },
      "id": "node/11243227563"
    },
    {
      "type": "Feature",
      "properties": {
        "@id": "node/11243289278",
        "amenity": "police",
        "name": "Royangchori Police Station"
      },
      "geometry": {
        "type": "Point",
        "coordinates": [
          92.3369014,
          22.1817861
        ]
      },
      "id": "node/11243289278"
    },
    {
      "type": "Feature",
      "properties": {
        "@id": "node/11270894625",
        "amenity": "police",
        "name": "Police Line RI Office, SP office, Chattogram"
      },
      "geometry": {
        "type": "Point",
        "coordinates": [
          91.7959042,
          22.3303022
        ]
      },
      "id": "node/11270894625"
    },
    {
      "type": "Feature",
      "properties": {
        "@id": "node/11270934070",
        "amenity": "police",
        "name": "Reserve Range Force (RRF) Police Lines Chattogram, Agrabad Access Rd, Chattogram"
      },
      "geometry": {
        "type": "Point",
        "coordinates": [
          91.7948804,
          22.3298189
        ]
      },
      "id": "node/11270934070"
    },
    {
      "type": "Feature",
      "properties": {
        "@id": "node/11290785061",
        "amenity": "police",
        "name": "Office Deputy Police Commissioner, Port, Port Colony Rd, Chattogram"
      },
      "geometry": {
        "type": "Point",
        "coordinates": [
          91.7920407,
          22.3172104
        ]
      },
      "id": "node/11290785061"
    },
    {
      "type": "Feature",
      "properties": {
        "@id": "node/11299654556",
        "amenity": "police",
        "name": "South Halishahar Police Bit, Hashem Manzil, CEPZ Connecting Rd, Chattogram"
      },
      "geometry": {
        "type": "Point",
        "coordinates": [
          91.7769237,
          22.3071339
        ]
      },
      "id": "node/11299654556"
    },
    {
      "type": "Feature",
      "properties": {
        "@id": "node/11299665661",
        "amenity": "police",
        "name": "Halisahar Police Fari, Hashem Manzil, CEPZ Connecting Rd, Chattogram"
      },
      "geometry": {
        "type": "Point",
        "coordinates": [
          91.776891,
          22.306771
        ]
      },
      "id": "node/11299665661"
    },
    {
      "type": "Feature",
      "properties": {
        "@id": "node/11335104623",
        "amenity": "police",
        "name": "Double Mooring Police Station , Agrabad, Chattogram"
      },
      "geometry": {
        "type": "Point",
        "coordinates": [
          91.8115253,
          22.3384336
        ]
      },
      "id": "node/11335104623"
    },
    {
      "type": "Feature",
      "properties": {
        "@id": "node/11335127227",
        "amenity": "police",
        "name": "Doublemooring Model Thana, Metropolitan Police, Double Mooring Police Station, Chattogram"
      },
      "geometry": {
        "type": "Point",
        "coordinates": [
          91.8113998,
          22.3385281
        ]
      },
      "id": "node/11335127227"
    },
    {
      "type": "Feature",
      "properties": {
        "@id": "node/11342853752",
        "amenity": "fire_station",
        "name": "Agrabad Fire Service Staff Quarter, Fire Service & Civil Defence, Chattogram"
      },
      "geometry": {
        "type": "Point",
        "coordinates": [
          91.8136223,
          22.3350886
        ]
      },
      "id": "node/11342853752"
    },
    {
      "type": "Feature",
      "properties": {
        "@id": "node/11342872608",
        "amenity": "fire_station",
        "name": "Bangladesh Fire Service and Civil Defense, Dewan Haat, Sheikh Mujib Rd, Chattogram"
      },
      "geometry": {
        "type": "Point",
        "coordinates": [
          91.8127769,
          22.3353626
        ]
      },
      "id": "node/11342872608"
    },
    {
      "type": "Feature",
      "properties": {
        "@id": "node/11365877469",
        "alt_name": "কৈগাড়ী পুলিশ ফাঁড়ী",
        "amenity": "police",
        "name:en": "Koigari Police Fari"
      },
      "geometry": {
        "type": "Point",
        "coordinates": [
          89.3663862,
          24.830237
        ]
      },
      "id": "node/11365877469"
    },
    {
      "type": "Feature",
      "properties": {
        "@id": "node/11380836180",
        "amenity": "fire_station",
        "name": "Bandar Fire Station, Port Internal Rd, Chattogram"
      },
      "geometry": {
        "type": "Point",
        "coordinates": [
          91.8013236,
          22.313397
        ]
      },
      "id": "node/11380836180"
    },
    {
      "type": "Feature",
      "properties": {
        "@id": "node/11425655784",
        "amenity": "police",
        "name": "Thanchi Police Station"
      },
      "geometry": {
        "type": "Point",
        "coordinates": [
          92.4399731,
          21.8170684
        ]
      },
      "id": "node/11425655784"
    },
    {
      "type": "Feature",
      "properties": {
        "@id": "node/11425928255",
        "amenity": "fire_station",
        "name": "Thanchi Fire Service & Civil Defence"
      },
      "geometry": {
        "type": "Point",
        "coordinates": [
          92.4323148,
          21.8132296
        ]
      },
      "id": "node/11425928255"
    },
    {
      "type": "Feature",
      "properties": {
        "@id": "node/11436630630",
        "amenity": "police",
        "name": "Railway Nirapotta Bahini Training Centre, Zakir Hossain Rd, Chattogram"
      },
      "geometry": {
        "type": "Point",
        "coordinates": [
          91.806207,
          22.3603192
        ]
      },
      "id": "node/11436630630"
    },
    {
      "type": "Feature",
      "properties": {
        "@id": "node/11436717560",
        "amenity": "police",
        "name": "Khulshi Police Station, Road No.4, Chattogram"
      },
      "geometry": {
        "type": "Point",
        "coordinates": [
          91.8109906,
          22.3620325
        ]
      },
      "id": "node/11436717560"
    },
    {
      "type": "Feature",
      "properties": {
        "@id": "node/11475720659",
        "amenity": "police",
        "name": "Chinnamul Police Camp"
      },
      "geometry": {
        "type": "Point",
        "coordinates": [
          91.7853709,
          22.3861559
        ]
      },
      "id": "node/11475720659"
    },
    {
      "type": "Feature",
      "properties": {
        "@id": "node/11494506031",
        "amenity": "police",
        "name": "কুড়িয়ানা পুলিশ ক্যাম্প",
        "name:en": "Kuriana Police Camp"
      },
      "geometry": {
        "type": "Point",
        "coordinates": [
          90.155604,
          22.7403487
        ]
      },
      "id": "node/11494506031"
    },
    {
      "type": "Feature",
      "properties": {
        "@id": "node/11563346993",
        "amenity": "police",
        "name": "Gulbahar Mansion(RAB OFFICE), Gulbahar Mansion, Hathazari, Chittagong - Khagrachhari Rd, Chattogram"
      },
      "geometry": {
        "type": "Point",
        "coordinates": [
          91.8052681,
          22.511646
        ]
      },
      "id": "node/11563346993"
    },
    {
      "type": "Feature",
      "properties": {
        "@id": "node/11618093216",
        "amenity": "fire_station",
        "name": "Kornophully Modern Fire Station, Chittagong-Anwara-Banshkhali Rd, Daulatpur, Chattogram"
      },
      "geometry": {
        "type": "Point",
        "coordinates": [
          91.8683078,
          22.2884902
        ]
      },
      "id": "node/11618093216"
    },
    {
      "type": "Feature",
      "properties": {
        "@id": "node/11626631757",
        "amenity": "police",
        "name": "Padma Bridge (North) Police Station, Dhaka - Mawa Hwy, Mawa"
      },
      "geometry": {
        "type": "Point",
        "coordinates": [
          90.2691599,
          23.4887074
        ]
      },
      "id": "node/11626631757"
    },
    {
      "type": "Feature",
      "properties": {
        "@id": "node/11627396288",
        "addr:city": "Dhaka",
        "addr:street": "মনোহরদী - কাপাসিয়া সড়ক",
        "amenity": "fire_station",
        "name": "Fire service building"
      },
      "geometry": {
        "type": "Point",
        "coordinates": [
          90.5676071,
          24.1188536
        ]
      },
      "id": "node/11627396288"
    },
    {
      "type": "Feature",
      "properties": {
        "@id": "node/11734328286",
        "amenity": "fire_station",
        "name": "Karnafully fire service, M. A Aziz Rd, Chattogram"
      },
      "geometry": {
        "type": "Point",
        "coordinates": [
          91.7875366,
          22.2767087
        ]
      },
      "id": "node/11734328286"
    },
    {
      "type": "Feature",
      "properties": {
        "@id": "node/11734389456",
        "amenity": "fire_station",
        "name": "Fire Station of Padma Oil Company Limited, Patenga, Chattogram"
      },
      "geometry": {
        "type": "Point",
        "coordinates": [
          91.8101168,
          22.2674953
        ]
      },
      "id": "node/11734389456"
    },
    {
      "type": "Feature",
      "properties": {
        "@id": "node/11759909129",
        "amenity": "police",
        "name": "Tigerpass Police Station, Tiger Pass Circle, Chattogram"
      },
      "geometry": {
        "type": "Point",
        "coordinates": [
          91.8162657,
          22.3420248
        ]
      },
      "id": "node/11759909129"
    },
    {
      "type": "Feature",
      "properties": {
        "@id": "node/11760037243",
        "amenity": "police",
        "name": "CRB Police Outpost State police, C.R.B. Rd, Chattogram"
      },
      "geometry": {
        "type": "Point",
        "coordinates": [
          91.8230811,
          22.3400518
        ]
      },
      "id": "node/11760037243"
    },
    {
      "type": "Feature",
      "properties": {
        "@id": "node/11765339056",
        "access": "yes",
        "amenity": "toilets",
        "check_date": "2024-03-27",
        "fee": "no",
        "operator": "Bangladesh Rural Advancement Committee",
        "toilets:handwashing": "yes"
      },
      "geometry": {
        "type": "Point",
        "coordinates": [
          90.3687514,
          23.8196137
        ]
      },
      "id": "node/11765339056"
    },
    {
      "type": "Feature",
      "properties": {
        "@id": "node/11773348342",
        "addr:street": "Kukrali Road",
        "name": "Ground water treatment plant",
        "office": "water_utility",
        "phone": "+880 1556-335425"
      },
      "geometry": {
        "type": "Point",
        "coordinates": [
          89.0724131,
          22.6921828
        ]
      },
      "id": "node/11773348342"
    },
    {
      "type": "Feature",
      "properties": {
        "@id": "node/11774998519",
        "addr:street": "পুরাতন জেলখানা রোড, বাগেরহাট",
        "amenity": "police",
        "name": "Bagerhat Model Thana",
        "nohousenumber": "yes",
        "opening_hours": "24/7",
        "toilets": "yes",
        "toilets:access": "customers",
        "wheelchair": "designated"
      },
      "geometry": {
        "type": "Point",
        "coordinates": [
          89.794496,
          22.6611475
        ]
      },
      "id": "node/11774998519"
    },
    {
      "type": "Feature",
      "properties": {
        "@id": "node/11779591576",
        "amenity": "police",
        "name": "Bakalia Police Station, Dhaka - Chittagong Hwy, Chattogram"
      },
      "geometry": {
        "type": "Point",
        "coordinates": [
          91.8536737,
          22.3420983
        ]
      },
      "id": "node/11779591576"
    },
    {
      "type": "Feature",
      "properties": {
        "@id": "node/11782055069",
        "amenity": "toilets"
      },
      "geometry": {
        "type": "Point",
        "coordinates": [
          90.3973653,
          23.7013319
        ]
      },
      "id": "node/11782055069"
    },
    {
      "type": "Feature",
      "properties": {
        "@id": "node/11786089827",
        "amenity": "fire_station",
        "name": "Bayazid Fire Service & Civil Defence"
      },
      "geometry": {
        "type": "Point",
        "coordinates": [
          91.8113951,
          22.3919539
        ]
      },
      "id": "node/11786089827"
    },
    {
      "type": "Feature",
      "properties": {
        "@id": "node/11801232248",
        "amenity": "fire_station",
        "name": "Mosque of Bangladesh Fire Service & Civil Defence Headquarter, Kazi Alauddin Rd, Dhaka"
      },
      "geometry": {
        "type": "Point",
        "coordinates": [
          90.4059184,
          23.722122
        ]
      },
      "id": "node/11801232248"
    },
    {
      "type": "Feature",
      "properties": {
        "@id": "node/11871905744",
        "check_date": "2024-05-01",
        "name": "WASA",
        "office": "water_utility"
      },
      "geometry": {
        "type": "Point",
        "coordinates": [
          90.3980247,
          23.7272777
        ]
      },
      "id": "node/11871905744"
    },
    {
      "type": "Feature",
      "properties": {
        "@id": "node/11880916661",
        "amenity": "fire_station",
        "name": "Zajira Fire Station, Fire station, Zajira"
      },
      "geometry": {
        "type": "Point",
        "coordinates": [
          90.3032202,
          23.3277492
        ]
      },
      "id": "node/11880916661"
    },
    {
      "type": "Feature",
      "properties": {
        "@id": "node/11909722802",
        "amenity": "fire_station",
        "name": "Tekerhat Port land cum river fire station, Fire station, Tekerhat"
      },
      "geometry": {
        "type": "Point",
        "coordinates": [
          90.0231701,
          23.2328754
        ]
      },
      "id": "node/11909722802"
    },
    {
      "type": "Feature",
      "properties": {
        "@id": "node/11914981764",
        "amenity": "police",
        "name": "Sariakandi Police Station"
      },
      "geometry": {
        "type": "Point",
        "coordinates": [
          89.5694105,
          24.8883297
        ]
      },
      "id": "node/11914981764"
    },
    {
      "type": "Feature",
      "properties": {
        "@id": "node/11919127660",
        "amenity": "police",
        "name": "Sonatola Police Station"
      },
      "geometry": {
        "type": "Point",
        "coordinates": [
          89.5016045,
          25.0374857
        ]
      },
      "id": "node/11919127660"
    },
    {
      "type": "Feature",
      "properties": {
        "@id": "node/11919134883",
        "amenity": "police",
        "name": "Kahaloo Police Station"
      },
      "geometry": {
        "type": "Point",
        "coordinates": [
          89.2685475,
          24.8316186
        ]
      },
      "id": "node/11919134883"
    },
    {
      "type": "Feature",
      "properties": {
        "@id": "node/11925136324",
        "addr:street": "Thana Road",
        "amenity": "police",
        "name": "Keraniganj Model Thana"
      },
      "geometry": {
        "type": "Point",
        "coordinates": [
          90.3968083,
          23.7061449
        ]
      },
      "id": "node/11925136324"
    },
    {
      "type": "Feature",
      "properties": {
        "@id": "node/11928046247",
        "amenity": "police",
        "name": "Dhunat Police Station"
      },
      "geometry": {
        "type": "Point",
        "coordinates": [
          89.5325445,
          24.6902936
        ]
      },
      "id": "node/11928046247"
    },
    {
      "type": "Feature",
      "properties": {
        "@id": "node/11928092210",
        "amenity": "police",
        "name": "Nandigram Police Station"
      },
      "geometry": {
        "type": "Point",
        "coordinates": [
          89.2495781,
          24.6457232
        ]
      },
      "id": "node/11928092210"
    },
    {
      "type": "Feature",
      "properties": {
        "@id": "node/11942056183",
        "amenity": "police",
        "name": "Tejgaon Industrial Area Police Station"
      },
      "geometry": {
        "type": "Point",
        "coordinates": [
          90.4006152,
          23.7653464
        ]
      },
      "id": "node/11942056183"
    },
    {
      "type": "Feature",
      "properties": {
        "@id": "node/11948456388",
        "amenity": "police",
        "name": "PBI Dhaka North Metro"
      },
      "geometry": {
        "type": "Point",
        "coordinates": [
          90.3686637,
          23.7828183
        ]
      },
      "id": "node/11948456388"
    },
    {
      "type": "Feature",
      "properties": {
        "@id": "node/11951698356",
        "amenity": "police",
        "name": "Bangladesh Police Officers Mess"
      },
      "geometry": {
        "type": "Point",
        "coordinates": [
          90.4022794,
          23.7447925
        ]
      },
      "id": "node/11951698356"
    },
    {
      "type": "Feature",
      "properties": {
        "@id": "node/11953652641",
        "amenity": "police",
        "name": "Dhaka Police Superintendent Bus Building"
      },
      "geometry": {
        "type": "Point",
        "coordinates": [
          90.4054815,
          23.7402936
        ]
      },
      "id": "node/11953652641"
    },
    {
      "type": "Feature",
      "properties": {
        "@id": "node/11953737301",
        "amenity": "police",
        "name": "Shahbagh Police Station"
      },
      "geometry": {
        "type": "Point",
        "coordinates": [
          90.3962668,
          23.7371502
        ]
      },
      "id": "node/11953737301"
    },
    {
      "type": "Feature",
      "properties": {
        "@id": "node/11966302619",
        "amenity": "police",
        "name": "Birganj Police Station"
      },
      "geometry": {
        "type": "Point",
        "coordinates": [
          88.6555893,
          25.8603531
        ]
      },
      "id": "node/11966302619"
    },
    {
      "type": "Feature",
      "properties": {
        "@id": "node/11993723144",
        "amenity": "police",
        "name": "New Chadgaon Police Station"
      },
      "geometry": {
        "type": "Point",
        "coordinates": [
          91.8489204,
          22.3681752
        ]
      },
      "id": "node/11993723144"
    },
    {
      "type": "Feature",
      "properties": {
        "@id": "node/12022700215",
        "amenity": "police",
        "name": "Mohammadpur RAB Office"
      },
      "geometry": {
        "type": "Point",
        "coordinates": [
          90.3657454,
          23.7532193
        ]
      },
      "id": "node/12022700215"
    },
    {
      "type": "Feature",
      "properties": {
        "@id": "node/12025526964",
        "amenity": "police",
        "name": "Lalabagh New Police Station, State police"
      },
      "geometry": {
        "type": "Point",
        "coordinates": [
          90.3792411,
          23.7206108
        ]
      },
      "id": "node/12025526964"
    },
    {
      "type": "Feature",
      "properties": {
        "@id": "node/12025590730",
        "amenity": "fire_station",
        "name": "Fire Service & Civil Defence Station"
      },
      "geometry": {
        "type": "Point",
        "coordinates": [
          90.3701701,
          23.725081
        ]
      },
      "id": "node/12025590730"
    },
    {
      "type": "Feature",
      "properties": {
        "@id": "node/12028975583",
        "amenity": "police",
        "name": "CPC-3 RAB-10 ( Lalbagh), Federal police"
      },
      "geometry": {
        "type": "Point",
        "coordinates": [
          90.383155,
          23.7146415
        ]
      },
      "id": "node/12028975583"
    },
    {
      "type": "Feature",
      "properties": {
        "@id": "node/12033292320",
        "amenity": "police",
        "name": "Ramna Model Police Station"
      },
      "geometry": {
        "type": "Point",
        "coordinates": [
          90.404659,
          23.7457131
        ]
      },
      "id": "node/12033292320"
    },
    {
      "type": "Feature",
      "properties": {
        "@id": "node/12033313506",
        "amenity": "police",
        "name": "CID Headquarters"
      },
      "geometry": {
        "type": "Point",
        "coordinates": [
          90.4137924,
          23.7431218
        ]
      },
      "id": "node/12033313506"
    },
    {
      "type": "Feature",
      "properties": {
        "@id": "node/12041416156",
        "amenity": "police",
        "name": "Shafiqul Islam police, Carabinieri police"
      },
      "geometry": {
        "type": "Point",
        "coordinates": [
          90.4173307,
          23.7415784
        ]
      },
      "id": "node/12041416156"
    },
    {
      "type": "Feature",
      "properties": {
        "@id": "node/12041436705",
        "amenity": "police",
        "name": "Rajarbagh Police Lines, State Police"
      },
      "geometry": {
        "type": "Point",
        "coordinates": [
          90.418235,
          23.7400265
        ]
      },
      "id": "node/12041436705"
    },
    {
      "type": "Feature",
      "properties": {
        "@id": "node/12041472917",
        "amenity": "police",
        "name": "Dhaka Metropolitan Police"
      },
      "geometry": {
        "type": "Point",
        "coordinates": [
          90.4173114,
          23.7390624
        ]
      },
      "id": "node/12041472917"
    },
    {
      "type": "Feature",
      "properties": {
        "@id": "node/12043386528",
        "amenity": "fire_station",
        "name": "Dhaka Inland Container Depot (ICD) Fire Station"
      },
      "geometry": {
        "type": "Point",
        "coordinates": [
          90.4285611,
          23.7254232
        ]
      },
      "id": "node/12043386528"
    },
    {
      "type": "Feature",
      "properties": {
        "@id": "node/12052339598",
        "amenity": "police",
        "name": "Shahjahanpur Thana, State police"
      },
      "geometry": {
        "type": "Point",
        "coordinates": [
          90.4198833,
          23.7468173
        ]
      },
      "id": "node/12052339598"
    },
    {
      "type": "Feature",
      "properties": {
        "@id": "node/12052770721",
        "amenity": "toilets"
      },
      "geometry": {
        "type": "Point",
        "coordinates": [
          90.6423555,
          23.5772165
        ]
      },
      "id": "node/12052770721"
    },
    {
      "type": "Feature",
      "properties": {
        "@id": "node/12078089391",
        "amenity": "police",
        "name": "Banani Police Outpost,Police station"
      },
      "geometry": {
        "type": "Point",
        "coordinates": [
          90.4008254,
          23.7950221
        ]
      },
      "id": "node/12078089391"
    },
    {
      "type": "Feature",
      "properties": {
        "@id": "node/12079799564",
        "amenity": "police",
        "name": "Khilkhet Police Station, Police station"
      },
      "geometry": {
        "type": "Point",
        "coordinates": [
          90.4198201,
          23.8281293
        ]
      },
      "id": "node/12079799564"
    },
    {
      "type": "Feature",
      "properties": {
        "@id": "node/12082220378",
        "amenity": "police",
        "group_only": "yes",
        "name": "RAB HQ Complex, Hajj Camp"
      },
      "geometry": {
        "type": "Point",
        "coordinates": [
          90.4111207,
          23.8494652
        ]
      },
      "id": "node/12082220378"
    },
    {
      "type": "Feature",
      "properties": {
        "@id": "node/12085942877",
        "amenity": "police",
        "name": "Rajbari Police Station"
      },
      "geometry": {
        "type": "Point",
        "coordinates": [
          89.643572,
          23.7564864
        ]
      },
      "id": "node/12085942877"
    },
    {
      "type": "Feature",
      "properties": {
        "@id": "node/12086107217",
        "amenity": "police",
        "name": "Goalondo Mor Highway Thana"
      },
      "geometry": {
        "type": "Point",
        "coordinates": [
          89.701149,
          23.6809677
        ]
      },
      "id": "node/12086107217"
    },
    {
      "type": "Feature",
      "properties": {
        "@id": "node/12123714915",
        "amenity": "police",
        "name": "Police Lines Rajbari"
      },
      "geometry": {
        "type": "Point",
        "coordinates": [
          89.6385218,
          23.7483407
        ]
      },
      "id": "node/12123714915"
    },
    {
      "type": "Feature",
      "properties": {
        "@id": "node/12126672890",
        "amenity": "fire_station",
        "name": "Fire Service And Civil Defence"
      },
      "geometry": {
        "type": "Point",
        "coordinates": [
          90.3770116,
          23.977322
        ]
      },
      "id": "node/12126672890"
    },
    {
      "type": "Feature",
      "properties": {
        "@id": "node/12143874689",
        "amenity": "police",
        "name": "RAB-1, Specialized Company, Porabari"
      },
      "geometry": {
        "type": "Point",
        "coordinates": [
          90.3886042,
          24.052059
        ]
      },
      "id": "node/12143874689"
    },
    {
      "type": "Feature",
      "properties": {
        "@id": "node/12153538167",
        "amenity": "police",
        "name": "বাঘাইছড়ি থানা"
      },
      "geometry": {
        "type": "Point",
        "coordinates": [
          92.1900667,
          23.1565394
        ]
      },
      "id": "node/12153538167"
    },
    {
      "type": "Feature",
      "properties": {
        "@id": "node/12155192511",
        "amenity": "police",
        "name": "Mawna Highway Police Station, Police station"
      },
      "geometry": {
        "type": "Point",
        "coordinates": [
          90.4137388,
          24.217231
        ]
      },
      "id": "node/12155192511"
    },
    {
      "type": "Feature",
      "properties": {
        "@id": "node/12161238729",
        "addr:suburb": "Tin Shed",
        "amenity": "toilets",
        "capacity:persons": "6",
        "name": "KAAP Sanitation",
        "shower": "yes",
        "source": "DhakaThrive_Survey",
        "toilets:disposal": "pitlatrine",
        "toilets:handwashing": "yes",
        "unisex": "yes"
      },
      "geometry": {
        "type": "Point",
        "coordinates": [
          90.3808278,
          23.8274701
        ]
      },
      "id": "node/12161238729"
    },
    {
      "type": "Feature",
      "properties": {
        "@id": "node/12177906423",
        "access": "yes",
        "addr:suburb": "Beguntila",
        "amenity": "toilets",
        "capacity:persons": "2",
        "fee": "no",
        "name": "Community Toilet",
        "shower": "no",
        "source": "DhakaThrive_Survey",
        "toilets:disposal": "flush",
        "toilets:handwashing": "yes",
        "unisex": "yes",
        "wheelchair": "no"
      },
      "geometry": {
        "type": "Point",
        "coordinates": [
          90.3796507,
          23.828517
        ]
      },
      "id": "node/12177906423"
    },
    {
      "type": "Feature",
      "properties": {
        "@id": "node/12177906424",
        "addr:suburb": "Beguntila",
        "amenity": "toilets",
        "capacity:persons": "4",
        "fee": "no",
        "name": "UNICEF Community Bathroom",
        "shower": "yes",
        "source": "DhakaThrive_Survey",
        "toilets:disposal": "flush",
        "toilets:handwashing": "yes",
        "unisex": "yes",
        "wheelchair": "no"
      },
      "geometry": {
        "type": "Point",
        "coordinates": [
          90.3796903,
          23.8285004
        ]
      },
      "id": "node/12177906424"
    },
    {
      "type": "Feature",
      "properties": {
        "@id": "node/12177906425",
        "access": "yes",
        "addr:suburb": "Beguntila",
        "amenity": "toilets",
        "capacity:persons": "3",
        "fee": "no",
        "source": "DhakaThrive_Survey",
        "toilets:disposal": "flush",
        "toilets:handwashing": "yes",
        "unisex": "yes",
        "wheelchair": "no"
      },
      "geometry": {
        "type": "Point",
        "coordinates": [
          90.3797581,
          23.8284547
        ]
      },
      "id": "node/12177906425"
    },
    {
      "type": "Feature",
      "properties": {
        "@id": "node/12177906426",
        "access": "yes",
        "addr:suburb": "Beguntila",
        "amenity": "toilets",
        "capacity:persons": "2",
        "fee": "no",
        "name": "Bathroom 06",
        "shower": "yes",
        "source": "DhakaThrive_Survey",
        "toilets:disposal": "flush",
        "toilets:handwashing": "yes",
        "unisex": "yes",
        "wheelchair": "no"
      },
      "geometry": {
        "type": "Point",
        "coordinates": [
          90.379779,
          23.8283897
        ]
      },
      "id": "node/12177906426"
    },
    {
      "type": "Feature",
      "properties": {
        "@id": "node/12177906427",
        "access": "yes",
        "addr:suburb": "Beguntila",
        "amenity": "toilets",
        "capacity:persons": "1",
        "fee": "no",
        "name": "Community Latrine",
        "source": "DhakaThrive_Survey",
        "toilets:disposal": "flush",
        "toilets:handwashing": "yes",
        "unisex": "yes",
        "wheelchair": "no"
      },
      "geometry": {
        "type": "Point",
        "coordinates": [
          90.3796746,
          23.828441
        ]
      },
      "id": "node/12177906427"
    },
    {
      "type": "Feature",
      "properties": {
        "@id": "node/12177906428",
        "access": "yes",
        "addr:suburb": "Beguntila",
        "amenity": "toilets",
        "capacity:persons": "6",
        "fee": "no",
        "source": "DhakaThrive_Survey",
        "toilets:disposal": "flush",
        "toilets:handwashing": "yes",
        "unisex": "yes",
        "wheelchair": "no"
      },
      "geometry": {
        "type": "Point",
        "coordinates": [
          90.3799065,
          23.8284612
        ]
      },
      "id": "node/12177906428"
    },
    {
      "type": "Feature",
      "properties": {
        "@id": "node/12177906437",
        "access": "yes",
        "addr:suburb": "Beguntila",
        "amenity": "toilets",
        "capacity:persons": "1",
        "name": "Habitat for Humanity Bangladesh",
        "source": "DhakaThrive_Survey",
        "toilets:disposal": "flush",
        "unisex": "yes",
        "wheelchair": "no"
      },
      "geometry": {
        "type": "Point",
        "coordinates": [
          90.3793466,
          23.8286534
        ]
      },
      "id": "node/12177906437"
    },
    {
      "type": "Feature",
      "properties": {
        "@id": "node/12177906446",
        "access": "no",
        "addr:suburb": "Beguntila",
        "amenity": "toilets",
        "capacity:persons": "1",
        "fee": "no",
        "name": "Habitat for Humanity Bangladesh Community Latrine",
        "source": "DhakaThrive_Survey",
        "toilets:disposal": "flush",
        "unisex": "yes"
      },
      "geometry": {
        "type": "Point",
        "coordinates": [
          90.3793303,
          23.8283874
        ]
      },
      "id": "node/12177906446"
    },
    {
      "type": "Feature",
      "properties": {
        "@id": "node/12189998186",
        "access": "yes",
        "amenity": "toilets",
        "name": "পাবলিক টয়লেট",
        "name:en": "Public Toilet"
      },
      "geometry": {
        "type": "Point",
        "coordinates": [
          91.1788551,
          23.467224
        ]
      },
      "id": "node/12189998186"
    },
    {
      "type": "Feature",
      "properties": {
        "@id": "node/12193096322",
        "amenity": "police",
        "name": "Islamic University Police Station",
        "operator": "Bangladesh Government"
      },
      "geometry": {
        "type": "Point",
        "coordinates": [
          89.1538179,
          23.7207735
        ]
      },
      "id": "node/12193096322"
    },
    {
      "type": "Feature",
      "properties": {
        "@id": "node/12193994353",
        "amenity": "toilets"
      },
      "geometry": {
        "type": "Point",
        "coordinates": [
          90.8460113,
          24.6612437
        ]
      },
      "id": "node/12193994353"
    },
    {
      "type": "Feature",
      "properties": {
        "@id": "node/12193994903",
        "access": "private",
        "addr:suburb": "4 No Wapda",
        "amenity": "toilets",
        "capacity:persons": "1",
        "shower": "yes",
        "source": "DhakaThrive_Survey",
        "toilets:disposal": "pitlatrine",
        "toilets:handwashing": "no",
        "unisex": "yes"
      },
      "geometry": {
        "type": "Point",
        "coordinates": [
          90.3736885,
          23.8195256
        ]
      },
      "id": "node/12193994903"
    },
    {
      "type": "Feature",
      "properties": {
        "@id": "node/12193994904",
        "access": "yes",
        "addr:suburb": "4 No Wapda",
        "amenity": "toilets",
        "capacity:persons": "6",
        "male": "yes",
        "name": "Community toilet",
        "shower": "yes",
        "source": "DhakaThrive_Survey",
        "toilets:disposal": "pitlatrine",
        "toilets:handwashing": "yes"
      },
      "geometry": {
        "type": "Point",
        "coordinates": [
          90.373926,
          23.819513
        ]
      },
      "id": "node/12193994904"
    },
    {
      "type": "Feature",
      "properties": {
        "@id": "node/12194256629",
        "access": "yes",
        "addr:suburb": "Bottola",
        "amenity": "toilets",
        "capacity:persons": "2",
        "name": "UNDP Sanitation",
        "shower": "no",
        "source": "DhakaThrive_Survey",
        "toilets:disposal": "pitlatrine",
        "toilets:handwashing": "yes",
        "unisex": "yes"
      },
      "geometry": {
        "type": "Point",
        "coordinates": [
          90.3727232,
          23.8202927
        ]
      },
      "id": "node/12194256629"
    },
    {
      "type": "Feature",
      "properties": {
        "@id": "node/12194256630",
        "addr:suburb": "Bottola",
        "amenity": "toilets",
        "capacity:persons": "2",
        "name": "UNDP sanitation",
        "shower": "yes",
        "source": "DhakaThrive_Survey",
        "toilets:disposal": "pitlatrine",
        "toilets:handwashing": "yes",
        "unisex": "yes"
      },
      "geometry": {
        "type": "Point",
        "coordinates": [
          90.3726142,
          23.8202917
        ]
      },
      "id": "node/12194256630"
    },
    {
      "type": "Feature",
      "properties": {
        "@id": "node/12194295828",
        "addr:suburb": "Adamer Slum",
        "amenity": "toilets",
        "capacity:persons": "2",
        "source": "DhakaThrive_Survey",
        "toilets:disposal": "pitlatrine",
        "toilets:handwashing": "yes",
        "unisex": "yes"
      },
      "geometry": {
        "type": "Point",
        "coordinates": [
          90.3767395,
          23.8115665
        ]
      },
      "id": "node/12194295828"
    },
    {
      "type": "Feature",
      "properties": {
        "@id": "node/12194295830",
        "addr:suburb": "Adamer Slum",
        "amenity": "toilets",
        "capacity:persons": "2",
        "source": "DhakaThrive_Survey",
        "toilets:disposal": "pitlatrine",
        "toilets:handwashing": "yes",
        "unisex": "yes"
      },
      "geometry": {
        "type": "Point",
        "coordinates": [
          90.3769579,
          23.8116263
        ]
      },
      "id": "node/12194295830"
    },
    {
      "type": "Feature",
      "properties": {
        "@id": "node/12194326308",
        "access": "yes",
        "addr:suburb": "13 Hearts Camp",
        "amenity": "toilets",
        "capacity:persons": "2",
        "name": "Community Washroom",
        "shower": "yes",
        "source": "DhakaThrive_Survey",
        "toilets:disposal": "flush",
        "toilets:handwashing": "yes",
        "unisex": "yes"
      },
      "geometry": {
        "type": "Point",
        "coordinates": [
          90.3711228,
          23.8119809
        ]
      },
      "id": "node/12194326308"
    },
    {
      "type": "Feature",
      "properties": {
        "@id": "node/12194326309",
        "access": "yes",
        "addr:suburb": "13 Hearts Camp",
        "amenity": "toilets",
        "capacity:persons": "2",
        "name": "Community Toilet",
        "shower": "yes",
        "source": "DhakaThrive_Survey",
        "toilets:disposal": "flush",
        "toilets:handwashing": "yes",
        "unisex": "yes"
      },
      "geometry": {
        "type": "Point",
        "coordinates": [
          90.3710894,
          23.8124221
        ]
      },
      "id": "node/12194326309"
    },
    {
      "type": "Feature",
      "properties": {
        "@id": "node/12194326313",
        "addr:suburb": "13 Hearts Camp",
        "amenity": "toilets",
        "capacity:persons": "8",
        "name": "Islamic Relief Bangladesh Community Latrine",
        "shower": "yes",
        "source": "DhakaThrive_Survey",
        "toilets:disposal": "flush",
        "toilets:handwashing": "no",
        "unisex": "yes"
      },
      "geometry": {
        "type": "Point",
        "coordinates": [
          90.3719644,
          23.8123902
        ]
      },
      "id": "node/12194326313"
    },
    {
      "type": "Feature",
      "properties": {
        "@id": "node/12194335317",
        "access": "yes",
        "addr:suburb": "Imambara Camp",
        "amenity": "toilets",
        "capacity:persons": "10",
        "male": "yes",
        "name": "Community Toilet (Brac)",
        "source": "DhakaThrive_Survey",
        "toilets:disposal": "pitlatrine",
        "toilets:handwashing": "no"
      },
      "geometry": {
        "type": "Point",
        "coordinates": [
          90.3731013,
          23.8199305
        ]
      },
      "id": "node/12194335317"
    },
    {
      "type": "Feature",
      "properties": {
        "@id": "node/12194335319",
        "access": "yes",
        "addr:suburb": "Imambara Camp",
        "amenity": "toilets",
        "capacity:persons": "8",
        "male": "yes",
        "name": "Youngone Outdoor Corporation",
        "source": "DhakaThrive_Survey",
        "toilets:disposal": "pitlatrine",
        "toilets:handwashing": "no"
      },
      "geometry": {
        "type": "Point",
        "coordinates": [
          90.3724353,
          23.819497
        ]
      },
      "id": "node/12194335319"
    },
    {
      "type": "Feature",
      "properties": {
        "@id": "node/12194433898",
        "addr:suburb": "Kochuala Slum",
        "amenity": "toilets",
        "capacity:persons": "3",
        "source": "DhakaThrive_Survey",
        "toilets:disposal": "pitlatrine",
        "toilets:handwashing": "no",
        "unisex": "yes"
      },
      "geometry": {
        "type": "Point",
        "coordinates": [
          90.3754186,
          23.8117601
        ]
      },
      "id": "node/12194433898"
    },
    {
      "type": "Feature",
      "properties": {
        "@id": "node/12194438212",
        "addr:suburb": "Jola Camp",
        "amenity": "toilets",
        "capacity:persons": "4",
        "name": "Brac Sanitation",
        "source": "DhakaThrive_Survey",
        "toilets:disposal": "pitlatrine",
        "toilets:handwashing": "no",
        "unisex": "yes"
      },
      "geometry": {
        "type": "Point",
        "coordinates": [
          90.3683889,
          23.8166234
        ]
      },
      "id": "node/12194438212"
    },
    {
      "type": "Feature",
      "properties": {
        "@id": "node/12194438213",
        "addr:suburb": "Jola Camp",
        "amenity": "toilets",
        "capacity:persons": "4",
        "name": "Brac Sanitation",
        "source": "DhakaThrive_Survey",
        "toilets:disposal": "pitlatrine",
        "toilets:handwashing": "no",
        "unisex": "yes"
      },
      "geometry": {
        "type": "Point",
        "coordinates": [
          90.367611,
          23.8165715
        ]
      },
      "id": "node/12194438213"
    },
    {
      "type": "Feature",
      "properties": {
        "@id": "node/12196289041",
        "addr:suburb": "Aniser Bosti",
        "amenity": "toilets",
        "capacity:persons": "1",
        "drinking_water": "yes",
        "shower": "yes",
        "source": "DhakaThrive_Survey",
        "toilets:disposal": "pitlatrine",
        "unisex": "yes"
      },
      "geometry": {
        "type": "Point",
        "coordinates": [
          90.377028,
          23.814868
        ]
      },
      "id": "node/12196289041"
    },
    {
      "type": "Feature",
      "properties": {
        "@id": "node/12196289042",
        "addr:suburb": "Aniser Bosti",
        "amenity": "toilets",
        "capacity:persons": "1",
        "male": "yes",
        "shower": "yes",
        "toilets:disposal": "pitlatrine"
      },
      "geometry": {
        "type": "Point",
        "coordinates": [
          90.3777069,
          23.8150978
        ]
      },
      "id": "node/12196289042"
    },
    {
      "type": "Feature",
      "properties": {
        "@id": "node/12196289043",
        "addr:suburb": "Aniser Bosti",
        "amenity": "toilets",
        "capacity:persons": "1",
        "male": "yes",
        "source": "DhakaThrive_Survey",
        "toilets:disposal": "pitlatrine",
        "toilets:handwashing": "no"
      },
      "geometry": {
        "type": "Point",
        "coordinates": [
          90.3775318,
          23.8150321
        ]
      },
      "id": "node/12196289043"
    },
    {
      "type": "Feature",
      "properties": {
        "@id": "node/12196289044",
        "addr:suburb": "Aniser Bosti",
        "amenity": "toilets",
        "capacity:persons": "2",
        "source": "DhakaThrive_Survey",
        "toilets:disposal": "pitlatrine",
        "toilets:handwashing": "no",
        "unisex": "yes"
      },
      "geometry": {
        "type": "Point",
        "coordinates": [
          90.376994,
          23.8145549
        ]
      },
      "id": "node/12196289044"
    },
    {
      "type": "Feature",
      "properties": {
        "@id": "node/12196289045",
        "addr:suburb": "Aniser Bosti",
        "amenity": "toilets",
        "capacity:persons": "1",
        "source": "DhakaThrive_Survey",
        "toilets:disposal": "pitlatrine",
        "toilets:handwashing": "no",
        "unisex": "yes"
      },
      "geometry": {
        "type": "Point",
        "coordinates": [
          90.3780951,
          23.8149955
        ]
      },
      "id": "node/12196289045"
    },
    {
      "type": "Feature",
      "properties": {
        "@id": "node/12196289047",
        "addr:suburb": "Aniser Bosti",
        "amenity": "toilets",
        "capacity:persons": "1",
        "shower": "yes",
        "source": "DhakaThrive_Survey",
        "toilets:disposal": "pitlatrine",
        "toilets:handwashing": "yes",
        "unisex": "yes"
      },
      "geometry": {
        "type": "Point",
        "coordinates": [
          90.3772035,
          23.814962
        ]
      },
      "id": "node/12196289047"
    },
    {
      "type": "Feature",
      "properties": {
        "@id": "node/12196289048",
        "addr:suburb": "Aniser Bosti",
        "amenity": "toilets",
        "capacity:persons": "1",
        "shower": "yes",
        "source": "DhakaThrive_Survey",
        "toilets:disposal": "pitlatrine",
        "toilets:handwashing": "no",
        "unisex": "yes"
      },
      "geometry": {
        "type": "Point",
        "coordinates": [
          90.3769533,
          23.814833
        ]
      },
      "id": "node/12196289048"
    },
    {
      "type": "Feature",
      "properties": {
        "@id": "node/12196290692",
        "addr:suburb": "ADC Camp",
        "amenity": "toilets",
        "capacity:persons": "10",
        "name": "Brac Community Toilet",
        "shower": "yes",
        "source": "DhakaThrive_Survey",
        "toilets:disposal": "pitlatrine",
        "toilets:handwashing": "yes",
        "unisex": "yes"
      },
      "geometry": {
        "type": "Point",
        "coordinates": [
          90.3693045,
          23.814739
        ]
      },
      "id": "node/12196290692"
    },
    {
      "type": "Feature",
      "properties": {
        "@id": "node/12196290696",
        "addr:suburb": "ADC Camp",
        "amenity": "toilets",
        "capacity:persons": "14",
        "name": "14 Kokkho Bishishto Community Toilet",
        "source": "DhakaThrive_Survey",
        "toilets:disposal": "pitlatrine",
        "toilets:handwashing": "no",
        "unisex": "yes"
      },
      "geometry": {
        "type": "Point",
        "coordinates": [
          90.3691261,
          23.8146851
        ]
      },
      "id": "node/12196290696"
    },
    {
      "type": "Feature",
      "properties": {
        "@id": "node/12196449338",
        "access": "yes",
        "addr:suburb": "Medical Camp",
        "amenity": "toilets",
        "capacity:persons": "2",
        "source": "DhakaThrive_Survey",
        "toilets:disposal": "pitlatrine",
        "toilets:handwashing": "no",
        "unisex": "yes"
      },
      "geometry": {
        "type": "Point",
        "coordinates": [
          90.3698842,
          23.824767
        ]
      },
      "id": "node/12196449338"
    },
    {
      "type": "Feature",
      "properties": {
        "@id": "node/12196449339",
        "access": "yes",
        "addr:suburb": "Medical Camp",
        "amenity": "toilets",
        "capacity:persons": "2",
        "name": "King Abdullah Toilet",
        "source": "DhakaThrive_Survey",
        "toilets:disposal": "pitlatrine",
        "toilets:handwashing": "no",
        "unisex": "yes"
      },
      "geometry": {
        "type": "Point",
        "coordinates": [
          90.3699395,
          23.824633
        ]
      },
      "id": "node/12196449339"
    },
    {
      "type": "Feature",
      "properties": {
        "@id": "node/12196484063",
        "access": "private",
        "addr:suburb": "TA-Block",
        "amenity": "toilets",
        "capacity:persons": "2",
        "name": "DSK Toilet",
        "shower": "yes",
        "source": "DhakaThrive_Survey",
        "toilets:disposal": "pitlatrine",
        "toilets:handwashing": "yes"
      },
      "geometry": {
        "type": "Point",
        "coordinates": [
          90.3583414,
          23.8150001
        ]
      },
      "id": "node/12196484063"
    },
    {
      "type": "Feature",
      "properties": {
        "@id": "node/12196484067",
        "addr:suburb": "TA-Block",
        "amenity": "toilets",
        "capacity:persons": "3",
        "name": "UNDP Toilet",
        "shower": "yes",
        "source": "DhakaThrive_Survey",
        "toilets:disposal": "pitlatrine",
        "toilets:handwashing": "yes",
        "unisex": "yes"
      },
      "geometry": {
        "type": "Point",
        "coordinates": [
          90.3595042,
          23.8161089
        ]
      },
      "id": "node/12196484067"
    },
    {
      "type": "Feature",
      "properties": {
        "@id": "node/12196484068",
        "access": "yes",
        "addr:suburb": "TA-Block",
        "amenity": "toilets",
        "capacity:persons": "3",
        "name": "UNDP Toilet",
        "shower": "yes",
        "source": "DhakaThrive_Survey",
        "toilets:disposal": "pitlatrine",
        "toilets:handwashing": "yes",
        "unisex": "yes"
      },
      "geometry": {
        "type": "Point",
        "coordinates": [
          90.3591944,
          23.8160352
        ]
      },
      "id": "node/12196484068"
    },
    {
      "type": "Feature",
      "properties": {
        "@id": "node/12196484069",
        "access": "yes",
        "addr:suburb": "TA-Block",
        "amenity": "toilets",
        "capacity:persons": "4",
        "name": "DSK Toilet",
        "shower": "yes",
        "source": "DhakaThrive_Survey",
        "toilets:disposal": "pitlatrine",
        "toilets:handwashing": "yes",
        "unisex": "yes"
      },
      "geometry": {
        "type": "Point",
        "coordinates": [
          90.3585798,
          23.8157777
        ]
      },
      "id": "node/12196484069"
    },
    {
      "type": "Feature",
      "properties": {
        "@id": "node/12196484070",
        "access": "yes",
        "addr:suburb": "TA-Block",
        "amenity": "toilets",
        "capacity:persons": "3",
        "name": "6no Jhilpar Toilet",
        "shower": "yes",
        "source": "DhakaThrive_Survey",
        "toilets:disposal": "pitlatrine",
        "toilets:handwashing": "yes",
        "unisex": "yes"
      },
      "geometry": {
        "type": "Point",
        "coordinates": [
          90.3586641,
          23.8155388
        ]
      },
      "id": "node/12196484070"
    },
    {
      "type": "Feature",
      "properties": {
        "@id": "node/12196484072",
        "access": "yes",
        "addr:suburb": "TA-Block",
        "amenity": "toilets",
        "capacity:persons": "3",
        "name": "UNDP Toilet",
        "shower": "yes",
        "source": "DhakaThrive_Survey",
        "toilets:disposal": "pitlatrine",
        "toilets:handwashing": "yes",
        "unisex": "yes"
      },
      "geometry": {
        "type": "Point",
        "coordinates": [
          90.3585525,
          23.8160065
        ]
      },
      "id": "node/12196484072"
    },
    {
      "type": "Feature",
      "properties": {
        "@id": "node/12196484074",
        "access": "yes",
        "addr:suburb": "TA-Block",
        "amenity": "toilets",
        "capacity:persons": "3",
        "shower": "yes",
        "source": "DhakaThrive_Survey",
        "toilets:disposal": "pitlatrine",
        "toilets:handwashing": "yes",
        "unisex": "yes"
      },
      "geometry": {
        "type": "Point",
        "coordinates": [
          90.3585454,
          23.8155141
        ]
      },
      "id": "node/12196484074"
    },
    {
      "type": "Feature",
      "properties": {
        "@id": "node/12196484075",
        "addr:suburb": "TA-Block",
        "amenity": "toilets",
        "capacity:persons": "1",
        "healthcare": "pharmacy",
        "name": "UNDP Toilet",
        "shower": "no",
        "source": "DhakaThrive_Survey",
        "toilets:disposal": "pitlatrine",
        "toilets:handwashing": "yes",
        "unisex": "yes"
      },
      "geometry": {
        "type": "Point",
        "coordinates": [
          90.3584512,
          23.8154588
        ]
      },
      "id": "node/12196484075"
    },
    {
      "type": "Feature",
      "properties": {
        "@id": "node/12196484077",
        "access": "yes",
        "addr:suburb": "TA-Block",
        "amenity": "toilets",
        "capacity:persons": "1",
        "name": "Urban Songstha",
        "shower": "yes",
        "source": "DhakaThrive_Survey",
        "toilets:disposal": "pitlatrine",
        "toilets:handwashing": "yes",
        "unisex": "yes"
      },
      "geometry": {
        "type": "Point",
        "coordinates": [
          90.3582996,
          23.8148745
        ]
      },
      "id": "node/12196484077"
    },
    {
      "type": "Feature",
      "properties": {
        "@id": "node/12196484078",
        "addr:suburb": "TA-Block",
        "amenity": "toilets",
        "capacity:persons": "2",
        "name": "Brac Community",
        "source": "DhakaThrive_Survey",
        "toilets:disposal": "pitlatrine",
        "toilets:handwashing": "yes",
        "unisex": "yes"
      },
      "geometry": {
        "type": "Point",
        "coordinates": [
          90.359708,
          23.8162126
        ]
      },
      "id": "node/12196484078"
    },
    {
      "type": "Feature",
      "properties": {
        "@id": "node/12196484081",
        "access": "yes",
        "addr:suburb": "TA-Block",
        "amenity": "toilets",
        "capacity:persons": "2",
        "name": "NDBUS UNDP",
        "shower": "yes",
        "source": "DhakaThrive_Survey",
        "toilets:disposal": "pitlatrine",
        "toilets:handwashing": "yes",
        "unisex": "yes"
      },
      "geometry": {
        "type": "Point",
        "coordinates": [
          90.3596622,
          23.8159263
        ]
      },
      "id": "node/12196484081"
    },
    {
      "type": "Feature",
      "properties": {
        "@id": "node/12196484082",
        "access": "yes",
        "addr:suburb": "TA-Block",
        "amenity": "toilets",
        "capacity:persons": "2",
        "name": "Community Latrine",
        "shower": "yes",
        "source": "DhakaThrive_Survey",
        "toilets:disposal": "pitlatrine",
        "toilets:handwashing": "yes",
        "unisex": "yes"
      },
      "geometry": {
        "type": "Point",
        "coordinates": [
          90.3596085,
          23.8159076
        ]
      },
      "id": "node/12196484082"
    },
    {
      "type": "Feature",
      "properties": {
        "@id": "node/12196484083",
        "access": "yes",
        "addr:suburb": "TA-Block",
        "amenity": "toilets",
        "capacity:persons": "3",
        "name": "Urban Songstha",
        "shower": "yes",
        "source": "DhakaThrive_Survey",
        "toilets:disposal": "pitlatrine",
        "toilets:handwashing": "yes",
        "unisex": "yes"
      },
      "geometry": {
        "type": "Point",
        "coordinates": [
          90.3592791,
          23.8160823
        ]
      },
      "id": "node/12196484083"
    },
    {
      "type": "Feature",
      "properties": {
        "@id": "node/12196484084",
        "access": "yes",
        "addr:suburb": "TA-Block",
        "amenity": "toilets",
        "capacity:persons": "4",
        "name": "Urban Songstha",
        "shower": "yes",
        "source": "DhakaThrive_Survey",
        "toilets:disposal": "pitlatrine",
        "toilets:handwashing": "yes",
        "unisex": "yes"
      },
      "geometry": {
        "type": "Point",
        "coordinates": [
          90.3591852,
          23.816104
        ]
      },
      "id": "node/12196484084"
    },
    {
      "type": "Feature",
      "properties": {
        "@id": "node/12196484087",
        "addr:suburb": "TA- Block",
        "amenity": "toilets",
        "capacity:persons": "2",
        "healthcare": "pharmacy",
        "name": "UNDP-UPPR Toilet",
        "shower": "yes",
        "source": "DhakaThrive_Survey",
        "toilets:disposal": "pitlatrine",
        "toilets:handwashing": "yes",
        "unisex": "yes"
      },
      "geometry": {
        "type": "Point",
        "coordinates": [
          90.3585928,
          23.8154427
        ]
      },
      "id": "node/12196484087"
    },
    {
      "type": "Feature",
      "properties": {
        "@id": "node/12196484089",
        "access": "yes",
        "addr:suburb": "TA- Block",
        "amenity": "toilets",
        "capacity:persons": "5",
        "name": "NDBUS Toilet",
        "shower": "yes",
        "source": "DhakaThrive_Survey",
        "toilets:disposal": "pitlatrine",
        "toilets:handwashing": "yes",
        "unisex": "yes"
      },
      "geometry": {
        "type": "Point",
        "coordinates": [
          90.3587803,
          23.815988
        ]
      },
      "id": "node/12196484089"
    },
    {
      "type": "Feature",
      "properties": {
        "@id": "node/12196484090",
        "access": "yes",
        "addr:suburb": "TA- Block",
        "amenity": "toilets",
        "capacity:persons": "4",
        "name": "DSK Toilet",
        "source": "DhakaThrive_Survey",
        "toilets:disposal": "pitlatrine",
        "toilets:handwashing": "no",
        "unisex": "yes"
      },
      "geometry": {
        "type": "Point",
        "coordinates": [
          90.3587271,
          23.8161648
        ]
      },
      "id": "node/12196484090"
    },
    {
      "type": "Feature",
      "properties": {
        "@id": "node/12196484091",
        "access": "yes",
        "addr:suburb": "TA- Block",
        "amenity": "toilets",
        "capacity:persons": "4",
        "name": "UNDP Toilet",
        "shower": "yes",
        "source": "DhakaThrive_Survey",
        "toilets:disposal": "pitlatrine",
        "toilets:handwashing": "yes",
        "unisex": "yes"
      },
      "geometry": {
        "type": "Point",
        "coordinates": [
          90.3585879,
          23.8160415
        ]
      },
      "id": "node/12196484091"
    },
    {
      "type": "Feature",
      "properties": {
        "@id": "node/12196484092",
        "access": "yes",
        "addr:suburb": "TA- Block",
        "amenity": "toilets",
        "capacity:persons": "3",
        "name": "UNDP-UPPR Toilet",
        "shower": "yes",
        "source": "DhakaThrive_Survey",
        "toilets:disposal": "pitlatrine",
        "toilets:handwashing": "yes",
        "unisex": "yes"
      },
      "geometry": {
        "type": "Point",
        "coordinates": [
          90.3583166,
          23.8159806
        ]
      },
      "id": "node/12196484092"
    },
    {
      "type": "Feature",
      "properties": {
        "@id": "node/12196511728",
        "access": "yes",
        "addr:suburb": "Baouniabad Slum",
        "amenity": "toilets",
        "capacity:persons": "3",
        "male": "yes",
        "source": "DhakaThrive_Survey",
        "toilets:disposal": "pitlatrine",
        "toilets:handwashing": "no"
      },
      "geometry": {
        "type": "Point",
        "coordinates": [
          90.3811026,
          23.8214075
        ]
      },
      "id": "node/12196511728"
    },
    {
      "type": "Feature",
      "properties": {
        "@id": "node/12196511729",
        "access": "yes",
        "addr:suburb": "Baouniabad Slum",
        "amenity": "toilets",
        "capacity:persons": "1",
        "fee": "no",
        "name": "Community Toilet",
        "source": "DhakaThrive_Survey",
        "toilets:disposal": "pitlatrine",
        "toilets:handwashing": "no",
        "unisex": "yes",
        "wheelchair": "no"
      },
      "geometry": {
        "type": "Point",
        "coordinates": [
          90.3824361,
          23.820616
        ]
      },
      "id": "node/12196511729"
    },
    {
      "type": "Feature",
      "properties": {
        "@id": "node/12196511732",
        "access": "yes",
        "addr:suburb": "Baouniabad Slum",
        "amenity": "toilets",
        "capacity:persons": "3",
        "name": "DSK Sanitation",
        "source": "DhakaThrive_Survey",
        "toilets:disposal": "flush",
        "toilets:handwashing": "no",
        "unisex": "yes"
      },
      "geometry": {
        "type": "Point",
        "coordinates": [
          90.3816585,
          23.8214919
        ]
      },
      "id": "node/12196511732"
    },
    {
      "type": "Feature",
      "properties": {
        "@id": "node/12196511744",
        "access": "yes",
        "addr:suburb": "Baouniabad Slum",
        "amenity": "toilets",
        "capacity:persons": "3",
        "name": "WSUP Sanitation",
        "source": "DhakaThrive_Survey",
        "toilets:disposal": "flush",
        "toilets:handwashing": "no",
        "unisex": "yes"
      },
      "geometry": {
        "type": "Point",
        "coordinates": [
          90.3819365,
          23.8214919
        ]
      },
      "id": "node/12196511744"
    },
    {
      "type": "Feature",
      "properties": {
        "@id": "node/12196511746",
        "access": "yes",
        "addr:suburb": "Baouniabad Slum",
        "amenity": "toilets",
        "capacity:persons": "3",
        "name": "Water Aid Sanitation",
        "shower": "yes",
        "source": "DhakaThrive_Survey",
        "toilets:disposal": "flush",
        "toilets:handwashing": "yes",
        "unisex": "yes"
      },
      "geometry": {
        "type": "Point",
        "coordinates": [
          90.3813905,
          23.8215134
        ]
      },
      "id": "node/12196511746"
    },
    {
      "type": "Feature",
      "properties": {
        "@id": "node/12196511747",
        "access": "yes",
        "addr:suburb": "Baouniabad Slum",
        "amenity": "toilets",
        "capacity:persons": "3",
        "name": "DSK Sanitation",
        "source": "DhakaThrive_Survey",
        "toilets:disposal": "flush",
        "toilets:handwashing": "yes",
        "unisex": "yes"
      },
      "geometry": {
        "type": "Point",
        "coordinates": [
          90.381431,
          23.8214663
        ]
      },
      "id": "node/12196511747"
    },
    {
      "type": "Feature",
      "properties": {
        "@id": "node/12196511748",
        "access": "yes",
        "addr:suburb": "Baouniabad Slum",
        "amenity": "toilets",
        "capacity:persons": "3",
        "name": "DSK Sanitation",
        "source": "DhakaThrive_Survey",
        "toilets:disposal": "flush",
        "toilets:handwashing": "yes",
        "unisex": "yes"
      },
      "geometry": {
        "type": "Point",
        "coordinates": [
          90.3812615,
          23.8214646
        ]
      },
      "id": "node/12196511748"
    },
    {
      "type": "Feature",
      "properties": {
        "@id": "node/12196511750",
        "access": "yes",
        "addr:suburb": "Baouniabad Slum",
        "amenity": "toilets",
        "capacity:persons": "2",
        "name": "DWASA Sanitation",
        "shower": "yes",
        "source": "DhakaThrive_Survey",
        "toilets:disposal": "pitlatrine",
        "toilets:handwashing": "yes",
        "unisex": "yes"
      },
      "geometry": {
        "type": "Point",
        "coordinates": [
          90.3811363,
          23.8213212
        ]
      },
      "id": "node/12196511750"
    },
    {
      "type": "Feature",
      "properties": {
        "@id": "node/12196511752",
        "access": "yes",
        "addr:suburb": "Baouniabad Slum",
        "amenity": "toilets",
        "capacity:persons": "3",
        "name": "KAAP Sanitation",
        "source": "DhakaThrive_Survey",
        "toilets:disposal": "pitlatrine",
        "toilets:handwashing": "no",
        "unisex": "yes"
      },
      "geometry": {
        "type": "Point",
        "coordinates": [
          90.3807048,
          23.8214081
        ]
      },
      "id": "node/12196511752"
    },
    {
      "type": "Feature",
      "properties": {
        "@id": "node/12196548214",
        "access": "yes",
        "addr:suburb": "Boro Masjid Madrasha Camp",
        "amenity": "toilets",
        "capacity:persons": "1",
        "female": "yes",
        "name": "Community Bath",
        "shower": "yes",
        "source": "DhakaThrive_Survey",
        "toilets:disposal": "flush",
        "toilets:handwashing": "no",
        "wheelchair": "no"
      },
      "geometry": {
        "type": "Point",
        "coordinates": [
          90.3715927,
          23.8183059
        ]
      },
      "id": "node/12196548214"
    },
    {
      "type": "Feature",
      "properties": {
        "@id": "node/12196548215",
        "access": "yes",
        "addr:suburb": "Boro Masjid Madrasha Camp",
        "amenity": "toilets",
        "capacity:persons": "6",
        "name": "Community Washroom",
        "shower": "no",
        "source": "DhakaThrive_Survey",
        "toilets:disposal": "flush",
        "toilets:handwashing": "no",
        "unisex": "yes"
      },
      "geometry": {
        "type": "Point",
        "coordinates": [
          90.3716457,
          23.8186086
        ]
      },
      "id": "node/12196548215"
    },
    {
      "type": "Feature",
      "properties": {
        "@id": "node/12196548216",
        "access": "no",
        "addr:suburb": "Boro Masjid Madrasha Camp",
        "amenity": "toilets",
        "capacity:persons": "4",
        "name": "Community toilet",
        "source": "DhakaThrive_Survey",
        "toilets:disposal": "flush",
        "toilets:handwashing": "no",
        "unisex": "yes"
      },
      "geometry": {
        "type": "Point",
        "coordinates": [
          90.3715813,
          23.8184472
        ]
      },
      "id": "node/12196548216"
    },
    {
      "type": "Feature",
      "properties": {
        "@id": "node/12196593666",
        "access": "yes",
        "addr:suburb": "Madrasha Camp",
        "amenity": "toilets",
        "capacity:persons": "3",
        "name": "Brac Sanitation",
        "source": "DhakaThrive_Survey",
        "toilets:handwashing": "yes"
      },
      "geometry": {
        "type": "Point",
        "coordinates": [
          90.3689534,
          23.8139144
        ]
      },
      "id": "node/12196593666"
    },
    {
      "type": "Feature",
      "properties": {
        "@id": "node/12196593668",
        "access": "private",
        "addr:suburb": "Madrasha Camp",
        "amenity": "toilets",
        "capacity:persons": "4",
        "name": "Community Toilet",
        "shower": "yes",
        "source": "DhakaThrive_Survey",
        "toilets:disposal": "pitlatrine",
        "toilets:handwashing": "yes"
      },
      "geometry": {
        "type": "Point",
        "coordinates": [
          90.3697115,
          23.8138005
        ]
      },
      "id": "node/12196593668"
    },
    {
      "type": "Feature",
      "properties": {
        "@id": "node/12196597159",
        "access": "yes",
        "addr:suburb": "Old Kurmitola Camp",
        "amenity": "toilets",
        "capacity:persons": "2",
        "name": "World Vision Toilet",
        "source": "DhakaThrive_Survey",
        "toilets:disposal": "pitlatrine",
        "toilets:handwashing": "yes",
        "unisex": "yes"
      },
      "geometry": {
        "type": "Point",
        "coordinates": [
          90.376865,
          23.825699
        ]
      },
      "id": "node/12196597159"
    },
    {
      "type": "Feature",
      "properties": {
        "@id": "node/12196597161",
        "access": "yes",
        "addr:suburb": "Old Kurmitola Camp",
        "amenity": "toilets",
        "capacity:persons": "5",
        "name": "Brac Community Toilet",
        "shower": "yes",
        "source": "DhakaThrive_Survey",
        "toilets:disposal": "pitlatrine",
        "toilets:handwashing": "no",
        "unisex": "yes"
      },
      "geometry": {
        "type": "Point",
        "coordinates": [
          90.3770801,
          23.8250385
        ]
      },
      "id": "node/12196597161"
    },
    {
      "type": "Feature",
      "properties": {
        "@id": "node/12196597164",
        "access": "yes",
        "addr:suburb": "Old Kurmitola Camp",
        "amenity": "toilets",
        "capacity:persons": "1",
        "name": "World Vision Sanitation",
        "shower": "no",
        "source": "DhakaThrive_Survey",
        "toilets:disposal": "pitlatrine",
        "toilets:handwashing": "no",
        "unisex": "yes"
      },
      "geometry": {
        "type": "Point",
        "coordinates": [
          90.3771471,
          23.8247131
        ]
      },
      "id": "node/12196597164"
    },
    {
      "type": "Feature",
      "properties": {
        "@id": "node/12196597166",
        "access": "yes",
        "addr:suburb": "Old Kurmitola Camp",
        "amenity": "toilets",
        "capacity:persons": "15",
        "fee": "no",
        "name": "Brac Community Toilet",
        "source": "DhakaThrive_Survey",
        "toilets:disposal": "pitlatrine",
        "toilets:handwashing": "no",
        "unisex": "yes"
      },
      "geometry": {
        "type": "Point",
        "coordinates": [
          90.3771832,
          23.8244861
        ]
      },
      "id": "node/12196597166"
    },
    {
      "type": "Feature",
      "properties": {
        "@id": "node/12196597168",
        "access": "yes",
        "addr:suburb": "Old Kurmitola Camp",
        "amenity": "toilets",
        "capacity:persons": "6",
        "name": "Brac Community Toilet",
        "shower": "yes",
        "source": "DhakaThrive_Survey",
        "toilets:disposal": "pitlatrine",
        "toilets:handwashing": "no",
        "unisex": "yes"
      },
      "geometry": {
        "type": "Point",
        "coordinates": [
          90.3769369,
          23.8243972
        ]
      },
      "id": "node/12196597168"
    },
    {
      "type": "Feature",
      "properties": {
        "@id": "node/12196597174",
        "access": "yes",
        "addr:suburb": "Old Kurmitola Camp",
        "amenity": "toilets",
        "capacity:persons": "4",
        "name": "World Vision Sanitation",
        "source": "DhakaThrive_Survey",
        "toilets:disposal": "pitlatrine",
        "toilets:handwashing": "no",
        "unisex": "yes"
      },
      "geometry": {
        "type": "Point",
        "coordinates": [
          90.3768809,
          23.8262443
        ]
      },
      "id": "node/12196597174"
    },
    {
      "type": "Feature",
      "properties": {
        "@id": "node/12196597178",
        "access": "yes",
        "addr:suburb": "Old Kurmitola Camp",
        "amenity": "toilets",
        "capacity:persons": "2",
        "name": "Brac Community Toilet",
        "shower": "no",
        "source": "DhakaThrive_Survey",
        "toilets:disposal": "pitlatrine",
        "toilets:handwashing": "no",
        "unisex": "yes"
      },
      "geometry": {
        "type": "Point",
        "coordinates": [
          90.3768535,
          23.8257384
        ]
      },
      "id": "node/12196597178"
    },
    {
      "type": "Feature",
      "properties": {
        "@id": "node/12196650691",
        "access": "yes",
        "addr:suburb": "Rahmat Camp",
        "amenity": "toilets",
        "capacity:persons": "2",
        "name": "Community toilet",
        "source": "DhakaThrive_Survey",
        "toilets:disposal": "pitlatrine",
        "toilets:handwashing": "yes",
        "unisex": "yes"
      },
      "geometry": {
        "type": "Point",
        "coordinates": [
          90.3718829,
          23.8194295
        ]
      },
      "id": "node/12196650691"
    },
    {
      "type": "Feature",
      "properties": {
        "@id": "node/12196650693",
        "access": "yes",
        "addr:suburb": "Rahmat Camp",
        "amenity": "toilets",
        "capacity:persons": "2",
        "name": "Community toilet",
        "shower": "yes",
        "source": "DhakaThrive_Survey",
        "toilets:disposal": "pitlatrine",
        "toilets:handwashing": "yes",
        "unisex": "yes"
      },
      "geometry": {
        "type": "Point",
        "coordinates": [
          90.3719914,
          23.8197634
        ]
      },
      "id": "node/12196650693"
    },
    {
      "type": "Feature",
      "properties": {
        "@id": "node/12196650694",
        "access": "yes",
        "addr:suburb": "Rahmat Camp",
        "amenity": "toilets",
        "capacity:persons": "2",
        "name": "Community Toilet",
        "shower": "yes",
        "source": "DhakaThrive_Survey",
        "toilets:disposal": "pitlatrine",
        "toilets:handwashing": "yes",
        "unisex": "yes"
      },
      "geometry": {
        "type": "Point",
        "coordinates": [
          90.3721932,
          23.8196822
        ]
      },
      "id": "node/12196650694"
    },
    {
      "type": "Feature",
      "properties": {
        "@id": "node/12196650695",
        "access": "yes",
        "addr:suburb": "Rahmat Camp",
        "amenity": "toilets",
        "capacity:persons": "2",
        "name": "Brac Toilet",
        "shower": "yes",
        "source": "DhakaThrive_Survey",
        "toilets:disposal": "pitlatrine",
        "toilets:handwashing": "yes",
        "unisex": "yes"
      },
      "geometry": {
        "type": "Point",
        "coordinates": [
          90.3718839,
          23.8197686
        ]
      },
      "id": "node/12196650695"
    },
    {
      "type": "Feature",
      "properties": {
        "@id": "node/12196650699",
        "access": "yes",
        "addr:suburb": "Rahmat Camp",
        "amenity": "toilets",
        "capacity:persons": "8",
        "name": "Community Toilet",
        "source": "DhakaThrive_Survey",
        "toilets:disposal": "pitlatrine",
        "toilets:handwashing": "yes",
        "unisex": "yes"
      },
      "geometry": {
        "type": "Point",
        "coordinates": [
          90.3719285,
          23.819584
        ]
      },
      "id": "node/12196650699"
    },
    {
      "type": "Feature",
      "properties": {
        "@id": "node/12196650700",
        "access": "yes",
        "addr:suburb": "Imambara Camp",
        "amenity": "toilets",
        "capacity:persons": "4",
        "name": "Community Toilet",
        "shower": "yes",
        "source": "DhakaThrive_Survey",
        "toilets:disposal": "pitlatrine",
        "toilets:handwashing": "yes",
        "unisex": "yes"
      },
      "geometry": {
        "type": "Point",
        "coordinates": [
          90.3727396,
          23.8198955
        ]
      },
      "id": "node/12196650700"
    },
    {
      "type": "Feature",
      "properties": {
        "@id": "node/12196655315",
        "access": "yes",
        "addr:suburb": "Concern Camp",
        "amenity": "toilets",
        "capacity:persons": "12",
        "name": "Community Toilet",
        "shower": "yes",
        "source": "DhakaThrive_Survey",
        "toilets:disposal": "pitlatrine",
        "toilets:handwashing": "yes",
        "unisex": "yes"
      },
      "geometry": {
        "type": "Point",
        "coordinates": [
          90.3717869,
          23.8202511
        ]
      },
      "id": "node/12196655315"
    },
    {
      "type": "Feature",
      "properties": {
        "@id": "node/12196655317",
        "access": "yes",
        "addr:suburb": "Concern Camp",
        "amenity": "toilets",
        "capacity:persons": "1",
        "name": "Brac Toilet",
        "shower": "yes",
        "source": "DhakaThrive_Survey",
        "toilets:disposal": "pitlatrine",
        "toilets:handwashing": "yes",
        "unisex": "yes"
      },
      "geometry": {
        "type": "Point",
        "coordinates": [
          90.3723514,
          23.8205764
        ]
      },
      "id": "node/12196655317"
    },
    {
      "type": "Feature",
      "properties": {
        "@id": "node/12196707363",
        "access": "yes",
        "addr:suburb": "Oshud Fectory Slum",
        "amenity": "toilets",
        "capacity:persons": "2",
        "source": "DhakaThrive_Survey",
        "toilets:disposal": "pitlatrine",
        "toilets:handwashing": "yes",
        "unisex": "yes"
      },
      "geometry": {
        "type": "Point",
        "coordinates": [
          90.3755458,
          23.8116702
        ]
      },
      "id": "node/12196707363"
    },
    {
      "type": "Feature",
      "properties": {
        "@id": "node/12196722655",
        "access": "yes",
        "addr:suburb": "Imambara Camp",
        "amenity": "toilets",
        "capacity:persons": "1",
        "female": "yes",
        "name": "Brac Community Toilet",
        "source": "DhakaThrive_Survey",
        "toilets:disposal": "pitlatrine",
        "toilets:handwashing": "yes"
      },
      "geometry": {
        "type": "Point",
        "coordinates": [
          90.3730422,
          23.8201213
        ]
      },
      "id": "node/12196722655"
    },
    {
      "type": "Feature",
      "properties": {
        "@id": "node/12196722658",
        "access": "yes",
        "addr:suburb": "Rabeda Camp",
        "amenity": "toilets",
        "capacity:persons": "2",
        "name": "Brac Community Toilet",
        "source": "DhakaThrive_Survey",
        "toilets:disposal": "pitlatrine",
        "toilets:handwashing": "yes",
        "unisex": "yes"
      },
      "geometry": {
        "type": "Point",
        "coordinates": [
          90.3726159,
          23.8204541
        ]
      },
      "id": "node/12196722658"
    },
    {
      "type": "Feature",
      "properties": {
        "@id": "node/12196751274",
        "access": "yes",
        "addr:suburb": "Taltola Slum",
        "amenity": "toilets",
        "capacity:persons": "8",
        "name": "KAAP Sanitation",
        "shower": "yes",
        "source": "DhakaThrive_Survey",
        "toilets:disposal": "pitlatrine",
        "toilets:handwashing": "yes",
        "unisex": "yes"
      },
      "geometry": {
        "type": "Point",
        "coordinates": [
          90.3734917,
          23.8176839
        ]
      },
      "id": "node/12196751274"
    },
    {
      "type": "Feature",
      "properties": {
        "@id": "node/12196751277",
        "access": "private",
        "addr:suburb": "Taltola Slum",
        "amenity": "toilets",
        "capacity:persons": "2",
        "source": "DhakaThrive_Survey"
      },
      "geometry": {
        "type": "Point",
        "coordinates": [
          90.3736453,
          23.817795
        ]
      },
      "id": "node/12196751277"
    },
    {
      "type": "Feature",
      "properties": {
        "@id": "node/12196758543",
        "access": "yes",
        "addr:suburb": "Shialbari Slum",
        "amenity": "toilets",
        "capacity:persons": "1",
        "name": "Water Aid Washroom",
        "shower": "yes",
        "source": "DhakaThrive_Survey",
        "toilets:disposal": "pitlatrine",
        "toilets:handwashing": "yes",
        "unisex": "yes"
      },
      "geometry": {
        "type": "Point",
        "coordinates": [
          90.3581618,
          23.8124386
        ]
      },
      "id": "node/12196758543"
    },
    {
      "type": "Feature",
      "properties": {
        "@id": "node/12196758544",
        "access": "yes",
        "addr:suburb": "Shialbari Slum",
        "amenity": "toilets",
        "capacity:persons": "4",
        "name": "WASP Sanitation",
        "source": "DhakaThrive_Survey",
        "toilets:disposal": "pitlatrine",
        "toilets:handwashing": "no",
        "unisex": "yes"
      },
      "geometry": {
        "type": "Point",
        "coordinates": [
          90.357721,
          23.8128782
        ]
      },
      "id": "node/12196758544"
    },
    {
      "type": "Feature",
      "properties": {
        "@id": "node/12196761751",
        "access": "private",
        "addr:suburb": "Murapara Camp",
        "amenity": "toilets",
        "capacity:persons": "5",
        "name": "Brac Community Shower",
        "shower": "yes",
        "source": "DhakaThrive_Survey",
        "toilets:handwashing": "no"
      },
      "geometry": {
        "type": "Point",
        "coordinates": [
          90.3732496,
          23.8234906
        ]
      },
      "id": "node/12196761751"
    },
    {
      "type": "Feature",
      "properties": {
        "@id": "node/12196761753",
        "access": "yes",
        "addr:suburb": "Murapara Camp",
        "amenity": "toilets",
        "capacity:persons": "8",
        "name": "FOH USA",
        "source": "DhakaThrive_Survey",
        "toilets:disposal": "pitlatrine",
        "toilets:handwashing": "no",
        "unisex": "yes"
      },
      "geometry": {
        "type": "Point",
        "coordinates": [
          90.3732984,
          23.8235396
        ]
      },
      "id": "node/12196761753"
    },
    {
      "type": "Feature",
      "properties": {
        "@id": "node/12196761755",
        "access": "yes",
        "addr:suburb": "Murapara Camp",
        "amenity": "toilets",
        "capacity:persons": "9",
        "source": "DhakaThrive_Survey",
        "toilets:disposal": "pitlatrine",
        "toilets:handwashing": "no",
        "unisex": "yes"
      },
      "geometry": {
        "type": "Point",
        "coordinates": [
          90.3733786,
          23.8234553
        ]
      },
      "id": "node/12196761755"
    },
    {
      "type": "Feature",
      "properties": {
        "@id": "node/12196781886",
        "access": "yes",
        "addr:suburb": "Bashpotti Slum",
        "amenity": "toilets",
        "capacity:persons": "2",
        "shower": "yes",
        "source": "DhakaThrive_Survey",
        "toilets:disposal": "pitlatrine",
        "toilets:handwashing": "yes",
        "unisex": "yes"
      },
      "geometry": {
        "type": "Point",
        "coordinates": [
          90.3507431,
          23.8129615
        ]
      },
      "id": "node/12196781886"
    },
    {
      "type": "Feature",
      "properties": {
        "@id": "node/12196781887",
        "access": "yes",
        "addr:suburb": "Bashpotti Slum",
        "amenity": "toilets",
        "capacity:persons": "3",
        "shower": "yes",
        "source": "DhakaThrive_Survey",
        "toilets:disposal": "pitlatrine",
        "toilets:handwashing": "yes",
        "unisex": "yes"
      },
      "geometry": {
        "type": "Point",
        "coordinates": [
          90.3507799,
          23.8130184
        ]
      },
      "id": "node/12196781887"
    },
    {
      "type": "Feature",
      "properties": {
        "@id": "node/12196781888",
        "access": "yes",
        "addr:suburb": "Bashpotti Slum",
        "amenity": "toilets",
        "capacity:persons": "2",
        "shower": "yes",
        "source": "DhakaThrive_Survey",
        "toilets:disposal": "pitlatrine",
        "toilets:handwashing": "yes",
        "unisex": "yes"
      },
      "geometry": {
        "type": "Point",
        "coordinates": [
          90.350856,
          23.813151
        ]
      },
      "id": "node/12196781888"
    },
    {
      "type": "Feature",
      "properties": {
        "@id": "node/12196781889",
        "access": "yes",
        "addr:suburb": "Bashpotti Slum",
        "amenity": "toilets",
        "capacity:persons": "1",
        "shower": "yes",
        "source": "DhakaThrive_Survey",
        "toilets:disposal": "pitlatrine",
        "toilets:handwashing": "yes",
        "unisex": "yes"
      },
      "geometry": {
        "type": "Point",
        "coordinates": [
          90.3508629,
          23.8132416
        ]
      },
      "id": "node/12196781889"
    },
    {
      "type": "Feature",
      "properties": {
        "@id": "node/12196781890",
        "access": "yes",
        "addr:suburb": "Bashpotti Slum",
        "amenity": "toilets",
        "capacity:persons": "1",
        "shower": "no",
        "source": "DhakaThrive_Survey",
        "toilets:disposal": "pitlatrine",
        "toilets:handwashing": "no",
        "unisex": "yes"
      },
      "geometry": {
        "type": "Point",
        "coordinates": [
          90.3508522,
          23.8134067
        ]
      },
      "id": "node/12196781890"
    },
    {
      "type": "Feature",
      "properties": {
        "@id": "node/12196781891",
        "access": "yes",
        "addr:suburb": "Bashpotti Slum",
        "amenity": "toilets",
        "capacity:persons": "3",
        "fee": "yes",
        "shower": "yes",
        "source": "DhakaThrive_Survey",
        "toilets:disposal": "pitlatrine",
        "toilets:handwashing": "yes",
        "unisex": "yes"
      },
      "geometry": {
        "type": "Point",
        "coordinates": [
          90.3505114,
          23.8131446
        ]
      },
      "id": "node/12196781891"
    },
    {
      "type": "Feature",
      "properties": {
        "@id": "node/12196781892",
        "access": "yes",
        "addr:suburb": "Bashpotti Slum",
        "amenity": "toilets",
        "capacity:persons": "1",
        "shower": "yes",
        "source": "DhakaThrive_Survey",
        "toilets:disposal": "pitlatrine",
        "toilets:handwashing": "yes",
        "unisex": "yes"
      },
      "geometry": {
        "type": "Point",
        "coordinates": [
          90.3502329,
          23.8128293
        ]
      },
      "id": "node/12196781892"
    },
    {
      "type": "Feature",
      "properties": {
        "@id": "node/12196781893",
        "access": "yes",
        "addr:suburb": "Bashpotti Slum",
        "amenity": "toilets",
        "capacity:persons": "2",
        "female": "no",
        "male": "no",
        "shower": "no",
        "source": "DhakaThrive_Survey",
        "toilets:disposal": "pitlatrine",
        "toilets:handwashing": "no",
        "unisex": "yes"
      },
      "geometry": {
        "type": "Point",
        "coordinates": [
          90.3502638,
          23.8128133
        ]
      },
      "id": "node/12196781893"
    },
    {
      "type": "Feature",
      "properties": {
        "@id": "node/12196781894",
        "access": "yes",
        "addr:suburb": "Bashpotti Slum",
        "amenity": "toilets",
        "capacity:persons": "1",
        "shower": "yes",
        "source": "DhakaThrive_Survey",
        "toilets:disposal": "pitlatrine",
        "toilets:handwashing": "yes",
        "unisex": "yes"
      },
      "geometry": {
        "type": "Point",
        "coordinates": [
          90.3501355,
          23.8125817
        ]
      },
      "id": "node/12196781894"
    },
    {
      "type": "Feature",
      "properties": {
        "@id": "node/12196781895",
        "access": "yes",
        "addr:suburb": "Bashpotti Slum",
        "amenity": "toilets",
        "capacity:persons": "1",
        "shower": "yes",
        "source": "DhakaThrive_Survey",
        "toilets:disposal": "pitlatrine",
        "toilets:handwashing": "yes",
        "unisex": "yes"
      },
      "geometry": {
        "type": "Point",
        "coordinates": [
          90.3499703,
          23.8124878
        ]
      },
      "id": "node/12196781895"
    },
    {
      "type": "Feature",
      "properties": {
        "@id": "node/12196781896",
        "access": "yes",
        "addr:suburb": "Bashpotti Slum",
        "amenity": "toilets",
        "capacity:persons": "2",
        "fee": "yes",
        "shower": "yes",
        "source": "DhakaThrive_Survey",
        "toilets:disposal": "pitlatrine",
        "toilets:handwashing": "yes",
        "unisex": "yes"
      },
      "geometry": {
        "type": "Point",
        "coordinates": [
          90.3499451,
          23.8129458
        ]
      },
      "id": "node/12196781896"
    },
    {
      "type": "Feature",
      "properties": {
        "@id": "node/12196781897",
        "access": "yes",
        "addr:suburb": "Bashpotti Slum",
        "amenity": "toilets",
        "capacity:persons": "6",
        "fee": "yes",
        "shower": "yes",
        "source": "DhakaThrive_Survey",
        "toilets:disposal": "pitlatrine",
        "toilets:handwashing": "yes",
        "unisex": "yes"
      },
      "geometry": {
        "type": "Point",
        "coordinates": [
          90.3499598,
          23.8130434
        ]
      },
      "id": "node/12196781897"
    },
    {
      "type": "Feature",
      "properties": {
        "@id": "node/12196781898",
        "access": "yes",
        "addr:suburb": "Bashpotti Slum",
        "amenity": "toilets",
        "capacity:persons": "1",
        "shower": "yes",
        "source": "DhakaThrive_Survey",
        "toilets:disposal": "pitlatrine",
        "toilets:handwashing": "yes",
        "unisex": "yes"
      },
      "geometry": {
        "type": "Point",
        "coordinates": [
          90.3512313,
          23.8135701
        ]
      },
      "id": "node/12196781898"
    },
    {
      "type": "Feature",
      "properties": {
        "@id": "node/12196781899",
        "access": "yes",
        "addr:suburb": "Bashpotti Slum",
        "amenity": "toilets",
        "capacity:persons": "2",
        "shower": "yes",
        "source": "DhakaThrive_Survey",
        "toilets:disposal": "pitlatrine",
        "toilets:handwashing": "yes",
        "unisex": "yes"
      },
      "geometry": {
        "type": "Point",
        "coordinates": [
          90.3514382,
          23.8138939
        ]
      },
      "id": "node/12196781899"
    },
    {
      "type": "Feature",
      "properties": {
        "@id": "node/12196781900",
        "access": "yes",
        "addr:suburb": "Bashpotti Slum",
        "amenity": "toilets",
        "capacity:persons": "2",
        "shower": "yes",
        "source": "DhakaThrive_Survey",
        "toilets:disposal": "pitlatrine",
        "toilets:handwashing": "yes",
        "unisex": "yes"
      },
      "geometry": {
        "type": "Point",
        "coordinates": [
          90.3517696,
          23.8139787
        ]
      },
      "id": "node/12196781900"
    },
    {
      "type": "Feature",
      "properties": {
        "@id": "node/12196803201",
        "access": "yes",
        "addr:suburb": "Bashpotti Slum",
        "amenity": "toilets",
        "capacity:persons": "4",
        "shower": "yes",
        "source": "DhakaThrive_Survey",
        "toilets:disposal": "pitlatrine",
        "toilets:handwashing": "yes",
        "unisex": "yes"
      },
      "geometry": {
        "type": "Point",
        "coordinates": [
          90.3515486,
          23.8140228
        ]
      },
      "id": "node/12196803201"
    },
    {
      "type": "Feature",
      "properties": {
        "@id": "node/12196803202",
        "access": "yes",
        "addr:suburb": "Bashpotti Slum",
        "amenity": "toilets",
        "capacity:persons": "1",
        "shower": "no",
        "source": "DhakaThrive_Survey",
        "toilets:disposal": "pitlatrine",
        "toilets:handwashing": "yes",
        "unisex": "yes"
      },
      "geometry": {
        "type": "Point",
        "coordinates": [
          90.3514545,
          23.8141838
        ]
      },
      "id": "node/12196803202"
    },
    {
      "type": "Feature",
      "properties": {
        "@id": "node/12196803203",
        "access": "yes",
        "addr:suburb": "Bashpotti Slum",
        "amenity": "toilets",
        "capacity:persons": "1",
        "shower": "yes",
        "source": "DhakaThrive_Survey",
        "toilets:disposal": "pitlatrine",
        "toilets:handwashing": "yes",
        "unisex": "yes"
      },
      "geometry": {
        "type": "Point",
        "coordinates": [
          90.3512483,
          23.81397
        ]
      },
      "id": "node/12196803203"
    },
    {
      "type": "Feature",
      "properties": {
        "@id": "node/12196803204",
        "access": "yes",
        "addr:suburb": "Bashpotti Slum",
        "amenity": "toilets",
        "capacity:persons": "1",
        "shower": "no",
        "source": "DhakaThrive_Survey",
        "toilets:disposal": "pitlatrine",
        "toilets:handwashing": "no",
        "unisex": "yes"
      },
      "geometry": {
        "type": "Point",
        "coordinates": [
          90.3508769,
          23.8138872
        ]
      },
      "id": "node/12196803204"
    },
    {
      "type": "Feature",
      "properties": {
        "@id": "node/12196803205",
        "access": "yes",
        "addr:suburb": "Bashpotti Slum",
        "amenity": "toilets",
        "capacity:persons": "1",
        "shower": "no",
        "source": "DhakaThrive_Survey",
        "toilets:disposal": "pitlatrine",
        "toilets:handwashing": "no",
        "unisex": "yes"
      },
      "geometry": {
        "type": "Point",
        "coordinates": [
          90.3506771,
          23.8139132
        ]
      },
      "id": "node/12196803205"
    },
    {
      "type": "Feature",
      "properties": {
        "@id": "node/12196803206",
        "access": "yes",
        "addr:suburb": "Bashpotti Slum",
        "amenity": "toilets",
        "capacity:persons": "1",
        "shower": "yes",
        "source": "DhakaThrive_Survey",
        "toilets:disposal": "pitlatrine",
        "toilets:handwashing": "yes",
        "unisex": "yes"
      },
      "geometry": {
        "type": "Point",
        "coordinates": [
          90.3504864,
          23.8137942
        ]
      },
      "id": "node/12196803206"
    },
    {
      "type": "Feature",
      "properties": {
        "@id": "node/12196803207",
        "access": "yes",
        "addr:suburb": "Bashpotti Slum",
        "amenity": "toilets",
        "capacity:persons": "2",
        "shower": "yes",
        "source": "DhakaThrive_Survey",
        "toilets:disposal": "pitlatrine",
        "toilets:handwashing": "yes",
        "unisex": "yes"
      },
      "geometry": {
        "type": "Point",
        "coordinates": [
          90.3504792,
          23.8139387
        ]
      },
      "id": "node/12196803207"
    },
    {
      "type": "Feature",
      "properties": {
        "@id": "node/12196803208",
        "access": "yes",
        "addr:suburb": "Bashpotti Slum",
        "amenity": "toilets",
        "capacity:persons": "2",
        "fee": "no",
        "shower": "yes",
        "source": "DhakaThrive_Survey",
        "toilets:disposal": "pitlatrine",
        "toilets:handwashing": "yes",
        "unisex": "yes",
        "wheelchair": "no"
      },
      "geometry": {
        "type": "Point",
        "coordinates": [
          90.3503149,
          23.8137327
        ]
      },
      "id": "node/12196803208"
    },
    {
      "type": "Feature",
      "properties": {
        "@id": "node/12196803209",
        "access": "yes",
        "addr:suburb": "Bashpotti Slum",
        "amenity": "toilets",
        "capacity:persons": "1",
        "shower": "yes",
        "source": "DhakaThrive_Survey",
        "toilets:disposal": "pitlatrine",
        "toilets:handwashing": "yes",
        "unisex": "yes"
      },
      "geometry": {
        "type": "Point",
        "coordinates": [
          90.3500985,
          23.813565
        ]
      },
      "id": "node/12196803209"
    },
    {
      "type": "Feature",
      "properties": {
        "@id": "node/12196803210",
        "access": "yes",
        "addr:suburb": "Bashpotti Slum",
        "amenity": "toilets",
        "capacity:persons": "1",
        "shower": "yes",
        "source": "DhakaThrive_Survey",
        "toilets:disposal": "pitlatrine",
        "toilets:handwashing": "yes",
        "unisex": "yes"
      },
      "geometry": {
        "type": "Point",
        "coordinates": [
          90.3499931,
          23.8134488
        ]
      },
      "id": "node/12196803210"
    },
    {
      "type": "Feature",
      "properties": {
        "@id": "node/12196803211",
        "access": "yes",
        "addr:suburb": "Bashpotti Slum",
        "amenity": "toilets",
        "capacity:persons": "1",
        "fee": "no",
        "shower": "yes",
        "source": "DhakaThrive_Survey",
        "toilets:disposal": "pitlatrine",
        "toilets:handwashing": "yes",
        "unisex": "yes",
        "wheelchair": "no"
      },
      "geometry": {
        "type": "Point",
        "coordinates": [
          90.3495481,
          23.8131886
        ]
      },
      "id": "node/12196803211"
    },
    {
      "type": "Feature",
      "properties": {
        "@id": "node/12196803212",
        "access": "yes",
        "addr:suburb": "Bashpotti Slum",
        "amenity": "toilets",
        "capacity:persons": "2",
        "fee": "no",
        "shower": "yes",
        "source": "DhakaThrive_Survey",
        "toilets:disposal": "pitlatrine",
        "toilets:handwashing": "yes",
        "unisex": "yes",
        "wheelchair": "no"
      },
      "geometry": {
        "type": "Point",
        "coordinates": [
          90.3495864,
          23.8132466
        ]
      },
      "id": "node/12196803212"
    },
    {
      "type": "Feature",
      "properties": {
        "@id": "node/12196803213",
        "access": "yes",
        "addr:suburb": "Bashpotti Slum",
        "amenity": "toilets",
        "capacity:persons": "1",
        "fee": "no",
        "shower": "yes",
        "source": "DhakaThrive_Survey",
        "toilets:disposal": "pitlatrine",
        "toilets:handwashing": "yes",
        "unisex": "yes",
        "wheelchair": "no"
      },
      "geometry": {
        "type": "Point",
        "coordinates": [
          90.3494869,
          23.8129697
        ]
      },
      "id": "node/12196803213"
    },
    {
      "type": "Feature",
      "properties": {
        "@id": "node/12196803214",
        "access": "yes",
        "addr:suburb": "Bashpotti Slum",
        "amenity": "toilets",
        "capacity:persons": "1",
        "fee": "no",
        "shower": "yes",
        "source": "DhakaThrive_Survey",
        "toilets:disposal": "pitlatrine",
        "toilets:handwashing": "yes",
        "unisex": "yes",
        "wheelchair": "no"
      },
      "geometry": {
        "type": "Point",
        "coordinates": [
          90.3494441,
          23.8129599
        ]
      },
      "id": "node/12196803214"
    },
    {
      "type": "Feature",
      "properties": {
        "@id": "node/12196803215",
        "access": "yes",
        "addr:suburb": "Bashpotti Slum",
        "amenity": "toilets",
        "capacity:persons": "2",
        "fee": "no",
        "shower": "yes",
        "source": "DhakaThrive_Survey",
        "toilets:disposal": "pitlatrine",
        "toilets:handwashing": "yes",
        "unisex": "yes",
        "wheelchair": "no"
      },
      "geometry": {
        "type": "Point",
        "coordinates": [
          90.3493738,
          23.8128448
        ]
      },
      "id": "node/12196803215"
    },
    {
      "type": "Feature",
      "properties": {
        "@id": "node/12196803216",
        "access": "yes",
        "addr:suburb": "Bashpotti Slum",
        "amenity": "toilets",
        "capacity:persons": "2",
        "fee": "no",
        "shower": "yes",
        "source": "DhakaThrive_Survey",
        "toilets:disposal": "pitlatrine",
        "toilets:handwashing": "yes",
        "unisex": "yes",
        "wheelchair": "no"
      },
      "geometry": {
        "type": "Point",
        "coordinates": [
          90.3495133,
          23.8128575
        ]
      },
      "id": "node/12196803216"
    },
    {
      "type": "Feature",
      "properties": {
        "@id": "node/12196803217",
        "access": "yes",
        "addr:suburb": "Bashpotti Slum",
        "amenity": "toilets",
        "capacity:persons": "2",
        "fee": "no",
        "shower": "yes",
        "source": "DhakaThrive_Survey",
        "toilets:disposal": "pitlatrine",
        "toilets:handwashing": "yes",
        "unisex": "yes",
        "wheelchair": "no"
      },
      "geometry": {
        "type": "Point",
        "coordinates": [
          90.3494716,
          23.8126727
        ]
      },
      "id": "node/12196803217"
    },
    {
      "type": "Feature",
      "properties": {
        "@id": "node/12196803219",
        "access": "private",
        "addr:suburb": "Bashpotti Slum",
        "amenity": "toilets",
        "capacity:persons": "2",
        "shower": "yes",
        "source": "DhakaThrive_Survey",
        "toilets:disposal": "pitlatrine",
        "toilets:handwashing": "no",
        "unisex": "yes"
      },
      "geometry": {
        "type": "Point",
        "coordinates": [
          90.3508702,
          23.8132939
        ]
      },
      "id": "node/12196803219"
    },
    {
      "type": "Feature",
      "properties": {
        "@id": "node/12196803220",
        "access": "yes",
        "addr:suburb": "Bashpotti Slum",
        "amenity": "toilets",
        "capacity:persons": "2",
        "shower": "yes",
        "source": "DhakaThrive_Survey",
        "toilets:disposal": "pitlatrine",
        "toilets:handwashing": "no",
        "unisex": "yes"
      },
      "geometry": {
        "type": "Point",
        "coordinates": [
          90.3507507,
          23.813323
        ]
      },
      "id": "node/12196803220"
    },
    {
      "type": "Feature",
      "properties": {
        "@id": "node/12196803221",
        "access": "no",
        "addr:suburb": "Bashpotti Slum",
        "amenity": "toilets",
        "capacity:persons": "2",
        "shower": "yes",
        "source": "DhakaThrive_Survey",
        "toilets:disposal": "pitlatrine",
        "toilets:handwashing": "no"
      },
      "geometry": {
        "type": "Point",
        "coordinates": [
          90.3506767,
          23.813372
        ]
      },
      "id": "node/12196803221"
    },
    {
      "type": "Feature",
      "properties": {
        "@id": "node/12196803222",
        "access": "no",
        "addr:suburb": "Bashpotti Slum",
        "amenity": "toilets",
        "capacity:persons": "3",
        "name": "Lic Project",
        "shower": "yes",
        "source": "DhakaThrive_Survey",
        "toilets:disposal": "pitlatrine",
        "toilets:handwashing": "no"
      },
      "geometry": {
        "type": "Point",
        "coordinates": [
          90.3502084,
          23.8127045
        ]
      },
      "id": "node/12196803222"
    },
    {
      "type": "Feature",
      "properties": {
        "@id": "node/12196803223",
        "access": "no",
        "addr:suburb": "Bashpotti Slum",
        "amenity": "toilets",
        "capacity:persons": "3",
        "shower": "yes",
        "source": "DhakaThrive_Survey",
        "toilets:disposal": "pitlatrine",
        "toilets:handwashing": "no"
      },
      "geometry": {
        "type": "Point",
        "coordinates": [
          90.3501874,
          23.8128844
        ]
      },
      "id": "node/12196803223"
    },
    {
      "type": "Feature",
      "properties": {
        "@id": "node/12196803224",
        "access": "no",
        "addr:suburb": "Bashpotti Slum",
        "amenity": "toilets",
        "capacity:persons": "2",
        "fee": "no",
        "shower": "yes",
        "source": "DhakaThrive_Survey",
        "toilets:disposal": "pitlatrine",
        "toilets:handwashing": "no"
      },
      "geometry": {
        "type": "Point",
        "coordinates": [
          90.3497462,
          23.8126752
        ]
      },
      "id": "node/12196803224"
    },
    {
      "type": "Feature",
      "properties": {
        "@id": "node/12196803225",
        "access": "yes",
        "addr:suburb": "Bashpotti Slum",
        "amenity": "toilets",
        "capacity:persons": "4",
        "shower": "yes",
        "source": "DhakaThrive_Survey",
        "toilets:disposal": "pitlatrine",
        "unisex": "yes"
      },
      "geometry": {
        "type": "Point",
        "coordinates": [
          90.3498756,
          23.8133303
        ]
      },
      "id": "node/12196803225"
    },
    {
      "type": "Feature",
      "properties": {
        "@id": "node/12196803226",
        "access": "no",
        "addr:suburb": "Bashpotti Slum",
        "amenity": "toilets",
        "capacity:persons": "2",
        "shower": "yes",
        "source": "DhakaThrive_Survey",
        "toilets:disposal": "pitlatrine",
        "toilets:handwashing": "no"
      },
      "geometry": {
        "type": "Point",
        "coordinates": [
          90.3513801,
          23.8140101
        ]
      },
      "id": "node/12196803226"
    },
    {
      "type": "Feature",
      "properties": {
        "@id": "node/12196803227",
        "access": "yes",
        "addr:suburb": "Bashpotti Slum",
        "amenity": "toilets",
        "capacity:persons": "2",
        "shower": "yes",
        "source": "DhakaThrive_Survey",
        "toilets:disposal": "pitlatrine",
        "toilets:handwashing": "no",
        "unisex": "yes"
      },
      "geometry": {
        "type": "Point",
        "coordinates": [
          90.3517894,
          23.813956
        ]
      },
      "id": "node/12196803227"
    },
    {
      "type": "Feature",
      "properties": {
        "@id": "node/12196803228",
        "access": "yes",
        "addr:suburb": "Bashpotti Slum",
        "amenity": "toilets",
        "capacity:persons": "2",
        "shower": "yes",
        "source": "DhakaThrive_Survey",
        "toilets:disposal": "pitlatrine",
        "unisex": "yes"
      },
      "geometry": {
        "type": "Point",
        "coordinates": [
          90.351571,
          23.8141748
        ]
      },
      "id": "node/12196803228"
    },
    {
      "type": "Feature",
      "properties": {
        "@id": "node/12196803229",
        "access": "yes",
        "addr:suburb": "Bashpotti Slum",
        "amenity": "toilets",
        "capacity:persons": "2",
        "shower": "yes",
        "source": "DhakaThrive_Survey",
        "toilets:disposal": "pitlatrine",
        "toilets:handwashing": "no",
        "unisex": "yes"
      },
      "geometry": {
        "type": "Point",
        "coordinates": [
          90.3513487,
          23.8140488
        ]
      },
      "id": "node/12196803229"
    },
    {
      "type": "Feature",
      "properties": {
        "@id": "node/12196803230",
        "access": "yes",
        "addr:suburb": "Bashpotti Slum",
        "amenity": "toilets",
        "capacity:persons": "1",
        "shower": "yes",
        "source": "DhakaThrive_Survey",
        "toilets:disposal": "pitlatrine",
        "unisex": "yes"
      },
      "geometry": {
        "type": "Point",
        "coordinates": [
          90.3507305,
          23.8138863
        ]
      },
      "id": "node/12196803230"
    },
    {
      "type": "Feature",
      "properties": {
        "@id": "node/12196803231",
        "access": "yes",
        "addr:suburb": "Bashpotti Slum",
        "amenity": "toilets",
        "capacity:persons": "2",
        "fee": "no",
        "shower": "yes",
        "source": "DhakaThrive_Survey",
        "toilets:disposal": "pitlatrine",
        "toilets:handwashing": "no",
        "unisex": "yes",
        "wheelchair": "no"
      },
      "geometry": {
        "type": "Point",
        "coordinates": [
          90.3503505,
          23.81379
        ]
      },
      "id": "node/12196803231"
    },
    {
      "type": "Feature",
      "properties": {
        "@id": "node/12196803233",
        "access": "no",
        "addr:suburb": "Bashpotti Slum",
        "amenity": "toilets",
        "capacity:persons": "2",
        "fee": "no",
        "shower": "yes",
        "source": "DhakaThrive_Survey",
        "toilets:disposal": "pitlatrine",
        "toilets:handwashing": "no"
      },
      "geometry": {
        "type": "Point",
        "coordinates": [
          90.3495309,
          23.8131051
        ]
      },
      "id": "node/12196803233"
    },
    {
      "type": "Feature",
      "properties": {
        "@id": "node/12196803235",
        "access": "yes",
        "addr:suburb": "Bashpotti Slum",
        "amenity": "toilets",
        "capacity:persons": "3",
        "fee": "no",
        "shower": "yes",
        "source": "DhakaThrive_Survey",
        "toilets:disposal": "pitlatrine",
        "toilets:handwashing": "no",
        "unisex": "yes",
        "wheelchair": "no"
      },
      "geometry": {
        "type": "Point",
        "coordinates": [
          90.3493917,
          23.8129237
        ]
      },
      "id": "node/12196803235"
    },
    {
      "type": "Feature",
      "properties": {
        "@id": "node/12196803236",
        "access": "no",
        "addr:suburb": "Bashpotti Slum",
        "amenity": "toilets",
        "capacity:persons": "2",
        "fee": "no",
        "shower": "yes",
        "source": "DhakaThrive_Survey",
        "toilets:disposal": "pitlatrine",
        "toilets:handwashing": "no"
      },
      "geometry": {
        "type": "Point",
        "coordinates": [
          90.349437,
          23.8127749
        ]
      },
      "id": "node/12196803236"
    },
    {
      "type": "Feature",
      "properties": {
        "@id": "node/12196873152",
        "access": "yes",
        "addr:suburb": "Rabeda Camp",
        "amenity": "toilets",
        "capacity:persons": "3",
        "name": "UNDP-UPPR Toilet",
        "source": "DhakaThrive_Survey",
        "toilets:disposal": "pitlatrine",
        "toilets:handwashing": "yes",
        "unisex": "yes"
      },
      "geometry": {
        "type": "Point",
        "coordinates": [
          90.3726505,
          23.8202948
        ]
      },
      "id": "node/12196873152"
    },
    {
      "type": "Feature",
      "properties": {
        "@id": "node/12196873153",
        "access": "yes",
        "addr:suburb": "Rabeda Camp",
        "amenity": "toilets",
        "capacity:persons": "3",
        "name": "Brac Community Toilet",
        "source": "DhakaThrive_Survey",
        "toilets:disposal": "pitlatrine",
        "toilets:handwashing": "yes",
        "unisex": "yes"
      },
      "geometry": {
        "type": "Point",
        "coordinates": [
          90.3728379,
          23.8203625
        ]
      },
      "id": "node/12196873153"
    },
    {
      "type": "Feature",
      "properties": {
        "@id": "node/12196873155",
        "access": "yes",
        "addr:suburb": "Rabeda Camp",
        "amenity": "toilets",
        "capacity:persons": "3",
        "name": "Brac Community Toilet",
        "shower": "yes",
        "source": "DhakaThrive_Survey",
        "toilets:disposal": "pitlatrine",
        "toilets:handwashing": "yes",
        "unisex": "yes"
      },
      "geometry": {
        "type": "Point",
        "coordinates": [
          90.372872,
          23.8205478
        ]
      },
      "id": "node/12196873155"
    },
    {
      "type": "Feature",
      "properties": {
        "@id": "node/12196873156",
        "access": "yes",
        "addr:suburb": "Rabeda Camp",
        "amenity": "toilets",
        "capacity:persons": "2",
        "name": "Brac Community Toilet",
        "shower": "yes",
        "source": "DhakaThrive_Survey",
        "toilets:disposal": "pitlatrine",
        "toilets:handwashing": "yes",
        "unisex": "yes"
      },
      "geometry": {
        "type": "Point",
        "coordinates": [
          90.3729137,
          23.8205906
        ]
      },
      "id": "node/12196873156"
    },
    {
      "type": "Feature",
      "properties": {
        "@id": "node/12196886404",
        "access": "yes",
        "addr:suburb": "Methor potti",
        "amenity": "toilets",
        "capacity:persons": "1",
        "shower": "yes",
        "source": "DhakaThrive_Survey",
        "toilets:disposal": "flush",
        "toilets:handwashing": "yes",
        "unisex": "yes"
      },
      "geometry": {
        "type": "Point",
        "coordinates": [
          90.3766499,
          23.8139493
        ]
      },
      "id": "node/12196886404"
    },
    {
      "type": "Feature",
      "properties": {
        "@id": "node/12196886405",
        "access": "yes",
        "addr:suburb": "Methor potti",
        "amenity": "toilets",
        "capacity:persons": "1",
        "shower": "yes",
        "source": "DhakaThrive_Survey",
        "toilets:disposal": "flush",
        "toilets:handwashing": "yes",
        "unisex": "yes"
      },
      "geometry": {
        "type": "Point",
        "coordinates": [
          90.3767561,
          23.8141208
        ]
      },
      "id": "node/12196886405"
    },
    {
      "type": "Feature",
      "properties": {
        "@id": "node/12196886406",
        "access": "yes",
        "addr:suburb": "Methor potti",
        "amenity": "toilets",
        "capacity:persons": "1",
        "shower": "yes",
        "source": "DhakaThrive_Survey",
        "toilets:disposal": "flush",
        "toilets:handwashing": "no",
        "unisex": "yes"
      },
      "geometry": {
        "type": "Point",
        "coordinates": [
          90.3765064,
          23.8139686
        ]
      },
      "id": "node/12196886406"
    },
    {
      "type": "Feature",
      "properties": {
        "@id": "node/12196886407",
        "access": "yes",
        "addr:suburb": "Methor potti",
        "amenity": "toilets",
        "capacity:persons": "2",
        "source": "DhakaThrive_Survey",
        "toilets:disposal": "pitlatrine",
        "toilets:handwashing": "no",
        "unisex": "yes"
      },
      "geometry": {
        "type": "Point",
        "coordinates": [
          90.3767729,
          23.8139985
        ]
      },
      "id": "node/12196886407"
    },
    {
      "type": "Feature",
      "properties": {
        "@id": "node/12196886409",
        "access": "yes",
        "addr:suburb": "Methor potti",
        "amenity": "toilets",
        "capacity:persons": "2",
        "name": "UNDP Project",
        "shower": "yes",
        "source": "DhakaThrive_Survey",
        "toilets:disposal": "pitlatrine",
        "toilets:handwashing": "yes",
        "unisex": "yes"
      },
      "geometry": {
        "type": "Point",
        "coordinates": [
          90.3767597,
          23.814198
        ]
      },
      "id": "node/12196886409"
    },
    {
      "type": "Feature",
      "properties": {
        "@id": "node/12196886410",
        "access": "yes",
        "addr:suburb": "Methor potti",
        "amenity": "toilets",
        "capacity:persons": "1",
        "source": "DhakaThrive_Survey",
        "toilets:disposal": "pitlatrine",
        "toilets:handwashing": "no",
        "unisex": "yes"
      },
      "geometry": {
        "type": "Point",
        "coordinates": [
          90.3766806,
          23.8141118
        ]
      },
      "id": "node/12196886410"
    },
    {
      "type": "Feature",
      "properties": {
        "@id": "node/12196886411",
        "access": "yes",
        "addr:suburb": "Methor potti",
        "amenity": "toilets",
        "capacity:persons": "1",
        "name": "UNDP Project",
        "source": "DhakaThrive_Survey",
        "toilets:disposal": "pitlatrine",
        "toilets:handwashing": "yes",
        "unisex": "yes"
      },
      "geometry": {
        "type": "Point",
        "coordinates": [
          90.3766968,
          23.8140924
        ]
      },
      "id": "node/12196886411"
    },
    {
      "type": "Feature",
      "properties": {
        "@id": "node/12197093099",
        "access": "private",
        "addr:suburb": "Balurmath",
        "amenity": "toilets",
        "capacity:persons": "1",
        "name": "Balurmath Roshid Goli",
        "source": "DhakaThrive_Survey",
        "toilets:disposal": "pitlatrine",
        "toilets:handwashing": "no",
        "unisex": "yes"
      },
      "geometry": {
        "type": "Point",
        "coordinates": [
          90.3783721,
          23.8236361
        ]
      },
      "id": "node/12197093099"
    },
    {
      "type": "Feature",
      "properties": {
        "@id": "node/12197093100",
        "access": "private",
        "addr:suburb": "Balurmath",
        "amenity": "toilets",
        "capacity:persons": "1",
        "name": "Balurmath Mohammad Ali Goli",
        "source": "DhakaThrive_Survey",
        "toilets:disposal": "pitlatrine",
        "toilets:handwashing": "no",
        "unisex": "yes"
      },
      "geometry": {
        "type": "Point",
        "coordinates": [
          90.3782728,
          23.8236654
        ]
      },
      "id": "node/12197093100"
    },
    {
      "type": "Feature",
      "properties": {
        "@id": "node/12197115901",
        "addr:suburb": "Balurmath",
        "amenity": "toilets",
        "capacity:persons": "1",
        "name": "Balurmath Monir Mia goli toilet",
        "shower": "yes",
        "source": "DhakaThrive_Survey",
        "toilets:disposal": "pitlatrine",
        "toilets:handwashing": "no",
        "unisex": "yes"
      },
      "geometry": {
        "type": "Point",
        "coordinates": [
          90.3781385,
          23.8238731
        ]
      },
      "id": "node/12197115901"
    },
    {
      "type": "Feature",
      "properties": {
        "@id": "node/12197115902",
        "access": "private",
        "addr:suburb": "Balurmath",
        "amenity": "toilets",
        "capacity:persons": "3",
        "name": "Balurmath Chairman goli toilet",
        "source": "DhakaThrive_Survey",
        "toilets:disposal": "pitlatrine",
        "toilets:handwashing": "no",
        "unisex": "yes"
      },
      "geometry": {
        "type": "Point",
        "coordinates": [
          90.3780844,
          23.8237972
        ]
      },
      "id": "node/12197115902"
    },
    {
      "type": "Feature",
      "properties": {
        "@id": "node/12197115903",
        "access": "yes",
        "addr:suburb": "Balurmath",
        "amenity": "toilets",
        "capacity:persons": "2",
        "name": "Mosjid Goli Toilet",
        "toilets:disposal": "pitlatrine",
        "toilets:handwashing": "no",
        "unisex": "yes"
      },
      "geometry": {
        "type": "Point",
        "coordinates": [
          90.3784279,
          23.8238171
        ]
      },
      "id": "node/12197115903"
    },
    {
      "type": "Feature",
      "properties": {
        "@id": "node/12197115907",
        "access": "yes",
        "addr:suburb": "Balurmath",
        "amenity": "toilets",
        "capacity:persons": "4",
        "name": "Community toilet",
        "shower": "yes",
        "source": "DhakaThrive_Survey",
        "toilets:disposal": "pitlatrine",
        "toilets:handwashing": "yes",
        "unisex": "yes"
      },
      "geometry": {
        "type": "Point",
        "coordinates": [
          90.3780445,
          23.8236137
        ]
      },
      "id": "node/12197115907"
    },
    {
      "type": "Feature",
      "properties": {
        "@id": "node/12197115908",
        "access": "yes",
        "addr:suburb": "Balurmath",
        "amenity": "toilets",
        "capacity:persons": "3",
        "name": "Mirpur Urban community Sanitation",
        "source": "DhakaThrive_Survey",
        "toilets:disposal": "pitlatrine",
        "toilets:handwashing": "no",
        "unisex": "yes"
      },
      "geometry": {
        "type": "Point",
        "coordinates": [
          90.3781241,
          23.8235071
        ]
      },
      "id": "node/12197115908"
    },
    {
      "type": "Feature",
      "properties": {
        "@id": "node/12197115909",
        "access": "yes",
        "addr:suburb": "Balurmath",
        "amenity": "toilets",
        "capacity:persons": "2",
        "name": "Community toilet",
        "source": "DhakaThrive_Survey",
        "toilets:disposal": "pitlatrine",
        "toilets:handwashing": "no",
        "unisex": "yes"
      },
      "geometry": {
        "type": "Point",
        "coordinates": [
          90.3783967,
          23.8241327
        ]
      },
      "id": "node/12197115909"
    },
    {
      "type": "Feature",
      "properties": {
        "@id": "node/12197115911",
        "access": "yes",
        "addr:suburb": "Balurmath",
        "amenity": "toilets",
        "capacity:persons": "2",
        "name": "Community toilet",
        "source": "DhakaThrive_Survey",
        "toilets:disposal": "pitlatrine",
        "toilets:handwashing": "no",
        "unisex": "yes"
      },
      "geometry": {
        "type": "Point",
        "coordinates": [
          90.3781991,
          23.8238968
        ]
      },
      "id": "node/12197115911"
    },
    {
      "type": "Feature",
      "properties": {
        "@id": "node/12197115914",
        "access": "yes",
        "addr:suburb": "Balurmath",
        "amenity": "toilets",
        "name": "Mirpur Urban Community Sanitation",
        "shower": "no",
        "source": "DhakaThrive_Survey",
        "toilets:disposal": "pitlatrine",
        "toilets:handwashing": "no",
        "unisex": "yes"
      },
      "geometry": {
        "type": "Point",
        "coordinates": [
          90.3782687,
          23.8247218
        ]
      },
      "id": "node/12197115914"
    },
    {
      "type": "Feature",
      "properties": {
        "@id": "node/12197115916",
        "access": "yes",
        "addr:suburb": "Balurmath",
        "amenity": "toilets",
        "capacity:persons": "1",
        "name": "Mirpur Urban Community Sanitation",
        "source": "DhakaThrive_Survey",
        "toilets:disposal": "pitlatrine",
        "toilets:handwashing": "no",
        "unisex": "yes"
      },
      "geometry": {
        "type": "Point",
        "coordinates": [
          90.3779844,
          23.8242125
        ]
      },
      "id": "node/12197115916"
    },
    {
      "type": "Feature",
      "properties": {
        "@id": "node/12197115918",
        "access": "yes",
        "addr:suburb": "Balurmath",
        "amenity": "toilets",
        "capacity:persons": "3",
        "name": "Brac Community Toilet",
        "shower": "yes",
        "source": "DhakaThrive_Survey",
        "toilets:disposal": "pitlatrine",
        "unisex": "yes"
      },
      "geometry": {
        "type": "Point",
        "coordinates": [
          90.3784977,
          23.824005
        ]
      },
      "id": "node/12197115918"
    },
    {
      "type": "Feature",
      "properties": {
        "@id": "node/12197115921",
        "access": "yes",
        "addr:suburb": "Balurmath",
        "amenity": "toilets",
        "capacity:persons": "1",
        "name": "Mirpur Urban community Sanitation",
        "source": "DhakaThrive_Survey",
        "toilets:disposal": "pitlatrine",
        "toilets:handwashing": "no",
        "unisex": "yes"
      },
      "geometry": {
        "type": "Point",
        "coordinates": [
          90.3780839,
          23.8244125
        ]
      },
      "id": "node/12197115921"
    },
    {
      "type": "Feature",
      "properties": {
        "@id": "node/12197115923",
        "access": "yes",
        "addr:suburb": "Balurmath",
        "amenity": "toilets",
        "capacity:persons": "3",
        "name": "World Vision Sanitisation",
        "source": "DhakaThrive_Survey",
        "toilets:disposal": "pitlatrine",
        "toilets:handwashing": "no",
        "unisex": "yes"
      },
      "geometry": {
        "type": "Point",
        "coordinates": [
          90.3778958,
          23.8245294
        ]
      },
      "id": "node/12197115923"
    },
    {
      "type": "Feature",
      "properties": {
        "@id": "node/12197115924",
        "access": "yes",
        "addr:suburb": "Balurmath",
        "amenity": "toilets",
        "capacity:persons": "2",
        "name": "Mirpur Urban Community Sanitation",
        "source": "DhakaThrive_Survey",
        "toilets:disposal": "pitlatrine",
        "toilets:handwashing": "no",
        "unisex": "yes"
      },
      "geometry": {
        "type": "Point",
        "coordinates": [
          90.3778921,
          23.8247331
        ]
      },
      "id": "node/12197115924"
    },
    {
      "type": "Feature",
      "properties": {
        "@id": "node/12197115925",
        "access": "yes",
        "addr:suburb": "Balurmath",
        "amenity": "toilets",
        "capacity:persons": "2",
        "name": "Community toilet",
        "source": "DhakaThrive_Survey",
        "toilets:disposal": "pitlatrine",
        "unisex": "yes"
      },
      "geometry": {
        "type": "Point",
        "coordinates": [
          90.3784748,
          23.8238158
        ]
      },
      "id": "node/12197115925"
    },
    {
      "type": "Feature",
      "properties": {
        "@id": "node/12197115926",
        "access": "yes",
        "addr:suburb": "Balurmath",
        "amenity": "toilets",
        "capacity:persons": "2",
        "name": "COMMUNITY TOILET",
        "shower": "yes",
        "source": "DhakaThrive_Survey",
        "toilets:disposal": "pitlatrine",
        "toilets:handwashing": "yes",
        "unisex": "yes"
      },
      "geometry": {
        "type": "Point",
        "coordinates": [
          90.378062,
          23.8246208
        ]
      },
      "id": "node/12197115926"
    },
    {
      "type": "Feature",
      "properties": {
        "@id": "node/12197115927",
        "access": "yes",
        "addr:suburb": "Balurmath",
        "amenity": "toilets",
        "capacity:persons": "2",
        "name": "Mirpur Urban Community Empowerment Project and Waste Management",
        "shower": "yes",
        "source": "DhakaThrive_Survey",
        "toilets:disposal": "pitlatrine",
        "toilets:handwashing": "no",
        "unisex": "yes"
      },
      "geometry": {
        "type": "Point",
        "coordinates": [
          90.3786395,
          23.8237442
        ]
      },
      "id": "node/12197115927"
    },
    {
      "type": "Feature",
      "properties": {
        "@id": "node/12197115929",
        "access": "yes",
        "addr:suburb": "Balurmath",
        "amenity": "toilets",
        "capacity:persons": "2",
        "name": "Dsk Wash for Urban",
        "source": "DhakaThrive_Survey",
        "toilets:disposal": "pitlatrine",
        "toilets:handwashing": "no",
        "unisex": "yes"
      },
      "geometry": {
        "type": "Point",
        "coordinates": [
          90.3787185,
          23.8236651
        ]
      },
      "id": "node/12197115929"
    },
    {
      "type": "Feature",
      "properties": {
        "@id": "node/12197115930",
        "access": "yes",
        "addr:suburb": "Balurmath",
        "amenity": "toilets",
        "capacity:persons": "2",
        "name": "Mirpur Urban community project",
        "shower": "no",
        "source": "DhakaThrive_Survey",
        "toilets:disposal": "pitlatrine",
        "toilets:handwashing": "no",
        "unisex": "yes"
      },
      "geometry": {
        "type": "Point",
        "coordinates": [
          90.3783279,
          23.8245413
        ]
      },
      "id": "node/12197115930"
    },
    {
      "type": "Feature",
      "properties": {
        "@id": "node/12197115931",
        "access": "yes",
        "addr:suburb": "Balurmath",
        "amenity": "toilets",
        "capacity:persons": "2",
        "name": "Two Chamber Toilet",
        "source": "DhakaThrive_Survey",
        "toilets:disposal": "pitlatrine",
        "unisex": "yes"
      },
      "geometry": {
        "type": "Point",
        "coordinates": [
          90.3784191,
          23.8246118
        ]
      },
      "id": "node/12197115931"
    },
    {
      "type": "Feature",
      "properties": {
        "@id": "node/12197115933",
        "access": "yes",
        "addr:suburb": "Balurmath",
        "amenity": "toilets",
        "capacity:persons": "3",
        "name": "Community toilet",
        "source": "DhakaThrive_Survey",
        "toilets:disposal": "pitlatrine",
        "unisex": "yes"
      },
      "geometry": {
        "type": "Point",
        "coordinates": [
          90.3785895,
          23.8235796
        ]
      },
      "id": "node/12197115933"
    },
    {
      "type": "Feature",
      "properties": {
        "@id": "node/12197115934",
        "access": "yes",
        "addr:suburb": "Balurmath",
        "amenity": "toilets",
        "capacity:persons": "3",
        "name": "Mirpur arban community empowerment project and waste management",
        "source": "DhakaThrive_Survey",
        "toilets:disposal": "pitlatrine",
        "toilets:handwashing": "no",
        "unisex": "yes"
      },
      "geometry": {
        "type": "Point",
        "coordinates": [
          90.3778837,
          23.8240781
        ]
      },
      "id": "node/12197115934"
    },
    {
      "type": "Feature",
      "properties": {
        "@id": "node/12197156170",
        "access": "yes",
        "addr:suburb": "New Kurmitola",
        "amenity": "toilets",
        "capacity:persons": "2",
        "name": "KAAP Sanitation",
        "shower": "yes",
        "source": "DhakaThrive_Survey",
        "toilets:disposal": "pitlatrine",
        "toilets:handwashing": "no",
        "unisex": "yes"
      },
      "geometry": {
        "type": "Point",
        "coordinates": [
          90.3776461,
          23.8279903
        ]
      },
      "id": "node/12197156170"
    },
    {
      "type": "Feature",
      "properties": {
        "@id": "node/12197156172",
        "access": "yes",
        "addr:suburb": "New Kurmitola",
        "amenity": "toilets",
        "capacity:persons": "24",
        "name": "World visssion Saitation",
        "shower": "yes",
        "source": "DhakaThrive_Survey",
        "toilets:disposal": "pitlatrine",
        "toilets:handwashing": "no",
        "unisex": "yes"
      },
      "geometry": {
        "type": "Point",
        "coordinates": [
          90.378628,
          23.8278899
        ]
      },
      "id": "node/12197156172"
    },
    {
      "type": "Feature",
      "properties": {
        "@id": "node/12197156173",
        "access": "yes",
        "addr:suburb": "New Kurmitola",
        "amenity": "toilets",
        "capacity:persons": "9",
        "name": "World vission sanitation",
        "shower": "yes",
        "source": "DhakaThrive_Survey",
        "toilets:disposal": "pitlatrine",
        "toilets:handwashing": "no",
        "unisex": "yes"
      },
      "geometry": {
        "type": "Point",
        "coordinates": [
          90.3789456,
          23.8278452
        ]
      },
      "id": "node/12197156173"
    },
    {
      "type": "Feature",
      "properties": {
        "@id": "node/12197156175",
        "access": "yes",
        "addr:suburb": "New Kurmitola",
        "amenity": "toilets",
        "capacity:persons": "4",
        "male": "yes",
        "name": "Community toilet",
        "source": "DhakaThrive_Survey",
        "toilets:disposal": "pitlatrine"
      },
      "geometry": {
        "type": "Point",
        "coordinates": [
          90.3776063,
          23.8278838
        ]
      },
      "id": "node/12197156175"
    },
    {
      "type": "Feature",
      "properties": {
        "@id": "node/12197236272",
        "access": "yes",
        "addr:suburb": "06 no Wapda",
        "amenity": "toilets",
        "capacity:persons": "4",
        "shower": "yes",
        "source": "DhakaThrive_Survey",
        "toilets:disposal": "flush",
        "toilets:handwashing": "no",
        "unisex": "yes"
      },
      "geometry": {
        "type": "Point",
        "coordinates": [
          90.3727621,
          23.8113039
        ]
      },
      "id": "node/12197236272"
    },
    {
      "type": "Feature",
      "properties": {
        "@id": "node/12197236278",
        "access": "yes",
        "addr:suburb": "06 no Wapda",
        "amenity": "toilets",
        "capacity:persons": "5",
        "name": "Brack Community toilet",
        "shower": "yes",
        "source": "DhakaThrive_Survey",
        "toilets:disposal": "flush",
        "toilets:handwashing": "yes",
        "unisex": "yes"
      },
      "geometry": {
        "type": "Point",
        "coordinates": [
          90.372488,
          23.8112334
        ]
      },
      "id": "node/12197236278"
    },
    {
      "type": "Feature",
      "properties": {
        "@id": "node/12197284173",
        "access": "yes",
        "addr:suburb": "Chalantika Slum",
        "amenity": "toilets",
        "capacity:persons": "3",
        "name": "DSK Toilet",
        "shower": "yes",
        "source": "DhakaThrive_Survey",
        "toilets:disposal": "pitlatrine",
        "toilets:handwashing": "no",
        "unisex": "yes"
      },
      "geometry": {
        "type": "Point",
        "coordinates": [
          90.3608332,
          23.8153533
        ]
      },
      "id": "node/12197284173"
    },
    {
      "type": "Feature",
      "properties": {
        "@id": "node/12197284175",
        "access": "yes",
        "addr:suburb": "Chalantika Slum",
        "amenity": "toilets",
        "capacity:persons": "3",
        "name": "DSK Toilet",
        "shower": "yes",
        "source": "DhakaThrive_Survey",
        "toilets:disposal": "pitlatrine",
        "toilets:handwashing": "no",
        "unisex": "yes"
      },
      "geometry": {
        "type": "Point",
        "coordinates": [
          90.3612778,
          23.8153746
        ]
      },
      "id": "node/12197284175"
    },
    {
      "type": "Feature",
      "properties": {
        "@id": "node/12197284178",
        "access": "yes",
        "addr:suburb": "Chalantika Slum",
        "amenity": "toilets",
        "capacity:persons": "4",
        "name": "DSK Toilet",
        "shower": "yes",
        "source": "DhakaThrive_Survey",
        "toilets:disposal": "pitlatrine",
        "toilets:handwashing": "yes",
        "unisex": "yes"
      },
      "geometry": {
        "type": "Point",
        "coordinates": [
          90.3610076,
          23.8154728
        ]
      },
      "id": "node/12197284178"
    },
    {
      "type": "Feature",
      "properties": {
        "@id": "node/12197284179",
        "access": "yes",
        "addr:suburb": "Chalantika Slum",
        "amenity": "toilets",
        "capacity:persons": "3",
        "name": "DSK Toilet",
        "source": "DhakaThrive_Survey",
        "toilets:disposal": "pitlatrine",
        "toilets:handwashing": "yes",
        "unisex": "yes"
      },
      "geometry": {
        "type": "Point",
        "coordinates": [
          90.360359,
          23.8155885
        ]
      },
      "id": "node/12197284179"
    },
    {
      "type": "Feature",
      "properties": {
        "@id": "node/12197284180",
        "access": "yes",
        "addr:suburb": "Chalantika Slum",
        "amenity": "toilets",
        "capacity:persons": "4",
        "name": "Water Aid",
        "shower": "yes",
        "source": "DhakaThrive_Survey",
        "toilets:disposal": "pitlatrine",
        "toilets:handwashing": "no",
        "unisex": "yes"
      },
      "geometry": {
        "type": "Point",
        "coordinates": [
          90.3605402,
          23.8155001
        ]
      },
      "id": "node/12197284180"
    },
    {
      "type": "Feature",
      "properties": {
        "@id": "node/12197284181",
        "access": "yes",
        "addr:suburb": "Chalantika Slum",
        "amenity": "toilets",
        "capacity:persons": "3",
        "name": "DSK Toilet",
        "source": "DhakaThrive_Survey",
        "toilets:disposal": "pitlatrine",
        "toilets:handwashing": "no",
        "unisex": "yes"
      },
      "geometry": {
        "type": "Point",
        "coordinates": [
          90.3605796,
          23.8153485
        ]
      },
      "id": "node/12197284181"
    },
    {
      "type": "Feature",
      "properties": {
        "@id": "node/12197284182",
        "access": "yes",
        "addr:suburb": "Chalantika Slum",
        "amenity": "toilets",
        "capacity:persons": "4",
        "name": "DSK Toilet",
        "shower": "yes",
        "source": "DhakaThrive_Survey",
        "toilets:disposal": "pitlatrine",
        "toilets:handwashing": "yes",
        "unisex": "yes"
      },
      "geometry": {
        "type": "Point",
        "coordinates": [
          90.3607246,
          23.815518
        ]
      },
      "id": "node/12197284182"
    },
    {
      "type": "Feature",
      "properties": {
        "@id": "node/12197284183",
        "access": "yes",
        "addr:suburb": "Chalantika Slum",
        "amenity": "toilets",
        "capacity:persons": "4",
        "name": "DSK",
        "shower": "yes",
        "source": "DhakaThrive_Survey",
        "toilets:disposal": "pitlatrine",
        "toilets:handwashing": "yes",
        "unisex": "yes"
      },
      "geometry": {
        "type": "Point",
        "coordinates": [
          90.3611798,
          23.8154597
        ]
      },
      "id": "node/12197284183"
    },
    {
      "type": "Feature",
      "properties": {
        "@id": "node/12197284184",
        "access": "yes",
        "addr:suburb": "Chalantika Slum",
        "amenity": "toilets",
        "capacity:persons": "3",
        "name": "DSK",
        "source": "DhakaThrive_Survey",
        "toilets:disposal": "pitlatrine",
        "toilets:handwashing": "no",
        "unisex": "yes"
      },
      "geometry": {
        "type": "Point",
        "coordinates": [
          90.3610095,
          23.8155545
        ]
      },
      "id": "node/12197284184"
    },
    {
      "type": "Feature",
      "properties": {
        "@id": "node/12197284185",
        "access": "private",
        "addr:suburb": "Chalantika Slum",
        "amenity": "toilets",
        "capacity:persons": "2",
        "shower": "yes",
        "source": "DhakaThrive_Survey",
        "toilets:disposal": "pitlatrine",
        "unisex": "yes"
      },
      "geometry": {
        "type": "Point",
        "coordinates": [
          90.3609612,
          23.815784
        ]
      },
      "id": "node/12197284185"
    },
    {
      "type": "Feature",
      "properties": {
        "@id": "node/12197406500",
        "access": "yes",
        "addr:suburb": "Joshim Mollah Slum",
        "amenity": "toilets",
        "capacity:persons": "1",
        "shower": "yes",
        "toilets:disposal": "pitlatrine",
        "unisex": "yes"
      },
      "geometry": {
        "type": "Point",
        "coordinates": [
          90.3597043,
          23.8291353
        ]
      },
      "id": "node/12197406500"
    },
    {
      "type": "Feature",
      "properties": {
        "@id": "node/12197419104",
        "access": "yes",
        "addr:suburb": "Joshim Mollah Slum",
        "amenity": "toilets",
        "capacity:persons": "3",
        "name": "DSK Toilet",
        "source": "DhakaThrive_Survey",
        "toilets:disposal": "pitlatrine",
        "toilets:handwashing": "no",
        "unisex": "yes"
      },
      "geometry": {
        "type": "Point",
        "coordinates": [
          90.3604788,
          23.8292164
        ]
      },
      "id": "node/12197419104"
    },
    {
      "type": "Feature",
      "properties": {
        "@id": "node/12197419105",
        "access": "yes",
        "addr:suburb": "Joshim Mollah Slum",
        "amenity": "toilets",
        "capacity:persons": "2",
        "name": "Dsk public toilet",
        "shower": "yes",
        "source": "DhakaThrive_Survey",
        "toilets:disposal": "pitlatrine",
        "toilets:handwashing": "no",
        "unisex": "yes"
      },
      "geometry": {
        "type": "Point",
        "coordinates": [
          90.3605164,
          23.829714
        ]
      },
      "id": "node/12197419105"
    },
    {
      "type": "Feature",
      "properties": {
        "@id": "node/12197419106",
        "access": "yes",
        "addr:suburb": "Joshim Mollah Slum",
        "amenity": "toilets",
        "capacity:persons": "2",
        "shower": "yes",
        "source": "DhakaThrive_Survey",
        "toilets:disposal": "pitlatrine",
        "toilets:handwashing": "no",
        "unisex": "yes"
      },
      "geometry": {
        "type": "Point",
        "coordinates": [
          90.3605064,
          23.8296357
        ]
      },
      "id": "node/12197419106"
    },
    {
      "type": "Feature",
      "properties": {
        "@id": "node/12197419107",
        "access": "yes",
        "addr:suburb": "Joshim Mollah Slum",
        "amenity": "toilets",
        "capacity:persons": "2",
        "shower": "yes",
        "toilets:disposal": "pitlatrine",
        "toilets:handwashing": "no",
        "unisex": "yes"
      },
      "geometry": {
        "type": "Point",
        "coordinates": [
          90.3605158,
          23.8294892
        ]
      },
      "id": "node/12197419107"
    },
    {
      "type": "Feature",
      "properties": {
        "@id": "node/12197419110",
        "access": "yes",
        "addr:suburb": "Joshim Mollah Slum",
        "amenity": "toilets",
        "capacity:persons": "1",
        "fee": "no",
        "name": "Dsk public toilet",
        "shower": "yes",
        "source": "DhakaThrive_Survey",
        "toilets:disposal": "pitlatrine",
        "toilets:handwashing": "no",
        "unisex": "yes",
        "wheelchair": "no"
      },
      "geometry": {
        "type": "Point",
        "coordinates": [
          90.3611054,
          23.8295397
        ]
      },
      "id": "node/12197419110"
    },
    {
      "type": "Feature",
      "properties": {
        "@id": "node/12197419111",
        "access": "yes",
        "addr:suburb": "Joshim Mollah Slum",
        "amenity": "toilets",
        "capacity:persons": "6",
        "name": "Usap Public toilet",
        "shower": "no",
        "source": "DhakaThrive_Survey",
        "toilets:disposal": "pitlatrine",
        "toilets:handwashing": "no",
        "unisex": "yes"
      },
      "geometry": {
        "type": "Point",
        "coordinates": [
          90.3609776,
          23.829735
        ]
      },
      "id": "node/12197419111"
    },
    {
      "type": "Feature",
      "properties": {
        "@id": "node/12197419112",
        "access": "yes",
        "addr:suburb": "Joshim Mollah Slum",
        "amenity": "toilets",
        "capacity:persons": "6",
        "name": "Dsk",
        "shower": "yes",
        "source": "DhakaThrive_Survey",
        "toilets:disposal": "pitlatrine",
        "toilets:handwashing": "no",
        "unisex": "yes"
      },
      "geometry": {
        "type": "Point",
        "coordinates": [
          90.3612955,
          23.8300257
        ]
      },
      "id": "node/12197419112"
    },
    {
      "type": "Feature",
      "properties": {
        "@id": "node/12197419114",
        "access": "yes",
        "addr:suburb": "Joshim Mollah Slum",
        "amenity": "toilets",
        "capacity:persons": "2",
        "name": "Dsk public toilet",
        "shower": "yes",
        "toilets:disposal": "pitlatrine",
        "unisex": "yes"
      },
      "geometry": {
        "type": "Point",
        "coordinates": [
          90.3613826,
          23.8303439
        ]
      },
      "id": "node/12197419114"
    },
    {
      "type": "Feature",
      "properties": {
        "@id": "node/12197419115",
        "access": "yes",
        "addr:suburb": "Joshim Mollah Slum",
        "amenity": "toilets",
        "capacity:persons": "3",
        "name": "Dsk public toilet",
        "shower": "yes",
        "toilets:disposal": "pitlatrine",
        "unisex": "yes"
      },
      "geometry": {
        "type": "Point",
        "coordinates": [
          90.3614677,
          23.830262
        ]
      },
      "id": "node/12197419115"
    },
    {
      "type": "Feature",
      "properties": {
        "@id": "node/12197419116",
        "access": "yes",
        "addr:suburb": "Joshim Mollah Slum",
        "amenity": "toilets",
        "capacity:persons": "2",
        "fee": "no",
        "name": "Dsk public toilet",
        "shower": "yes",
        "toilets:disposal": "pitlatrine",
        "unisex": "yes",
        "wheelchair": "no"
      },
      "geometry": {
        "type": "Point",
        "coordinates": [
          90.3615639,
          23.8302787
        ]
      },
      "id": "node/12197419116"
    },
    {
      "type": "Feature",
      "properties": {
        "@id": "node/12197419117",
        "access": "yes",
        "addr:suburb": "Joshim Mollah Slum",
        "amenity": "toilets",
        "capacity:persons": "2",
        "name": "Dsk public toilet",
        "shower": "yes",
        "toilets:disposal": "pitlatrine",
        "unisex": "yes"
      },
      "geometry": {
        "type": "Point",
        "coordinates": [
          90.3615819,
          23.8307835
        ]
      },
      "id": "node/12197419117"
    },
    {
      "type": "Feature",
      "properties": {
        "@id": "node/12197419119",
        "access": "yes",
        "addr:suburb": "Joshim Mollah Slum",
        "amenity": "toilets",
        "capacity:persons": "3",
        "name": "Dsk public toilet",
        "shower": "yes",
        "toilets:disposal": "pitlatrine",
        "unisex": "yes"
      },
      "geometry": {
        "type": "Point",
        "coordinates": [
          90.361252,
          23.8306239
        ]
      },
      "id": "node/12197419119"
    },
    {
      "type": "Feature",
      "properties": {
        "@id": "node/12197419120",
        "access": "yes",
        "addr:suburb": "Joshim Mollah Slum",
        "amenity": "toilets",
        "capacity:persons": "3",
        "man_made": "water_tap",
        "name": "Dsk public toilet",
        "shower": "yes",
        "toilets:disposal": "pitlatrine",
        "unisex": "yes"
      },
      "geometry": {
        "type": "Point",
        "coordinates": [
          90.3608769,
          23.8306622
        ]
      },
      "id": "node/12197419120"
    },
    {
      "type": "Feature",
      "properties": {
        "@id": "node/12197419121",
        "access": "yes",
        "addr:suburb": "Joshim Mollah Slum",
        "amenity": "toilets",
        "capacity:persons": "2",
        "name": "Dsk public toilet",
        "shower": "yes",
        "source": "DhakaThrive_Survey",
        "toilets:disposal": "pitlatrine",
        "unisex": "yes"
      },
      "geometry": {
        "type": "Point",
        "coordinates": [
          90.3605412,
          23.830816
        ]
      },
      "id": "node/12197419121"
    },
    {
      "type": "Feature",
      "properties": {
        "@id": "node/12197419124",
        "access": "yes",
        "addr:suburb": "Joshim Mollah Slum",
        "amenity": "toilets",
        "capacity:persons": "2",
        "name": "Dsk public toilet",
        "shower": "yes",
        "toilets:disposal": "pitlatrine",
        "unisex": "yes"
      },
      "geometry": {
        "type": "Point",
        "coordinates": [
          90.3606587,
          23.8304567
        ]
      },
      "id": "node/12197419124"
    },
    {
      "type": "Feature",
      "properties": {
        "@id": "node/12197419128",
        "access": "yes",
        "addr:suburb": "Joshim Mollah Slum",
        "amenity": "toilets",
        "capacity:persons": "4",
        "name": "Dsk public toilet",
        "shower": "yes",
        "toilets:disposal": "pitlatrine",
        "unisex": "yes"
      },
      "geometry": {
        "type": "Point",
        "coordinates": [
          90.3621292,
          23.8284396
        ]
      },
      "id": "node/12197419128"
    },
    {
      "type": "Feature",
      "properties": {
        "@id": "node/12197419129",
        "access": "yes",
        "addr:suburb": "Joshim Mollah Slum",
        "amenity": "toilets",
        "capacity:persons": "2",
        "fee": "no",
        "name": "DSK Toilet",
        "shower": "yes",
        "source": "DhakaThrive_Survey",
        "toilets:disposal": "pitlatrine",
        "toilets:handwashing": "no",
        "unisex": "yes",
        "wheelchair": "no"
      },
      "geometry": {
        "type": "Point",
        "coordinates": [
          90.3616751,
          23.8286568
        ]
      },
      "id": "node/12197419129"
    },
    {
      "type": "Feature",
      "properties": {
        "@id": "node/12197419130",
        "access": "yes",
        "addr:suburb": "Joshim Mollah Slum",
        "amenity": "toilets",
        "capacity:persons": "4",
        "fee": "no",
        "name": "DSK Toilet",
        "shower": "yes",
        "source": "DhakaThrive_Survey",
        "toilets:disposal": "pitlatrine",
        "unisex": "yes",
        "wheelchair": "no"
      },
      "geometry": {
        "type": "Point",
        "coordinates": [
          90.3617223,
          23.8290106
        ]
      },
      "id": "node/12197419130"
    },
    {
      "type": "Feature",
      "properties": {
        "@id": "node/12197419131",
        "access": "yes",
        "addr:suburb": "Joshim Mollah Slum",
        "amenity": "toilets",
        "capacity:persons": "1",
        "fee": "no",
        "name": "Dsk public toilet",
        "shower": "yes",
        "toilets:disposal": "pitlatrine",
        "unisex": "yes",
        "wheelchair": "no"
      },
      "geometry": {
        "type": "Point",
        "coordinates": [
          90.3614348,
          23.82887
        ]
      },
      "id": "node/12197419131"
    },
    {
      "type": "Feature",
      "properties": {
        "@id": "node/12197419132",
        "access": "yes",
        "addr:suburb": "Joshim Mollah Slum",
        "amenity": "toilets",
        "capacity:persons": "2",
        "fee": "no",
        "name": "Wasp",
        "source": "DhakaThrive_Survey",
        "toilets:disposal": "pitlatrine",
        "unisex": "yes",
        "wheelchair": "no"
      },
      "geometry": {
        "type": "Point",
        "coordinates": [
          90.3611122,
          23.8290875
        ]
      },
      "id": "node/12197419132"
    },
    {
      "type": "Feature",
      "properties": {
        "@id": "node/12197419133",
        "access": "yes",
        "addr:suburb": "Joshim Mollah Slum",
        "amenity": "toilets",
        "capacity:persons": "2",
        "fee": "no",
        "name": "Wasp",
        "shower": "yes",
        "source": "DhakaThrive_Survey",
        "toilets:disposal": "pitlatrine",
        "toilets:handwashing": "no",
        "unisex": "yes",
        "wheelchair": "no"
      },
      "geometry": {
        "type": "Point",
        "coordinates": [
          90.3611333,
          23.829231
        ]
      },
      "id": "node/12197419133"
    },
    {
      "type": "Feature",
      "properties": {
        "@id": "node/12197419136",
        "access": "yes",
        "addr:suburb": "Joshim Mollah Slum",
        "amenity": "toilets",
        "capacity:persons": "3",
        "man_made": "water_tap",
        "name": "Wasp Toilet",
        "shower": "no",
        "source": "DhakaThrive_Survey",
        "toilets:disposal": "pitlatrine",
        "toilets:handwashing": "no",
        "unisex": "yes"
      },
      "geometry": {
        "type": "Point",
        "coordinates": [
          90.3609659,
          23.8299458
        ]
      },
      "id": "node/12197419136"
    },
    {
      "type": "Feature",
      "properties": {
        "@id": "node/12197419138",
        "access": "yes",
        "addr:suburb": "Joshim Mollah Slum",
        "amenity": "toilets",
        "capacity:persons": "4",
        "man_made": "water_tap",
        "name": "OSAB Toilet",
        "shower": "no",
        "source": "DhakaThrive_Survey",
        "toilets:disposal": "pitlatrine",
        "toilets:handwashing": "yes",
        "unisex": "yes"
      },
      "geometry": {
        "type": "Point",
        "coordinates": [
          90.3610755,
          23.8300464
        ]
      },
      "id": "node/12197419138"
    },
    {
      "type": "Feature",
      "properties": {
        "@id": "node/12197419139",
        "access": "yes",
        "addr:suburb": "Joshim Mollah Slum",
        "amenity": "toilets",
        "capacity:persons": "3",
        "name": "Dsk public toilet",
        "shower": "yes",
        "toilets:disposal": "pitlatrine",
        "unisex": "yes"
      },
      "geometry": {
        "type": "Point",
        "coordinates": [
          90.3610769,
          23.8302527
        ]
      },
      "id": "node/12197419139"
    },
    {
      "type": "Feature",
      "properties": {
        "@id": "node/12197419140",
        "access": "yes",
        "addr:suburb": "Joshim Mollah Slum",
        "amenity": "toilets",
        "capacity:persons": "2",
        "name": "Dsk public toilet",
        "shower": "yes",
        "toilets:disposal": "pitlatrine",
        "unisex": "yes"
      },
      "geometry": {
        "type": "Point",
        "coordinates": [
          90.3609169,
          23.8302375
        ]
      },
      "id": "node/12197419140"
    },
    {
      "type": "Feature",
      "properties": {
        "@id": "node/12197419141",
        "access": "yes",
        "addr:suburb": "Joshim Mollah Slum",
        "amenity": "toilets",
        "capacity:persons": "2",
        "name": "Dsk public toilet",
        "shower": "yes",
        "toilets:disposal": "pitlatrine",
        "unisex": "yes"
      },
      "geometry": {
        "type": "Point",
        "coordinates": [
          90.3609397,
          23.8303249
        ]
      },
      "id": "node/12197419141"
    },
    {
      "type": "Feature",
      "properties": {
        "@id": "node/12197419143",
        "access": "yes",
        "addr:suburb": "Joshim Mollah Slum",
        "amenity": "toilets",
        "capacity:persons": "2",
        "name": "Dsk public toilet",
        "shower": "yes",
        "toilets:disposal": "pitlatrine",
        "unisex": "yes"
      },
      "geometry": {
        "type": "Point",
        "coordinates": [
          90.3605849,
          23.8303658
        ]
      },
      "id": "node/12197419143"
    },
    {
      "type": "Feature",
      "properties": {
        "@id": "node/12197419144",
        "access": "yes",
        "addr:suburb": "Joshim Mollah Slum",
        "amenity": "toilets",
        "capacity:persons": "4",
        "name": "DSK",
        "shower": "yes",
        "toilets:disposal": "pitlatrine",
        "toilets:handwashing": "yes",
        "unisex": "yes"
      },
      "geometry": {
        "type": "Point",
        "coordinates": [
          90.3607635,
          23.8301736
        ]
      },
      "id": "node/12197419144"
    },
    {
      "type": "Feature",
      "properties": {
        "@id": "node/12197419146",
        "access": "yes",
        "addr:suburb": "Joshim Mollah Slum",
        "amenity": "toilets",
        "capacity:persons": "2",
        "name": "DSK Toilet",
        "source": "DhakaThrive_Survey",
        "toilets:disposal": "pitlatrine",
        "toilets:handwashing": "no",
        "unisex": "yes"
      },
      "geometry": {
        "type": "Point",
        "coordinates": [
          90.36191,
          23.8282657
        ]
      },
      "id": "node/12197419146"
    },
    {
      "type": "Feature",
      "properties": {
        "@id": "node/12197429840",
        "access": "private",
        "addr:suburb": "Milk vita",
        "amenity": "toilets",
        "capacity:persons": "1",
        "shower": "yes",
        "source": "DhakaThrive_Survey",
        "toilets:disposal": "flush",
        "unisex": "yes"
      },
      "geometry": {
        "type": "Point",
        "coordinates": [
          90.3719084,
          23.8126862
        ]
      },
      "id": "node/12197429840"
    },
    {
      "type": "Feature",
      "properties": {
        "@id": "node/12197429842",
        "access": "yes",
        "addr:suburb": "Milk Vita",
        "amenity": "toilets",
        "capacity:persons": "1",
        "shower": "yes",
        "source": "DhakaThrive_Survey",
        "toilets:disposal": "flush",
        "toilets:handwashing": "no",
        "unisex": "yes"
      },
      "geometry": {
        "type": "Point",
        "coordinates": [
          90.3712394,
          23.8132327
        ]
      },
      "id": "node/12197429842"
    },
    {
      "type": "Feature",
      "properties": {
        "@id": "node/12197429844",
        "access": "private",
        "addr:suburb": "Milk vita",
        "amenity": "toilets",
        "capacity:persons": "1",
        "shower": "yes",
        "source": "DhakaThrive_Survey",
        "toilets:disposal": "flush",
        "unisex": "yes"
      },
      "geometry": {
        "type": "Point",
        "coordinates": [
          90.3715494,
          23.813279
        ]
      },
      "id": "node/12197429844"
    },
    {
      "type": "Feature",
      "properties": {
        "@id": "node/12197429845",
        "access": "private",
        "addr:suburb": "Milk vita",
        "amenity": "toilets",
        "capacity:persons": "1",
        "shower": "yes",
        "source": "DhakaThrive_Survey",
        "toilets:disposal": "flush",
        "unisex": "yes"
      },
      "geometry": {
        "type": "Point",
        "coordinates": [
          90.3721577,
          23.8127148
        ]
      },
      "id": "node/12197429845"
    },
    {
      "type": "Feature",
      "properties": {
        "@id": "node/12197429846",
        "access": "private",
        "addr:suburb": "Milk vita",
        "amenity": "toilets",
        "capacity:persons": "1",
        "shower": "yes",
        "source": "DhakaThrive_Survey",
        "toilets:disposal": "flush",
        "unisex": "yes"
      },
      "geometry": {
        "type": "Point",
        "coordinates": [
          90.3718152,
          23.8128297
        ]
      },
      "id": "node/12197429846"
    },
    {
      "type": "Feature",
      "properties": {
        "@id": "node/12197429847",
        "access": "private",
        "addr:suburb": "Milk vita",
        "amenity": "toilets",
        "capacity:persons": "1",
        "shower": "yes",
        "source": "DhakaThrive_Survey",
        "toilets:disposal": "flush",
        "unisex": "yes"
      },
      "geometry": {
        "type": "Point",
        "coordinates": [
          90.3716634,
          23.8129549
        ]
      },
      "id": "node/12197429847"
    },
    {
      "type": "Feature",
      "properties": {
        "@id": "node/12197429853",
        "access": "private",
        "addr:suburb": "Milk vita",
        "amenity": "toilets",
        "capacity:persons": "1",
        "shower": "yes",
        "source": "DhakaThrive_Survey",
        "toilets:disposal": "flush",
        "unisex": "yes"
      },
      "geometry": {
        "type": "Point",
        "coordinates": [
          90.3724394,
          23.8123643
        ]
      },
      "id": "node/12197429853"
    },
    {
      "type": "Feature",
      "properties": {
        "@id": "node/12197429855",
        "access": "yes",
        "addr:suburb": "Milk Vita",
        "amenity": "toilets",
        "capacity:persons": "1",
        "shower": "yes",
        "toilets:disposal": "flush",
        "toilets:handwashing": "no",
        "unisex": "yes"
      },
      "geometry": {
        "type": "Point",
        "coordinates": [
          90.3722121,
          23.8127624
        ]
      },
      "id": "node/12197429855"
    },
    {
      "type": "Feature",
      "properties": {
        "@id": "node/12198134080",
        "access": "yes",
        "addr:suburb": "Gudaraghat",
        "amenity": "toilets",
        "capacity:persons": "2",
        "source": "DhakaThrive_Survey",
        "toilets:disposal": "pitlatrine",
        "toilets:handwashing": "no",
        "unisex": "yes"
      },
      "geometry": {
        "type": "Point",
        "coordinates": [
          90.3781278,
          23.826957
        ]
      },
      "id": "node/12198134080"
    },
    {
      "type": "Feature",
      "properties": {
        "@id": "node/12198134081",
        "access": "yes",
        "addr:suburb": "Gudaraghat",
        "amenity": "toilets",
        "capacity:persons": "2",
        "name": "Mirpur Arban Community Empowerment Project on Sanitation Management",
        "source": "DhakaThrive_Survey",
        "toilets:disposal": "pitlatrine",
        "toilets:handwashing": "no",
        "unisex": "yes"
      },
      "geometry": {
        "type": "Point",
        "coordinates": [
          90.377525,
          23.8270352
        ]
      },
      "id": "node/12198134081"
    },
    {
      "type": "Feature",
      "properties": {
        "@id": "node/12198134083",
        "access": "yes",
        "addr:suburb": "Gudaraghat",
        "amenity": "toilets",
        "capacity:persons": "2",
        "name": "Mirpur Arban Community Empowerment Project on Sanitation Management",
        "source": "DhakaThrive_Survey",
        "toilets:disposal": "pitlatrine",
        "toilets:handwashing": "no",
        "unisex": "yes"
      },
      "geometry": {
        "type": "Point",
        "coordinates": [
          90.3780065,
          23.8268311
        ]
      },
      "id": "node/12198134083"
    },
    {
      "type": "Feature",
      "properties": {
        "@id": "node/12198134084",
        "access": "private",
        "addr:suburb": "Gudaraghat",
        "amenity": "toilets",
        "capacity:persons": "1",
        "shower": "no",
        "source": "DhakaThrive_Survey",
        "toilets:disposal": "pitlatrine",
        "toilets:handwashing": "no",
        "unisex": "yes"
      },
      "geometry": {
        "type": "Point",
        "coordinates": [
          90.3779397,
          23.8268132
        ]
      },
      "id": "node/12198134084"
    },
    {
      "type": "Feature",
      "properties": {
        "@id": "node/12198134085",
        "access": "private",
        "addr:suburb": "Gudaraghat",
        "amenity": "toilets",
        "capacity:persons": "1",
        "shower": "no",
        "source": "DhakaThrive_Survey",
        "toilets:disposal": "pitlatrine",
        "toilets:handwashing": "no",
        "unisex": "yes"
      },
      "geometry": {
        "type": "Point",
        "coordinates": [
          90.3780238,
          23.8266997
        ]
      },
      "id": "node/12198134085"
    },
    {
      "type": "Feature",
      "properties": {
        "@id": "node/12198134087",
        "access": "yes",
        "addr:suburb": "Gudaraghat",
        "amenity": "toilets",
        "capacity:persons": "8",
        "name": "Community toilet",
        "toilets:disposal": "pitlatrine",
        "toilets:handwashing": "no",
        "unisex": "yes"
      },
      "geometry": {
        "type": "Point",
        "coordinates": [
          90.3779711,
          23.8262756
        ]
      },
      "id": "node/12198134087"
    },
    {
      "type": "Feature",
      "properties": {
        "@id": "node/12198134088",
        "access": "yes",
        "addr:suburb": "Gudaraghat",
        "amenity": "toilets",
        "capacity:persons": "3",
        "name": "SCAN Project Toilet",
        "shower": "no",
        "source": "DhakaThrive_Survey",
        "toilets:disposal": "pitlatrine",
        "toilets:handwashing": "yes",
        "unisex": "yes"
      },
      "geometry": {
        "type": "Point",
        "coordinates": [
          90.3776033,
          23.8271353
        ]
      },
      "id": "node/12198134088"
    },
    {
      "type": "Feature",
      "properties": {
        "@id": "node/12198134089",
        "access": "yes",
        "addr:suburb": "Gudaraghat",
        "amenity": "toilets",
        "capacity:persons": "2",
        "name": "Mirpur Arban Community Empowerment Project on Sanitation Management",
        "source": "DhakaThrive_Survey",
        "toilets:disposal": "pitlatrine",
        "toilets:handwashing": "no",
        "unisex": "yes"
      },
      "geometry": {
        "type": "Point",
        "coordinates": [
          90.3781305,
          23.8270158
        ]
      },
      "id": "node/12198134089"
    },
    {
      "type": "Feature",
      "properties": {
        "@id": "node/12198134091",
        "access": "yes",
        "addr:suburb": "Gudaraghat",
        "amenity": "toilets",
        "capacity:persons": "1",
        "name": "World Vision Sanitisation",
        "shower": "yes",
        "source": "DhakaThrive_Survey",
        "toilets:disposal": "pitlatrine",
        "toilets:handwashing": "yes",
        "unisex": "yes"
      },
      "geometry": {
        "type": "Point",
        "coordinates": [
          90.3781637,
          23.827267
        ]
      },
      "id": "node/12198134091"
    },
    {
      "type": "Feature",
      "properties": {
        "@id": "node/12198134093",
        "access": "yes",
        "addr:suburb": "Gudaraghat",
        "amenity": "toilets",
        "capacity:persons": "2",
        "name": "Mirpur Arban Community Empowerment Project on Sanitation Management",
        "source": "DhakaThrive_Survey",
        "toilets:disposal": "pitlatrine",
        "toilets:handwashing": "no",
        "unisex": "yes"
      },
      "geometry": {
        "type": "Point",
        "coordinates": [
          90.3785338,
          23.8271218
        ]
      },
      "id": "node/12198134093"
    },
    {
      "type": "Feature",
      "properties": {
        "@id": "node/12198134094",
        "access": "yes",
        "addr:suburb": "Gudaraghat",
        "amenity": "toilets",
        "capacity:persons": "4",
        "name": "Mirpur Arban Community Empowerment Project on Sanitation Management",
        "source": "DhakaThrive_Survey",
        "toilets:disposal": "pitlatrine",
        "toilets:handwashing": "no",
        "unisex": "yes"
      },
      "geometry": {
        "type": "Point",
        "coordinates": [
          90.378376,
          23.827374
        ]
      },
      "id": "node/12198134094"
    },
    {
      "type": "Feature",
      "properties": {
        "@id": "node/12198134095",
        "access": "yes",
        "addr:suburb": "Gudaraghat",
        "amenity": "toilets",
        "capacity:persons": "1",
        "shower": "yes",
        "source": "DhakaThrive_Survey",
        "toilets:disposal": "pitlatrine",
        "toilets:handwashing": "no",
        "unisex": "yes"
      },
      "geometry": {
        "type": "Point",
        "coordinates": [
          90.378685,
          23.8271601
        ]
      },
      "id": "node/12198134095"
    },
    {
      "type": "Feature",
      "properties": {
        "@id": "node/12198134096",
        "access": "private",
        "addr:suburb": "Gudaraghat",
        "amenity": "toilets",
        "capacity:persons": "1",
        "shower": "yes",
        "source": "DhakaThrive_Survey",
        "toilets:disposal": "pitlatrine",
        "toilets:handwashing": "yes",
        "unisex": "yes"
      },
      "geometry": {
        "type": "Point",
        "coordinates": [
          90.3783731,
          23.8271857
        ]
      },
      "id": "node/12198134096"
    },
    {
      "type": "Feature",
      "properties": {
        "@id": "node/12198134097",
        "access": "yes",
        "addr:suburb": "Gudaraghat",
        "amenity": "toilets",
        "capacity:persons": "2",
        "name": "Mirpur Arban Community Empowerment Project on Sanitation Management",
        "source": "DhakaThrive_Survey",
        "toilets:disposal": "pitlatrine",
        "toilets:handwashing": "no",
        "unisex": "yes"
      },
      "geometry": {
        "type": "Point",
        "coordinates": [
          90.378285,
          23.8271028
        ]
      },
      "id": "node/12198134097"
    },
    {
      "type": "Feature",
      "properties": {
        "@id": "node/12198134098",
        "access": "yes",
        "addr:suburb": "Gudaraghat",
        "amenity": "toilets",
        "capacity:persons": "2",
        "source": "DhakaThrive_Survey",
        "toilets:disposal": "pitlatrine",
        "toilets:handwashing": "no",
        "unisex": "yes"
      },
      "geometry": {
        "type": "Point",
        "coordinates": [
          90.3781574,
          23.8271692
        ]
      },
      "id": "node/12198134098"
    },
    {
      "type": "Feature",
      "properties": {
        "@id": "node/12198134100",
        "access": "yes",
        "addr:suburb": "Gudaraghat",
        "amenity": "toilets",
        "capacity:persons": "1",
        "male": "yes",
        "shower": "yes",
        "toilets:disposal": "pitlatrine",
        "toilets:handwashing": "yes"
      },
      "geometry": {
        "type": "Point",
        "coordinates": [
          90.3779817,
          23.8274502
        ]
      },
      "id": "node/12198134100"
    },
    {
      "type": "Feature",
      "properties": {
        "@id": "node/12198302802",
        "access": "yes",
        "addr:suburb": "Gudaraghat",
        "amenity": "toilets",
        "capacity:persons": "2",
        "name": "Mirpur Arban Community Empowerment Project on Sanitation Management",
        "source": "DhakaThrive_Survey",
        "toilets:disposal": "pitlatrine",
        "toilets:handwashing": "no",
        "unisex": "yes"
      },
      "geometry": {
        "type": "Point",
        "coordinates": [
          90.3778576,
          23.8274652
        ]
      },
      "id": "node/12198302802"
    },
    {
      "type": "Feature",
      "properties": {
        "@id": "node/12198302805",
        "access": "yes",
        "addr:suburb": "Gudaraghat",
        "amenity": "toilets",
        "capacity:persons": "4",
        "name": "Gudaraghat latrine",
        "shower": "no",
        "toilets:disposal": "pitlatrine",
        "toilets:handwashing": "no",
        "unisex": "yes"
      },
      "geometry": {
        "type": "Point",
        "coordinates": [
          90.3776367,
          23.8272984
        ]
      },
      "id": "node/12198302805"
    },
    {
      "type": "Feature",
      "properties": {
        "@id": "node/12198302806",
        "access": "yes",
        "addr:suburb": "Gudaraghat",
        "amenity": "toilets",
        "capacity:persons": "2",
        "name": "Mirpur Arban Community Empowerment Project on Sanitation Management",
        "source": "DhakaThrive_Survey",
        "toilets:disposal": "pitlatrine",
        "toilets:handwashing": "no",
        "unisex": "yes"
      },
      "geometry": {
        "type": "Point",
        "coordinates": [
          90.3787874,
          23.8270225
        ]
      },
      "id": "node/12198302806"
    },
    {
      "type": "Feature",
      "properties": {
        "@id": "node/12198302807",
        "access": "yes",
        "addr:suburb": "Gudaraghat",
        "amenity": "toilets",
        "capacity:persons": "2",
        "name": "Brac Community Sanitation",
        "shower": "yes",
        "source": "DhakaThrive_Survey",
        "toilets:disposal": "pitlatrine",
        "toilets:handwashing": "yes",
        "unisex": "yes"
      },
      "geometry": {
        "type": "Point",
        "coordinates": [
          90.3787663,
          23.8269971
        ]
      },
      "id": "node/12198302807"
    },
    {
      "type": "Feature",
      "properties": {
        "@id": "node/12198302811",
        "access": "private",
        "addr:suburb": "Gudaraghat",
        "amenity": "toilets",
        "capacity:persons": "1",
        "shower": "yes",
        "source": "DhakaThrive_Survey",
        "toilets:disposal": "pitlatrine",
        "unisex": "yes"
      },
      "geometry": {
        "type": "Point",
        "coordinates": [
          90.3783007,
          23.8273282
        ]
      },
      "id": "node/12198302811"
    },
    {
      "type": "Feature",
      "properties": {
        "@id": "node/12198302814",
        "access": "private",
        "addr:suburb": "Gudaraghat",
        "amenity": "toilets",
        "capacity:persons": "1",
        "shower": "yes",
        "source": "DhakaThrive_Survey",
        "toilets:disposal": "pitlatrine",
        "unisex": "yes"
      },
      "geometry": {
        "type": "Point",
        "coordinates": [
          90.3779318,
          23.827277
        ]
      },
      "id": "node/12198302814"
    },
    {
      "type": "Feature",
      "properties": {
        "@id": "node/12198302815",
        "access": "private",
        "addr:suburb": "Gudaraghat",
        "amenity": "toilets",
        "capacity:persons": "1",
        "shower": "yes",
        "source": "DhakaThrive_Survey",
        "toilets:disposal": "pitlatrine",
        "unisex": "yes"
      },
      "geometry": {
        "type": "Point",
        "coordinates": [
          90.3780153,
          23.8273227
        ]
      },
      "id": "node/12198302815"
    },
    {
      "type": "Feature",
      "properties": {
        "@id": "node/12198302816",
        "access": "yes",
        "addr:suburb": "Gudaraghat",
        "amenity": "toilets",
        "capacity:persons": "1",
        "shower": "yes",
        "source": "DhakaThrive_Survey",
        "toilets:disposal": "pitlatrine",
        "unisex": "yes"
      },
      "geometry": {
        "type": "Point",
        "coordinates": [
          90.377953,
          23.8275398
        ]
      },
      "id": "node/12198302816"
    },
    {
      "type": "Feature",
      "properties": {
        "@id": "node/12198302818",
        "access": "private",
        "addr:suburb": "Gudaraghat",
        "amenity": "toilets",
        "capacity:persons": "4",
        "name": "Mirpur arban community empowerment project on sanitation management",
        "shower": "yes",
        "toilets:disposal": "pitlatrine",
        "unisex": "yes"
      },
      "geometry": {
        "type": "Point",
        "coordinates": [
          90.3778114,
          23.8276198
        ]
      },
      "id": "node/12198302818"
    },
    {
      "type": "Feature",
      "properties": {
        "@id": "node/12198302819",
        "access": "private",
        "addr:suburb": "Gudaraghat",
        "amenity": "toilets",
        "capacity:persons": "4",
        "name": "Mirpur Arban Community Empowerment Project on Sanitation Management",
        "source": "DhakaThrive_Survey",
        "toilets:disposal": "pitlatrine",
        "toilets:handwashing": "no",
        "unisex": "yes"
      },
      "geometry": {
        "type": "Point",
        "coordinates": [
          90.3778349,
          23.8275222
        ]
      },
      "id": "node/12198302819"
    },
    {
      "type": "Feature",
      "properties": {
        "@id": "node/12198302820",
        "access": "private",
        "addr:suburb": "Gudaraghat",
        "amenity": "toilets",
        "capacity:persons": "1",
        "shower": "yes",
        "source": "DhakaThrive_Survey",
        "toilets:disposal": "pitlatrine",
        "unisex": "yes"
      },
      "geometry": {
        "type": "Point",
        "coordinates": [
          90.3777499,
          23.8275998
        ]
      },
      "id": "node/12198302820"
    },
    {
      "type": "Feature",
      "properties": {
        "@id": "node/12198302821",
        "access": "yes",
        "addr:suburb": "Gudaraghat",
        "amenity": "toilets",
        "capacity:persons": "2",
        "name": "Community toilet",
        "source": "DhakaThrive_Survey",
        "toilets:disposal": "pitlatrine",
        "unisex": "yes"
      },
      "geometry": {
        "type": "Point",
        "coordinates": [
          90.3775597,
          23.827313
        ]
      },
      "id": "node/12198302821"
    },
    {
      "type": "Feature",
      "properties": {
        "@id": "node/12198302824",
        "access": "yes",
        "addr:suburb": "Gudaraghat",
        "amenity": "toilets",
        "capacity:persons": "2",
        "shower": "yes",
        "source": "DhakaThrive_Survey",
        "toilets:disposal": "pitlatrine",
        "unisex": "yes"
      },
      "geometry": {
        "type": "Point",
        "coordinates": [
          90.3782386,
          23.8275189
        ]
      },
      "id": "node/12198302824"
    },
    {
      "type": "Feature",
      "properties": {
        "@id": "node/12198302826",
        "access": "yes",
        "addr:suburb": "Gudaraghat",
        "amenity": "toilets",
        "capacity:persons": "2",
        "shower": "yes",
        "source": "DhakaThrive_Survey",
        "toilets:disposal": "pitlatrine",
        "toilets:handwashing": "no",
        "unisex": "yes"
      },
      "geometry": {
        "type": "Point",
        "coordinates": [
          90.3785947,
          23.8270088
        ]
      },
      "id": "node/12198302826"
    },
    {
      "type": "Feature",
      "properties": {
        "@id": "node/12198302828",
        "access": "yes",
        "addr:suburb": "Gudaraghat",
        "amenity": "toilets",
        "capacity:persons": "1",
        "shower": "yes",
        "source": "DhakaThrive_Survey",
        "toilets:disposal": "pitlatrine",
        "toilets:handwashing": "no",
        "unisex": "yes"
      },
      "geometry": {
        "type": "Point",
        "coordinates": [
          90.3782987,
          23.8273572
        ]
      },
      "id": "node/12198302828"
    },
    {
      "type": "Feature",
      "properties": {
        "@id": "node/12198302830",
        "access": "yes",
        "addr:suburb": "Gudaraghat",
        "amenity": "toilets",
        "capacity:persons": "2",
        "name": "Manobik Dhaka Society",
        "source": "DhakaThrive_Survey",
        "toilets:disposal": "pitlatrine",
        "unisex": "yes"
      },
      "geometry": {
        "type": "Point",
        "coordinates": [
          90.3782955,
          23.8274171
        ]
      },
      "id": "node/12198302830"
    },
    {
      "type": "Feature",
      "properties": {
        "@id": "node/12198302831",
        "access": "private",
        "addr:suburb": "Gudaraghat",
        "amenity": "toilets",
        "capacity:persons": "1",
        "shower": "yes",
        "source": "DhakaThrive_Survey",
        "toilets:disposal": "pitlatrine",
        "unisex": "yes"
      },
      "geometry": {
        "type": "Point",
        "coordinates": [
          90.3781157,
          23.827402
        ]
      },
      "id": "node/12198302831"
    },
    {
      "type": "Feature",
      "properties": {
        "@id": "node/12198302833",
        "access": "yes",
        "addr:suburb": "Gudaraghat",
        "amenity": "toilets",
        "capacity:persons": "8",
        "shower": "yes",
        "source": "DhakaThrive_Survey",
        "toilets:disposal": "pitlatrine",
        "unisex": "yes"
      },
      "geometry": {
        "type": "Point",
        "coordinates": [
          90.3779212,
          23.827609
        ]
      },
      "id": "node/12198302833"
    },
    {
      "type": "Feature",
      "properties": {
        "@id": "node/12198302834",
        "access": "yes",
        "addr:suburb": "Gudaraghat",
        "amenity": "toilets",
        "capacity:persons": "3",
        "shower": "yes",
        "source": "DhakaThrive_Survey",
        "toilets:disposal": "pitlatrine",
        "unisex": "yes"
      },
      "geometry": {
        "type": "Point",
        "coordinates": [
          90.3778335,
          23.8275805
        ]
      },
      "id": "node/12198302834"
    },
    {
      "type": "Feature",
      "properties": {
        "@id": "node/12198360345",
        "addr:suburb": "Millat Camp",
        "amenity": "toilets",
        "capacity:persons": "8",
        "male": "yes",
        "name": "Community Toilet",
        "source": "DhakaThrive_Survey",
        "toilets:disposal": "pitlatrine",
        "toilets:handwashing": "yes"
      },
      "geometry": {
        "type": "Point",
        "coordinates": [
          90.3686508,
          23.8196034
        ]
      },
      "id": "node/12198360345"
    },
    {
      "type": "Feature",
      "properties": {
        "@id": "node/12198360347",
        "access": "yes",
        "addr:suburb": "Millat Camp",
        "amenity": "toilets",
        "capacity:persons": "8",
        "female": "yes",
        "name": "Community Toilet",
        "source": "DhakaThrive_Survey",
        "toilets:disposal": "pitlatrine",
        "toilets:handwashing": "yes"
      },
      "geometry": {
        "type": "Point",
        "coordinates": [
          90.3686414,
          23.8197668
        ]
      },
      "id": "node/12198360347"
    },
    {
      "type": "Feature",
      "properties": {
        "@id": "node/12198360348",
        "access": "yes",
        "addr:suburb": "Millat Camp",
        "amenity": "toilets",
        "capacity:persons": "8",
        "name": "Community Toilet",
        "shower": "yes",
        "source": "DhakaThrive_Survey",
        "toilets:disposal": "pitlatrine",
        "toilets:handwashing": "yes",
        "unisex": "yes"
      },
      "geometry": {
        "type": "Point",
        "coordinates": [
          90.3687056,
          23.8197663
        ]
      },
      "id": "node/12198360348"
    },
    {
      "type": "Feature",
      "properties": {
        "@id": "node/12198377154",
        "access": "yes",
        "addr:suburb": "Talab Camp",
        "amenity": "toilets",
        "capacity:persons": "1",
        "name": "1 Kokkho Bishishto Community Toilet Nirman",
        "source": "DhakaThrive_Survey",
        "toilets:disposal": "pitlatrine",
        "toilets:handwashing": "yes",
        "unisex": "yes"
      },
      "geometry": {
        "type": "Point",
        "coordinates": [
          90.3703545,
          23.8176737
        ]
      },
      "id": "node/12198377154"
    },
    {
      "type": "Feature",
      "properties": {
        "@id": "node/12198377155",
        "access": "yes",
        "addr:suburb": "Talab Camp",
        "amenity": "toilets",
        "capacity:persons": "7",
        "male": "yes",
        "name": "Friends of Humanity",
        "source": "DhakaThrive_Survey",
        "toilets:disposal": "pitlatrine",
        "toilets:handwashing": "yes"
      },
      "geometry": {
        "type": "Point",
        "coordinates": [
          90.3698253,
          23.8178208
        ]
      },
      "id": "node/12198377155"
    },
    {
      "type": "Feature",
      "properties": {
        "@id": "node/12198377156",
        "access": "yes",
        "addr:suburb": "Talab Camp",
        "amenity": "toilets",
        "capacity:persons": "7",
        "female": "yes",
        "name": "Friends of Humanity",
        "source": "DhakaThrive_Survey",
        "toilets:disposal": "pitlatrine",
        "toilets:handwashing": "yes"
      },
      "geometry": {
        "type": "Point",
        "coordinates": [
          90.3698225,
          23.8178606
        ]
      },
      "id": "node/12198377156"
    },
    {
      "type": "Feature",
      "properties": {
        "@id": "node/12198377160",
        "access": "yes",
        "addr:suburb": "Talab Camp",
        "amenity": "toilets",
        "capacity:persons": "4",
        "name": "KAAP Sanitation",
        "shower": "yes",
        "source": "DhakaThrive_Survey",
        "toilets:disposal": "pitlatrine",
        "toilets:handwashing": "yes",
        "unisex": "yes"
      },
      "geometry": {
        "type": "Point",
        "coordinates": [
          90.3699525,
          23.8184297
        ]
      },
      "id": "node/12198377160"
    },
    {
      "type": "Feature",
      "properties": {
        "@id": "node/12198486248",
        "access": "yes",
        "addr:suburb": "Tekerbari",
        "amenity": "toilets",
        "capacity:persons": "2",
        "name": "Habitat for Humanity Bangladesh",
        "source": "DhakaThrive_Survey",
        "toilets:disposal": "pitlatrine",
        "toilets:handwashing": "yes",
        "unisex": "yes"
      },
      "geometry": {
        "type": "Point",
        "coordinates": [
          90.3735721,
          23.83048
        ]
      },
      "id": "node/12198486248"
    },
    {
      "type": "Feature",
      "properties": {
        "@id": "node/12198486249",
        "access": "yes",
        "addr:suburb": "Tekerbari",
        "amenity": "toilets",
        "capacity:persons": "1",
        "name": "Mirpur Urban Community Empowerment Project on Waste and Sanitation Management",
        "shower": "yes",
        "source": "DhakaThrive_Survey",
        "toilets:disposal": "pitlatrine",
        "toilets:handwashing": "yes",
        "unisex": "yes"
      },
      "geometry": {
        "type": "Point",
        "coordinates": [
          90.3735586,
          23.8304894
        ]
      },
      "id": "node/12198486249"
    },
    {
      "type": "Feature",
      "properties": {
        "@id": "node/12198486251",
        "access": "yes",
        "addr:suburb": "Tekerbari",
        "amenity": "toilets",
        "capacity:persons": "4",
        "name": "Mirpur Urban Community Empowerment Project on Waste and Sanitation Management",
        "shower": "yes",
        "source": "DhakaThrive_Survey",
        "toilets:disposal": "pitlatrine",
        "toilets:handwashing": "yes",
        "unisex": "yes"
      },
      "geometry": {
        "type": "Point",
        "coordinates": [
          90.3736968,
          23.8307281
        ]
      },
      "id": "node/12198486251"
    },
    {
      "type": "Feature",
      "properties": {
        "@id": "node/12198486253",
        "access": "yes",
        "addr:suburb": "Tekerbari",
        "amenity": "toilets",
        "capacity:persons": "1",
        "name": "Mirpur Urban Community Empowerment Project on Waste and Sanitation Management",
        "source": "DhakaThrive_Survey",
        "toilets:disposal": "pitlatrine",
        "toilets:handwashing": "yes",
        "unisex": "yes"
      },
      "geometry": {
        "type": "Point",
        "coordinates": [
          90.3731488,
          23.8304848
        ]
      },
      "id": "node/12198486253"
    },
    {
      "type": "Feature",
      "properties": {
        "@id": "node/12198486254",
        "access": "yes",
        "addr:suburb": "Tekerbari",
        "amenity": "toilets",
        "capacity:persons": "2",
        "name": "Mirpur Urban Community Empowerment Project on Waste and Sanitation Management",
        "source": "DhakaThrive_Survey",
        "toilets:disposal": "pitlatrine",
        "toilets:handwashing": "yes",
        "unisex": "yes"
      },
      "geometry": {
        "type": "Point",
        "coordinates": [
          90.3730546,
          23.8302353
        ]
      },
      "id": "node/12198486254"
    },
    {
      "type": "Feature",
      "properties": {
        "@id": "node/12198486258",
        "access": "yes",
        "addr:suburb": "Tekerbari",
        "amenity": "toilets",
        "capacity:persons": "3",
        "name": "BRAC Sanitation",
        "shower": "yes",
        "source": "DhakaThrive_Survey",
        "toilets:disposal": "pitlatrine",
        "toilets:handwashing": "no",
        "unisex": "yes"
      },
      "geometry": {
        "type": "Point",
        "coordinates": [
          90.3735762,
          23.8300592
        ]
      },
      "id": "node/12198486258"
    },
    {
      "type": "Feature",
      "properties": {
        "@id": "node/12198486259",
        "access": "yes",
        "addr:suburb": "Tekerbari",
        "amenity": "toilets",
        "capacity:persons": "3",
        "name": "Mirpur Urban Community Empowerment Project on Waste and Sanitation Management",
        "source": "DhakaThrive_Survey",
        "toilets:disposal": "pitlatrine",
        "toilets:handwashing": "yes",
        "unisex": "yes"
      },
      "geometry": {
        "type": "Point",
        "coordinates": [
          90.3737012,
          23.8305688
        ]
      },
      "id": "node/12198486259"
    },
    {
      "type": "Feature",
      "properties": {
        "@id": "node/12198486260",
        "access": "yes",
        "addr:suburb": "Tekerbari",
        "amenity": "toilets",
        "capacity:persons": "1",
        "name": "Brac Sanitation",
        "shower": "yes",
        "source": "DhakaThrive_Survey",
        "toilets:disposal": "pitlatrine",
        "toilets:handwashing": "yes",
        "unisex": "yes"
      },
      "geometry": {
        "type": "Point",
        "coordinates": [
          90.3741485,
          23.8309136
        ]
      },
      "id": "node/12198486260"
    },
    {
      "type": "Feature",
      "properties": {
        "@id": "node/12198486261",
        "access": "yes",
        "addr:suburb": "Tekerbari",
        "amenity": "toilets",
        "capacity:persons": "4",
        "name": "Brac Sanitation",
        "shower": "yes",
        "source": "DhakaThrive_Survey",
        "toilets:disposal": "pitlatrine",
        "toilets:handwashing": "yes",
        "unisex": "yes"
      },
      "geometry": {
        "type": "Point",
        "coordinates": [
          90.373774,
          23.8309039
        ]
      },
      "id": "node/12198486261"
    },
    {
      "type": "Feature",
      "properties": {
        "@id": "node/12198486262",
        "access": "yes",
        "addr:suburb": "Tekerbari",
        "amenity": "toilets",
        "capacity:persons": "2",
        "name": "Mirpur Urban Community Empowerment Project on Waste and Sanitation Management",
        "source": "DhakaThrive_Survey",
        "toilets:disposal": "pitlatrine",
        "toilets:handwashing": "no",
        "unisex": "yes"
      },
      "geometry": {
        "type": "Point",
        "coordinates": [
          90.3738133,
          23.8309455
        ]
      },
      "id": "node/12198486262"
    },
    {
      "type": "Feature",
      "properties": {
        "@id": "node/12198486263",
        "access": "yes",
        "addr:suburb": "Tekerbari",
        "amenity": "toilets",
        "capacity:persons": "1",
        "name": "Mirpur Urban Community Empowerment Project on Waste and Sanitation Management",
        "source": "DhakaThrive_Survey",
        "toilets:disposal": "pitlatrine",
        "toilets:handwashing": "no",
        "unisex": "yes"
      },
      "geometry": {
        "type": "Point",
        "coordinates": [
          90.3739037,
          23.8308689
        ]
      },
      "id": "node/12198486263"
    },
    {
      "type": "Feature",
      "properties": {
        "@id": "node/12198486264",
        "access": "yes",
        "addr:suburb": "Tekerbari",
        "amenity": "toilets",
        "capacity:persons": "2",
        "name": "Habitat for Humanity Sanitation",
        "source": "DhakaThrive_Survey",
        "toilets:disposal": "pitlatrine",
        "toilets:handwashing": "no",
        "unisex": "yes"
      },
      "geometry": {
        "type": "Point",
        "coordinates": [
          90.3738535,
          23.8309972
        ]
      },
      "id": "node/12198486264"
    },
    {
      "type": "Feature",
      "properties": {
        "@id": "node/12198486266",
        "access": "yes",
        "addr:suburb": "Tekerbari",
        "amenity": "toilets",
        "capacity:persons": "1",
        "name": "Mirpur Urban Community Empowerment Project on Waste and Sanitation Management",
        "shower": "yes",
        "source": "DhakaThrive_Survey",
        "toilets:disposal": "pitlatrine",
        "toilets:handwashing": "yes",
        "unisex": "yes"
      },
      "geometry": {
        "type": "Point",
        "coordinates": [
          90.3734367,
          23.830265
        ]
      },
      "id": "node/12198486266"
    },
    {
      "type": "Feature",
      "properties": {
        "@id": "node/12198486268",
        "access": "yes",
        "addr:suburb": "Tekerbari",
        "amenity": "toilets",
        "capacity:persons": "4",
        "name": "Mirpur Urban Community Empowerment Project on Waste and Sanitation Management",
        "shower": "yes",
        "source": "DhakaThrive_Survey",
        "toilets:disposal": "pitlatrine",
        "toilets:handwashing": "yes",
        "unisex": "yes"
      },
      "geometry": {
        "type": "Point",
        "coordinates": [
          90.3732463,
          23.8309675
        ]
      },
      "id": "node/12198486268"
    },
    {
      "type": "Feature",
      "properties": {
        "@id": "node/12198486270",
        "access": "yes",
        "addr:suburb": "Tekerbari",
        "amenity": "toilets",
        "capacity:persons": "2",
        "name": "Mirpur Urban Community Empowerment Project on Waste and Sanitation Management",
        "shower": "yes",
        "source": "DhakaThrive_Survey",
        "toilets:disposal": "pitlatrine",
        "toilets:handwashing": "yes",
        "unisex": "yes"
      },
      "geometry": {
        "type": "Point",
        "coordinates": [
          90.3728814,
          23.8307049
        ]
      },
      "id": "node/12198486270"
    },
    {
      "type": "Feature",
      "properties": {
        "@id": "node/12198486271",
        "access": "yes",
        "addr:suburb": "Tekerbari",
        "amenity": "toilets",
        "capacity:persons": "2",
        "name": "Mirpur Urban Community Empowerment Project on Waste and Sanitation Management",
        "source": "DhakaThrive_Survey",
        "toilets:disposal": "pitlatrine",
        "toilets:handwashing": "no",
        "unisex": "yes"
      },
      "geometry": {
        "type": "Point",
        "coordinates": [
          90.3731994,
          23.830854
        ]
      },
      "id": "node/12198486271"
    },
    {
      "type": "Feature",
      "properties": {
        "@id": "node/12198486272",
        "access": "yes",
        "addr:suburb": "Tekerbari",
        "amenity": "toilets",
        "capacity:persons": "2",
        "name": "Brac Sanitation",
        "shower": "yes",
        "source": "DhakaThrive_Survey",
        "toilets:disposal": "pitlatrine",
        "toilets:handwashing": "yes",
        "unisex": "yes"
      },
      "geometry": {
        "type": "Point",
        "coordinates": [
          90.373144,
          23.8305863
        ]
      },
      "id": "node/12198486272"
    },
    {
      "type": "Feature",
      "properties": {
        "@id": "node/12198486273",
        "access": "yes",
        "addr:suburb": "Tekerbari",
        "amenity": "toilets",
        "capacity:persons": "2",
        "name": "Habitat for Humanity Sanitation",
        "shower": "yes",
        "source": "DhakaThrive_Survey",
        "toilets:disposal": "pitlatrine",
        "toilets:handwashing": "yes",
        "unisex": "yes"
      },
      "geometry": {
        "type": "Point",
        "coordinates": [
          90.3732853,
          23.829822
        ]
      },
      "id": "node/12198486273"
    },
    {
      "type": "Feature",
      "properties": {
        "@id": "node/12198486275",
        "access": "yes",
        "addr:suburb": "Tekerbari",
        "amenity": "toilets",
        "capacity:persons": "2",
        "name": "Mirpur Urban Community Empowerment Project on Waste and Sanitation Management",
        "source": "DhakaThrive_Survey",
        "toilets:disposal": "pitlatrine",
        "toilets:handwashing": "no",
        "unisex": "yes"
      },
      "geometry": {
        "type": "Point",
        "coordinates": [
          90.3730675,
          23.8300186
        ]
      },
      "id": "node/12198486275"
    },
    {
      "type": "Feature",
      "properties": {
        "@id": "node/12198486276",
        "access": "yes",
        "addr:suburb": "Tekerbari",
        "amenity": "toilets",
        "capacity:persons": "2",
        "name": "Mirpur Urban Community Empowerment Project on Waste and Sanitation Management",
        "shower": "yes",
        "source": "DhakaThrive_Survey",
        "toilets:disposal": "pitlatrine",
        "toilets:handwashing": "yes",
        "unisex": "yes"
      },
      "geometry": {
        "type": "Point",
        "coordinates": [
          90.3729389,
          23.8300568
        ]
      },
      "id": "node/12198486276"
    },
    {
      "type": "Feature",
      "properties": {
        "@id": "node/12198486277",
        "access": "yes",
        "addr:suburb": "Tekerbari",
        "amenity": "toilets",
        "capacity:persons": "2",
        "name": "Habitat for Humanity",
        "source": "DhakaThrive_Survey",
        "toilets:disposal": "pitlatrine",
        "toilets:handwashing": "no",
        "unisex": "yes"
      },
      "geometry": {
        "type": "Point",
        "coordinates": [
          90.3728657,
          23.8302642
        ]
      },
      "id": "node/12198486277"
    },
    {
      "type": "Feature",
      "properties": {
        "@id": "node/12198486278",
        "access": "yes",
        "addr:suburb": "Tekerbari",
        "amenity": "toilets",
        "capacity:persons": "2",
        "name": "Mirpur Urban Community Empowerment Project on Waste and Sanitation Management",
        "shower": "yes",
        "source": "DhakaThrive_Survey",
        "toilets:disposal": "pitlatrine",
        "toilets:handwashing": "yes",
        "unisex": "yes"
      },
      "geometry": {
        "type": "Point",
        "coordinates": [
          90.3731836,
          23.8301147
        ]
      },
      "id": "node/12198486278"
    },
    {
      "type": "Feature",
      "properties": {
        "@id": "node/12198486279",
        "access": "yes",
        "addr:suburb": "Tekerbari",
        "amenity": "toilets",
        "capacity:persons": "3",
        "name": "Mirpur Urban Community Empowerment Project on Waste and Sanitation Management",
        "shower": "yes",
        "source": "DhakaThrive_Survey",
        "toilets:disposal": "pitlatrine",
        "toilets:handwashing": "yes",
        "unisex": "yes"
      },
      "geometry": {
        "type": "Point",
        "coordinates": [
          90.3731014,
          23.8298885
        ]
      },
      "id": "node/12198486279"
    },
    {
      "type": "Feature",
      "properties": {
        "@id": "node/12198752690",
        "access": "yes",
        "addr:suburb": "Duaripara East",
        "amenity": "toilets",
        "capacity:persons": "3",
        "name": "Dsk Washroom",
        "shower": "yes",
        "source": "DhakaThrive_Survey",
        "toilets:disposal": "pitlatrine",
        "toilets:handwashing": "yes",
        "unisex": "yes"
      },
      "geometry": {
        "type": "Point",
        "coordinates": [
          90.3571573,
          23.8283516
        ]
      },
      "id": "node/12198752690"
    },
    {
      "type": "Feature",
      "properties": {
        "@id": "node/12198752691",
        "access": "yes",
        "addr:suburb": "Duaripara East",
        "amenity": "toilets",
        "capacity:persons": "2",
        "name": "Urban Toilet",
        "source": "DhakaThrive_Survey",
        "toilets:disposal": "pitlatrine",
        "toilets:handwashing": "no",
        "unisex": "yes"
      },
      "geometry": {
        "type": "Point",
        "coordinates": [
          90.3573183,
          23.8281618
        ]
      },
      "id": "node/12198752691"
    },
    {
      "type": "Feature",
      "properties": {
        "@id": "node/12198752693",
        "access": "yes",
        "addr:suburb": "Duaripara East",
        "amenity": "toilets",
        "capacity:persons": "2",
        "name": "2 Kokkho Bishisto Toilet Nirman",
        "source": "DhakaThrive_Survey",
        "toilets:disposal": "pitlatrine",
        "toilets:handwashing": "yes",
        "unisex": "yes"
      },
      "geometry": {
        "type": "Point",
        "coordinates": [
          90.3573029,
          23.8282844
        ]
      },
      "id": "node/12198752693"
    },
    {
      "type": "Feature",
      "properties": {
        "@id": "node/12198752694",
        "access": "yes",
        "addr:suburb": "Duaripara East",
        "amenity": "toilets",
        "capacity:persons": "2",
        "name": "Dsk Toilet",
        "source": "DhakaThrive_Survey",
        "toilets:disposal": "pitlatrine",
        "toilets:handwashing": "no",
        "unisex": "yes"
      },
      "geometry": {
        "type": "Point",
        "coordinates": [
          90.3572118,
          23.8279535
        ]
      },
      "id": "node/12198752694"
    },
    {
      "type": "Feature",
      "properties": {
        "@id": "node/12198752695",
        "access": "yes",
        "addr:suburb": "Duaripara East",
        "amenity": "toilets",
        "capacity:persons": "2",
        "name": "World Vision Toilet",
        "source": "DhakaThrive_Survey",
        "toilets:disposal": "pitlatrine",
        "toilets:handwashing": "yes",
        "unisex": "yes"
      },
      "geometry": {
        "type": "Point",
        "coordinates": [
          90.3576121,
          23.8280665
        ]
      },
      "id": "node/12198752695"
    },
    {
      "type": "Feature",
      "properties": {
        "@id": "node/12198752696",
        "access": "yes",
        "addr:suburb": "Duaripara East",
        "amenity": "toilets",
        "capacity:persons": "3",
        "name": "Dsk Toilet",
        "shower": "yes",
        "source": "DhakaThrive_Survey",
        "toilets:disposal": "pitlatrine",
        "toilets:handwashing": "no",
        "unisex": "yes"
      },
      "geometry": {
        "type": "Point",
        "coordinates": [
          90.3576502,
          23.8282765
        ]
      },
      "id": "node/12198752696"
    },
    {
      "type": "Feature",
      "properties": {
        "@id": "node/12198752697",
        "access": "yes",
        "addr:suburb": "Duaripara East",
        "amenity": "toilets",
        "capacity:persons": "2",
        "name": "Dsk Toilet",
        "source": "DhakaThrive_Survey",
        "toilets:disposal": "pitlatrine",
        "toilets:handwashing": "yes",
        "unisex": "yes"
      },
      "geometry": {
        "type": "Point",
        "coordinates": [
          90.3578189,
          23.8282071
        ]
      },
      "id": "node/12198752697"
    },
    {
      "type": "Feature",
      "properties": {
        "@id": "node/12198752698",
        "access": "yes",
        "addr:suburb": "Duaripara East",
        "amenity": "toilets",
        "capacity:persons": "2",
        "name": "Dsk Toilet",
        "source": "DhakaThrive_Survey",
        "toilets:disposal": "pitlatrine",
        "toilets:handwashing": "yes",
        "unisex": "yes"
      },
      "geometry": {
        "type": "Point",
        "coordinates": [
          90.3578158,
          23.8283046
        ]
      },
      "id": "node/12198752698"
    },
    {
      "type": "Feature",
      "properties": {
        "@id": "node/12198752699",
        "access": "yes",
        "addr:suburb": "Duaripara East",
        "amenity": "toilets",
        "capacity:persons": "2",
        "name": "DSK Community Water Point and Toilet",
        "source": "DhakaThrive_Survey",
        "toilets:disposal": "pitlatrine",
        "toilets:handwashing": "yes",
        "unisex": "yes"
      },
      "geometry": {
        "type": "Point",
        "coordinates": [
          90.3582356,
          23.8286118
        ]
      },
      "id": "node/12198752699"
    },
    {
      "type": "Feature",
      "properties": {
        "@id": "node/12198821902",
        "access": "yes",
        "addr:suburb": "Duaripara East",
        "amenity": "toilets",
        "capacity:persons": "2",
        "name": "World Vision Community Latrine",
        "shower": "yes",
        "source": "DhakaThrive_Survey",
        "toilets:disposal": "pitlatrine",
        "toilets:handwashing": "yes",
        "unisex": "yes"
      },
      "geometry": {
        "type": "Point",
        "coordinates": [
          90.358274,
          23.8284824
        ]
      },
      "id": "node/12198821902"
    },
    {
      "type": "Feature",
      "properties": {
        "@id": "node/12198821906",
        "access": "yes",
        "addr:suburb": "Duaripara East",
        "amenity": "toilets",
        "capacity:persons": "2",
        "name": "DSK Community Toilet Revunation",
        "source": "DhakaThrive_Survey",
        "toilets:disposal": "pitlatrine",
        "toilets:handwashing": "yes",
        "unisex": "yes"
      },
      "geometry": {
        "type": "Point",
        "coordinates": [
          90.3587,
          23.8268895
        ]
      },
      "id": "node/12198821906"
    },
    {
      "type": "Feature",
      "properties": {
        "@id": "node/12198821911",
        "access": "yes",
        "addr:suburb": "Duaripara East",
        "amenity": "toilets",
        "capacity:persons": "2",
        "name": "Mirpur Urban Community Empowerment Project on Waste and Sanitation Management",
        "shower": "yes",
        "source": "DhakaThrive_Survey",
        "toilets:disposal": "pitlatrine",
        "toilets:handwashing": "yes",
        "unisex": "yes"
      },
      "geometry": {
        "type": "Point",
        "coordinates": [
          90.357296,
          23.8270561
        ]
      },
      "id": "node/12198821911"
    },
    {
      "type": "Feature",
      "properties": {
        "@id": "node/12198821912",
        "access": "yes",
        "addr:suburb": "Duaripara East",
        "amenity": "toilets",
        "capacity:persons": "2",
        "name": "Brac Urban Development Programme",
        "shower": "yes",
        "source": "DhakaThrive_Survey",
        "toilets:disposal": "pitlatrine",
        "toilets:handwashing": "yes",
        "unisex": "yes"
      },
      "geometry": {
        "type": "Point",
        "coordinates": [
          90.3571954,
          23.8274286
        ]
      },
      "id": "node/12198821912"
    },
    {
      "type": "Feature",
      "properties": {
        "@id": "node/12198821917",
        "access": "yes",
        "addr:suburb": "Duaripara East",
        "amenity": "toilets",
        "capacity:persons": "2",
        "name": "World Vision Toilet",
        "source": "DhakaThrive_Survey",
        "toilets:disposal": "pitlatrine",
        "toilets:handwashing": "yes",
        "unisex": "yes"
      },
      "geometry": {
        "type": "Point",
        "coordinates": [
          90.3576379,
          23.8284117
        ]
      },
      "id": "node/12198821917"
    },
    {
      "type": "Feature",
      "properties": {
        "@id": "node/12198821919",
        "access": "yes",
        "addr:suburb": "Duaripara East",
        "amenity": "toilets",
        "capacity:persons": "2",
        "name": "World Vision Sanitation",
        "shower": "yes",
        "source": "DhakaThrive_Survey",
        "toilets:disposal": "pitlatrine",
        "toilets:handwashing": "yes",
        "unisex": "yes"
      },
      "geometry": {
        "type": "Point",
        "coordinates": [
          90.3579148,
          23.8285845
        ]
      },
      "id": "node/12198821919"
    },
    {
      "type": "Feature",
      "properties": {
        "@id": "node/12198821921",
        "access": "yes",
        "addr:suburb": "Duaripara East",
        "amenity": "toilets",
        "capacity:persons": "3",
        "name": "DSK Sanitation",
        "shower": "yes",
        "source": "DhakaThrive_Survey",
        "toilets:disposal": "pitlatrine",
        "toilets:handwashing": "yes",
        "unisex": "yes"
      },
      "geometry": {
        "type": "Point",
        "coordinates": [
          90.3578061,
          23.8285482
        ]
      },
      "id": "node/12198821921"
    },
    {
      "type": "Feature",
      "properties": {
        "@id": "node/12198821923",
        "access": "yes",
        "addr:suburb": "Duaripara East",
        "amenity": "toilets",
        "capacity:persons": "3",
        "name": "World Vision Sanitation",
        "shower": "yes",
        "source": "DhakaThrive_Survey",
        "toilets:disposal": "pitlatrine",
        "toilets:handwashing": "yes",
        "unisex": "yes"
      },
      "geometry": {
        "type": "Point",
        "coordinates": [
          90.3581572,
          23.8283834
        ]
      },
      "id": "node/12198821923"
    },
    {
      "type": "Feature",
      "properties": {
        "@id": "node/12198821925",
        "access": "yes",
        "addr:suburb": "Duaripara East",
        "amenity": "toilets",
        "capacity:persons": "2",
        "name": "DSK Sanitation",
        "source": "DhakaThrive_Survey",
        "toilets:disposal": "pitlatrine",
        "toilets:handwashing": "yes",
        "unisex": "yes"
      },
      "geometry": {
        "type": "Point",
        "coordinates": [
          90.3576266,
          23.8276805
        ]
      },
      "id": "node/12198821925"
    },
    {
      "type": "Feature",
      "properties": {
        "@id": "node/12198821929",
        "access": "yes",
        "addr:suburb": "Duaripara East",
        "amenity": "toilets",
        "capacity:persons": "1",
        "source": "DhakaThrive_Survey",
        "toilets:disposal": "pitlatrine",
        "toilets:handwashing": "yes",
        "unisex": "yes"
      },
      "geometry": {
        "type": "Point",
        "coordinates": [
          90.357263,
          23.826762
        ]
      },
      "id": "node/12198821929"
    },
    {
      "type": "Feature",
      "properties": {
        "@id": "node/12198821935",
        "access": "yes",
        "addr:suburb": "Duaripara East",
        "amenity": "toilets",
        "capacity:persons": "2",
        "name": "Mirpur Urban Community Empowerment Project on Waste and Sanitation Management",
        "source": "DhakaThrive_Survey",
        "toilets:disposal": "pitlatrine",
        "toilets:handwashing": "no",
        "unisex": "yes"
      },
      "geometry": {
        "type": "Point",
        "coordinates": [
          90.3568931,
          23.8289809
        ]
      },
      "id": "node/12198821935"
    },
    {
      "type": "Feature",
      "properties": {
        "@id": "node/12198821939",
        "access": "yes",
        "addr:suburb": "Duaripara East",
        "amenity": "toilets",
        "capacity:persons": "2",
        "name": "Community Water Toilet",
        "shower": "yes",
        "source": "DhakaThrive_Survey",
        "toilets:disposal": "pitlatrine",
        "toilets:handwashing": "yes",
        "unisex": "yes"
      },
      "geometry": {
        "type": "Point",
        "coordinates": [
          90.3586218,
          23.8286323
        ]
      },
      "id": "node/12198821939"
    },
    {
      "type": "Feature",
      "properties": {
        "@id": "node/12198821940",
        "access": "yes",
        "addr:suburb": "Duaripara East",
        "amenity": "toilets",
        "capacity:persons": "2",
        "name": "World Vision Sanitation",
        "source": "DhakaThrive_Survey",
        "toilets:disposal": "pitlatrine",
        "toilets:handwashing": "no",
        "unisex": "yes"
      },
      "geometry": {
        "type": "Point",
        "coordinates": [
          90.3582849,
          23.8289149
        ]
      },
      "id": "node/12198821940"
    },
    {
      "type": "Feature",
      "properties": {
        "@id": "node/12198821942",
        "access": "yes",
        "addr:suburb": "Duaripara East",
        "amenity": "toilets",
        "capacity:persons": "2",
        "name": "World Vision Sanitation",
        "source": "DhakaThrive_Survey",
        "toilets:disposal": "pitlatrine",
        "toilets:handwashing": "yes",
        "unisex": "yes"
      },
      "geometry": {
        "type": "Point",
        "coordinates": [
          90.3580465,
          23.8287494
        ]
      },
      "id": "node/12198821942"
    },
    {
      "type": "Feature",
      "properties": {
        "@id": "node/12198821943",
        "access": "yes",
        "addr:suburb": "Duaripara East",
        "amenity": "toilets",
        "capacity:persons": "2",
        "name": "World Vision Sanitation",
        "source": "DhakaThrive_Survey",
        "toilets:disposal": "pitlatrine",
        "toilets:handwashing": "no",
        "unisex": "yes"
      },
      "geometry": {
        "type": "Point",
        "coordinates": [
          90.3579524,
          23.8287362
        ]
      },
      "id": "node/12198821943"
    },
    {
      "type": "Feature",
      "properties": {
        "@id": "node/12198821949",
        "access": "yes",
        "addr:suburb": "Duaripara East",
        "amenity": "toilets",
        "capacity:persons": "2",
        "name": "World Vision Sanitation",
        "source": "DhakaThrive_Survey",
        "toilets:disposal": "pitlatrine",
        "toilets:handwashing": "no",
        "unisex": "yes"
      },
      "geometry": {
        "type": "Point",
        "coordinates": [
          90.3579605,
          23.8274647
        ]
      },
      "id": "node/12198821949"
    },
    {
      "type": "Feature",
      "properties": {
        "@id": "node/12198821950",
        "access": "yes",
        "addr:suburb": "Duaripara East",
        "amenity": "toilets",
        "capacity:persons": "2",
        "name": "2 Kokkho Bishishto Toilet",
        "source": "DhakaThrive_Survey",
        "toilets:disposal": "pitlatrine",
        "toilets:handwashing": "no",
        "unisex": "yes"
      },
      "geometry": {
        "type": "Point",
        "coordinates": [
          90.3578856,
          23.8271879
        ]
      },
      "id": "node/12198821950"
    },
    {
      "type": "Feature",
      "properties": {
        "@id": "node/12198821952",
        "access": "yes",
        "addr:suburb": "Duaripara East",
        "amenity": "toilets",
        "capacity:persons": "2",
        "name": "Urban Sanitation",
        "source": "DhakaThrive_Survey",
        "toilets:disposal": "pitlatrine",
        "toilets:handwashing": "no",
        "unisex": "yes"
      },
      "geometry": {
        "type": "Point",
        "coordinates": [
          90.3579237,
          23.827002
        ]
      },
      "id": "node/12198821952"
    },
    {
      "type": "Feature",
      "properties": {
        "@id": "node/12198821953",
        "access": "yes",
        "addr:suburb": "Duaripara East",
        "amenity": "toilets",
        "capacity:persons": "1",
        "name": "CDC Sanitation",
        "shower": "yes",
        "source": "DhakaThrive_Survey",
        "toilets:disposal": "pitlatrine",
        "toilets:handwashing": "yes",
        "unisex": "yes"
      },
      "geometry": {
        "type": "Point",
        "coordinates": [
          90.3580097,
          23.8270745
        ]
      },
      "id": "node/12198821953"
    },
    {
      "type": "Feature",
      "properties": {
        "@id": "node/12198821974",
        "access": "yes",
        "addr:suburb": "Shah Poran Slum",
        "amenity": "toilets",
        "capacity:persons": "2",
        "shower": "yes",
        "source": "DhakaThrive_Survey",
        "toilets:disposal": "pitlatrine",
        "toilets:handwashing": "no",
        "unisex": "yes"
      },
      "geometry": {
        "type": "Point",
        "coordinates": [
          90.3780448,
          23.8253622
        ]
      },
      "id": "node/12198821974"
    },
    {
      "type": "Feature",
      "properties": {
        "@id": "node/12198821977",
        "access": "yes",
        "addr:suburb": "Shah Poran Slum",
        "amenity": "toilets",
        "capacity:persons": "4",
        "name": "Renovating Slum Toilet",
        "source": "DhakaThrive_Survey",
        "toilets:disposal": "pitlatrine",
        "toilets:handwashing": "no",
        "unisex": "yes"
      },
      "geometry": {
        "type": "Point",
        "coordinates": [
          90.3786915,
          23.8250802
        ]
      },
      "id": "node/12198821977"
    },
    {
      "type": "Feature",
      "properties": {
        "@id": "node/12198821978",
        "access": "private",
        "addr:suburb": "Shah Poran Slum",
        "amenity": "toilets",
        "capacity:persons": "1",
        "name": "LIC Washroom",
        "source": "DhakaThrive_Survey",
        "toilets:disposal": "pitlatrine",
        "toilets:handwashing": "yes"
      },
      "geometry": {
        "type": "Point",
        "coordinates": [
          90.3792719,
          23.8251844
        ]
      },
      "id": "node/12198821978"
    },
    {
      "type": "Feature",
      "properties": {
        "@id": "node/12198821980",
        "access": "yes",
        "addr:suburb": "Shah Poran Slum",
        "amenity": "toilets",
        "capacity:persons": "1",
        "name": "WSUP UNICEF",
        "source": "DhakaThrive_Survey",
        "toilets:disposal": "pitlatrine",
        "toilets:handwashing": "yes",
        "unisex": "yes"
      },
      "geometry": {
        "type": "Point",
        "coordinates": [
          90.3798593,
          23.825883
        ]
      },
      "id": "node/12198821980"
    },
    {
      "type": "Feature",
      "properties": {
        "@id": "node/12198821981",
        "access": "yes",
        "addr:suburb": "Shah Poran Slum",
        "amenity": "toilets",
        "capacity:persons": "2",
        "source": "DhakaThrive_Survey",
        "toilets:disposal": "pitlatrine",
        "toilets:handwashing": "yes",
        "unisex": "yes"
      },
      "geometry": {
        "type": "Point",
        "coordinates": [
          90.3778555,
          23.8254181
        ]
      },
      "id": "node/12198821981"
    },
    {
      "type": "Feature",
      "properties": {
        "@id": "node/12198821982",
        "access": "yes",
        "addr:suburb": "Shah Poran Slum",
        "amenity": "toilets",
        "capacity:persons": "2",
        "name": "WSUP UNICEF",
        "source": "DhakaThrive_Survey",
        "toilets:disposal": "pitlatrine",
        "toilets:handwashing": "yes",
        "unisex": "yes"
      },
      "geometry": {
        "type": "Point",
        "coordinates": [
          90.3798155,
          23.8258329
        ]
      },
      "id": "node/12198821982"
    },
    {
      "type": "Feature",
      "properties": {
        "@id": "node/12198821983",
        "access": "yes",
        "addr:suburb": "Shah Poran Slum",
        "amenity": "toilets",
        "capacity:persons": "1",
        "name": "Mirpur Urban Community Empowerment Project on Sanitation Management",
        "source": "DhakaThrive_Survey",
        "toilets:disposal": "pitlatrine",
        "toilets:handwashing": "yes",
        "unisex": "yes"
      },
      "geometry": {
        "type": "Point",
        "coordinates": [
          90.3785113,
          23.8259467
        ]
      },
      "id": "node/12198821983"
    },
    {
      "type": "Feature",
      "properties": {
        "@id": "node/12198821985",
        "access": "yes",
        "addr:suburb": "Shah Poran Slum",
        "amenity": "toilets",
        "capacity:persons": "2",
        "source": "DhakaThrive_Survey",
        "toilets:disposal": "pitlatrine",
        "toilets:handwashing": "yes",
        "unisex": "yes"
      },
      "geometry": {
        "type": "Point",
        "coordinates": [
          90.3781337,
          23.8259052
        ]
      },
      "id": "node/12198821985"
    },
    {
      "type": "Feature",
      "properties": {
        "@id": "node/12198821986",
        "access": "yes",
        "addr:suburb": "Shah Poran Slum",
        "amenity": "toilets",
        "capacity:persons": "5",
        "source": "DhakaThrive_Survey",
        "toilets:disposal": "pitlatrine",
        "toilets:handwashing": "yes",
        "unisex": "yes"
      },
      "geometry": {
        "type": "Point",
        "coordinates": [
          90.3780978,
          23.8256548
        ]
      },
      "id": "node/12198821986"
    },
    {
      "type": "Feature",
      "properties": {
        "@id": "node/12198821987",
        "access": "yes",
        "addr:suburb": "Shah Poran Slum",
        "amenity": "toilets",
        "capacity:persons": "2",
        "name": "Mirpur Urban Community Empowerment Project on Sanitation Management",
        "source": "DhakaThrive_Survey",
        "toilets:disposal": "pitlatrine",
        "toilets:handwashing": "yes",
        "unisex": "yes"
      },
      "geometry": {
        "type": "Point",
        "coordinates": [
          90.3784715,
          23.8255228
        ]
      },
      "id": "node/12198821987"
    },
    {
      "type": "Feature",
      "properties": {
        "@id": "node/12198821989",
        "access": "yes",
        "addr:suburb": "Shah Poran Slum",
        "amenity": "toilets",
        "capacity:persons": "1",
        "shower": "yes",
        "source": "DhakaThrive_Survey",
        "toilets:disposal": "pitlatrine",
        "toilets:handwashing": "yes",
        "unisex": "yes"
      },
      "geometry": {
        "type": "Point",
        "coordinates": [
          90.3782032,
          23.8253329
        ]
      },
      "id": "node/12198821989"
    },
    {
      "type": "Feature",
      "properties": {
        "@id": "node/12198821991",
        "access": "yes",
        "addr:suburb": "Shah Poran Slum",
        "amenity": "toilets",
        "capacity:persons": "1",
        "shower": "yes",
        "source": "DhakaThrive_Survey",
        "toilets:disposal": "pitlatrine",
        "toilets:handwashing": "yes",
        "unisex": "yes"
      },
      "geometry": {
        "type": "Point",
        "coordinates": [
          90.378477,
          23.8249022
        ]
      },
      "id": "node/12198821991"
    },
    {
      "type": "Feature",
      "properties": {
        "@id": "node/12198821994",
        "access": "yes",
        "addr:suburb": "Shah Poran Slum",
        "amenity": "toilets",
        "capacity:persons": "2",
        "name": "Mirpur Urban Community Empowerment Project on Waste and Sanitation Management",
        "source": "DhakaThrive_Survey",
        "toilets:disposal": "pitlatrine",
        "toilets:handwashing": "yes",
        "unisex": "yes"
      },
      "geometry": {
        "type": "Point",
        "coordinates": [
          90.378702,
          23.8246603
        ]
      },
      "id": "node/12198821994"
    },
    {
      "type": "Feature",
      "properties": {
        "@id": "node/12198821996",
        "access": "yes",
        "addr:suburb": "Shah Poran Slum",
        "amenity": "toilets",
        "capacity:persons": "2",
        "name": "Mirpur Urban Community Empowerment Project on Waste and Sanitation Management",
        "source": "DhakaThrive_Survey",
        "toilets:disposal": "pitlatrine",
        "toilets:handwashing": "yes",
        "unisex": "yes"
      },
      "geometry": {
        "type": "Point",
        "coordinates": [
          90.3785235,
          23.8246804
        ]
      },
      "id": "node/12198821996"
    },
    {
      "type": "Feature",
      "properties": {
        "@id": "node/12198821997",
        "access": "yes",
        "addr:suburb": "Shah Poran Slum",
        "amenity": "toilets",
        "capacity:persons": "2",
        "name": "Mirpur Urban Community Empowerment Project on Waste and Sanitation Management",
        "shower": "yes",
        "source": "DhakaThrive_Survey",
        "toilets:disposal": "pitlatrine",
        "toilets:handwashing": "yes",
        "unisex": "yes"
      },
      "geometry": {
        "type": "Point",
        "coordinates": [
          90.3785247,
          23.8248474
        ]
      },
      "id": "node/12198821997"
    },
    {
      "type": "Feature",
      "properties": {
        "@id": "node/12198821998",
        "access": "yes",
        "addr:suburb": "Shah Poran Slum",
        "amenity": "toilets",
        "capacity:persons": "1",
        "name": "Mirpur Urban Community Empowerment Project on Waste and Sanitation Management",
        "source": "DhakaThrive_Survey",
        "toilets:disposal": "pitlatrine",
        "toilets:handwashing": "yes",
        "unisex": "yes"
      },
      "geometry": {
        "type": "Point",
        "coordinates": [
          90.3781625,
          23.824826
        ]
      },
      "id": "node/12198821998"
    },
    {
      "type": "Feature",
      "properties": {
        "@id": "node/12198821999",
        "access": "yes",
        "addr:suburb": "Shah Poran Slum",
        "amenity": "toilets",
        "capacity:persons": "1",
        "name": "Mirpur Urban Community Empowerment Project on Waste and Sanitation Management",
        "shower": "yes",
        "source": "DhakaThrive_Survey",
        "toilets:disposal": "pitlatrine",
        "toilets:handwashing": "yes",
        "unisex": "yes"
      },
      "geometry": {
        "type": "Point",
        "coordinates": [
          90.3782962,
          23.8247909
        ]
      },
      "id": "node/12198821999"
    },
    {
      "type": "Feature",
      "properties": {
        "@id": "node/12198822000",
        "access": "yes",
        "addr:suburb": "Shah Poran Slum",
        "amenity": "toilets",
        "capacity:persons": "2",
        "name": "Mirpur Urban Community Empowerment Project on Sanitation Management",
        "shower": "yes",
        "source": "DhakaThrive_Survey",
        "toilets:disposal": "pitlatrine",
        "toilets:handwashing": "yes",
        "unisex": "yes"
      },
      "geometry": {
        "type": "Point",
        "coordinates": [
          90.3784471,
          23.8252526
        ]
      },
      "id": "node/12198822000"
    },
    {
      "type": "Feature",
      "properties": {
        "@id": "node/12198833002",
        "access": "yes",
        "addr:suburb": "Shah Poran Slum",
        "amenity": "toilets",
        "capacity:persons": "2",
        "name": "Mirpur Urban Community Empowerment Project on Waste and Sanitation Management",
        "shower": "yes",
        "source": "DhakaThrive_Survey",
        "toilets:disposal": "pitlatrine",
        "toilets:handwashing": "yes",
        "unisex": "yes"
      },
      "geometry": {
        "type": "Point",
        "coordinates": [
          90.3785773,
          23.8249471
        ]
      },
      "id": "node/12198833002"
    },
    {
      "type": "Feature",
      "properties": {
        "@id": "node/12198833003",
        "access": "yes",
        "addr:suburb": "Shah Poran Slum",
        "amenity": "toilets",
        "capacity:persons": "4",
        "name": "APC Project Unicef",
        "shower": "yes",
        "source": "DhakaThrive_Survey",
        "toilets:disposal": "pitlatrine",
        "toilets:handwashing": "yes",
        "unisex": "yes"
      },
      "geometry": {
        "type": "Point",
        "coordinates": [
          90.3786441,
          23.8250754
        ]
      },
      "id": "node/12198833003"
    },
    {
      "type": "Feature",
      "properties": {
        "@id": "node/12198833004",
        "access": "yes",
        "addr:suburb": "Shah Poran Slum",
        "amenity": "toilets",
        "capacity:persons": "2",
        "name": "Mirpur Urban Uommunity Empowerment Project on Sanitation Management",
        "source": "DhakaThrive_Survey",
        "toilets:disposal": "pitlatrine",
        "toilets:handwashing": "yes",
        "unisex": "yes"
      },
      "geometry": {
        "type": "Point",
        "coordinates": [
          90.3788552,
          23.8249316
        ]
      },
      "id": "node/12198833004"
    },
    {
      "type": "Feature",
      "properties": {
        "@id": "node/12198833005",
        "access": "no",
        "addr:suburb": "Shah Poran Slum",
        "amenity": "toilets",
        "capacity:persons": "1",
        "shower": "yes",
        "toilets:disposal": "pitlatrine",
        "toilets:handwashing": "yes",
        "unisex": "yes"
      },
      "geometry": {
        "type": "Point",
        "coordinates": [
          90.379223,
          23.8247404
        ]
      },
      "id": "node/12198833005"
    },
    {
      "type": "Feature",
      "properties": {
        "@id": "node/12198833006",
        "access": "yes",
        "addr:suburb": "Shah Poran Slum",
        "amenity": "toilets",
        "capacity:persons": "1",
        "name": "Mirpur Urban Community Empowerment Project on Waste and Sanitation Management",
        "source": "DhakaThrive_Survey",
        "toilets:disposal": "pitlatrine",
        "toilets:handwashing": "yes",
        "unisex": "yes"
      },
      "geometry": {
        "type": "Point",
        "coordinates": [
          90.3788172,
          23.824417
        ]
      },
      "id": "node/12198833006"
    },
    {
      "type": "Feature",
      "properties": {
        "@id": "node/12198833008",
        "access": "yes",
        "addr:suburb": "Shah Poran Slum",
        "amenity": "toilets",
        "capacity:persons": "3",
        "male": "yes",
        "name": "Mirpur Urban Community Empowerment Project on Waste and Sanitation Management",
        "source": "DhakaThrive_Survey",
        "toilets:disposal": "pitlatrine",
        "toilets:handwashing": "no"
      },
      "geometry": {
        "type": "Point",
        "coordinates": [
          90.3792161,
          23.8248037
        ]
      },
      "id": "node/12198833008"
    },
    {
      "type": "Feature",
      "properties": {
        "@id": "node/12198833010",
        "access": "no",
        "addr:suburb": "Shah Poran Slum",
        "amenity": "toilets",
        "capacity:persons": "0",
        "name": "Mirpur Urban Community Empowerment Project on Waste and Sanitation Management",
        "source": "DhakaThrive_Survey",
        "toilets:disposal": "pitlatrine",
        "toilets:handwashing": "yes",
        "unisex": "yes"
      },
      "geometry": {
        "type": "Point",
        "coordinates": [
          90.3793277,
          23.8250915
        ]
      },
      "id": "node/12198833010"
    },
    {
      "type": "Feature",
      "properties": {
        "@id": "node/12198833011",
        "access": "yes",
        "addr:suburb": "Shah Poran Slum",
        "amenity": "toilets",
        "capacity:persons": "1",
        "name": "Mirpur Urban Community Empowerment Project on Waste and Sanitation Management",
        "shower": "yes",
        "source": "DhakaThrive_Survey",
        "toilets:disposal": "pitlatrine",
        "toilets:handwashing": "no",
        "unisex": "yes"
      },
      "geometry": {
        "type": "Point",
        "coordinates": [
          90.3793458,
          23.8250248
        ]
      },
      "id": "node/12198833011"
    },
    {
      "type": "Feature",
      "properties": {
        "@id": "node/12198833013",
        "access": "yes",
        "addr:suburb": "Shah Poran Slum",
        "amenity": "toilets",
        "capacity:persons": "2",
        "name": "Renovation Slum Toilet",
        "source": "DhakaThrive_Survey",
        "toilets:disposal": "pitlatrine",
        "toilets:handwashing": "no",
        "unisex": "yes"
      },
      "geometry": {
        "type": "Point",
        "coordinates": [
          90.3791339,
          23.8246442
        ]
      },
      "id": "node/12198833013"
    },
    {
      "type": "Feature",
      "properties": {
        "@id": "node/12198833014",
        "access": "private",
        "addr:suburb": "Shah Poran Slum",
        "amenity": "toilets",
        "capacity:persons": "1",
        "source": "DhakaThrive_Survey",
        "toilets:disposal": "pitlatrine"
      },
      "geometry": {
        "type": "Point",
        "coordinates": [
          90.3791175,
          23.8246075
        ]
      },
      "id": "node/12198833014"
    },
    {
      "type": "Feature",
      "properties": {
        "@id": "node/12198833015",
        "access": "yes",
        "addr:suburb": "Shah Poran Slum",
        "amenity": "toilets",
        "capacity:persons": "3",
        "name": "Building Shower Places",
        "shower": "yes",
        "source": "DhakaThrive_Survey",
        "toilets:disposal": "pitlatrine",
        "toilets:handwashing": "no",
        "unisex": "yes"
      },
      "geometry": {
        "type": "Point",
        "coordinates": [
          90.3791991,
          23.8247102
        ]
      },
      "id": "node/12198833015"
    },
    {
      "type": "Feature",
      "properties": {
        "@id": "node/12198833016",
        "access": "yes",
        "addr:suburb": "Shah Poran Slum",
        "amenity": "toilets",
        "capacity:persons": "1",
        "name": "Mirpur Urban Community Empowerment Project on Waste and Sanitation Management",
        "shower": "yes",
        "source": "DhakaThrive_Survey",
        "toilets:disposal": "pitlatrine",
        "toilets:handwashing": "yes",
        "unisex": "yes"
      },
      "geometry": {
        "type": "Point",
        "coordinates": [
          90.3792258,
          23.8246233
        ]
      },
      "id": "node/12198833016"
    },
    {
      "type": "Feature",
      "properties": {
        "@id": "node/12198833017",
        "access": "yes",
        "addr:suburb": "Shah Poran Slum",
        "amenity": "toilets",
        "capacity:persons": "1",
        "name": "Mirpur Urban Community Empowerment Project on Waste and Sanitation Management",
        "shower": "yes",
        "source": "DhakaThrive_Survey",
        "toilets:disposal": "pitlatrine",
        "toilets:handwashing": "yes",
        "unisex": "yes"
      },
      "geometry": {
        "type": "Point",
        "coordinates": [
          90.3789515,
          23.8245797
        ]
      },
      "id": "node/12198833017"
    },
    {
      "type": "Feature",
      "properties": {
        "@id": "node/12198833018",
        "access": "yes",
        "addr:suburb": "Shah Poran Slum",
        "amenity": "toilets",
        "capacity:persons": "1",
        "name": "World Vision Toilet",
        "source": "DhakaThrive_Survey",
        "toilets:disposal": "pitlatrine",
        "toilets:handwashing": "no",
        "unisex": "yes"
      },
      "geometry": {
        "type": "Point",
        "coordinates": [
          90.3797,
          23.8255051
        ]
      },
      "id": "node/12198833018"
    },
    {
      "type": "Feature",
      "properties": {
        "@id": "node/12198833019",
        "access": "yes",
        "addr:suburb": "Shah Poran Slum",
        "amenity": "toilets",
        "capacity:persons": "2",
        "name": "WSUP",
        "source": "DhakaThrive_Survey",
        "toilets:disposal": "pitlatrine",
        "toilets:handwashing": "no",
        "unisex": "yes"
      },
      "geometry": {
        "type": "Point",
        "coordinates": [
          90.3789523,
          23.8258041
        ]
      },
      "id": "node/12198833019"
    },
    {
      "type": "Feature",
      "properties": {
        "@id": "node/12198833021",
        "access": "yes",
        "addr:suburb": "Shah Poran Slum",
        "amenity": "toilets",
        "capacity:persons": "3",
        "name": "Brac Sanitation",
        "source": "DhakaThrive_Survey",
        "toilets:disposal": "pitlatrine",
        "toilets:handwashing": "no",
        "unisex": "yes"
      },
      "geometry": {
        "type": "Point",
        "coordinates": [
          90.3784211,
          23.8256596
        ]
      },
      "id": "node/12198833021"
    },
    {
      "type": "Feature",
      "properties": {
        "@id": "node/12198833023",
        "access": "no",
        "addr:suburb": "Shah Poran Slum",
        "amenity": "toilets",
        "capacity:persons": "1",
        "name": "Mirpur Urban Community Empowerment Project on Waste and Sanitation Management",
        "source": "DhakaThrive_Survey",
        "toilets:disposal": "pitlatrine",
        "toilets:handwashing": "no"
      },
      "geometry": {
        "type": "Point",
        "coordinates": [
          90.3783841,
          23.8246552
        ]
      },
      "id": "node/12198833023"
    },
    {
      "type": "Feature",
      "properties": {
        "@id": "node/12198833025",
        "access": "yes",
        "addr:suburb": "Shah Poran Slum",
        "amenity": "toilets",
        "capacity:persons": "1",
        "name": "Renovating Slum Toilet",
        "shower": "yes",
        "source": "DhakaThrive_Survey",
        "toilets:disposal": "pitlatrine",
        "toilets:handwashing": "yes"
      },
      "geometry": {
        "type": "Point",
        "coordinates": [
          90.3784302,
          23.8252596
        ]
      },
      "id": "node/12198833025"
    },
    {
      "type": "Feature",
      "properties": {
        "@id": "node/12198833030",
        "access": "yes",
        "addr:suburb": "Shah Poran Slum",
        "amenity": "toilets",
        "capacity:persons": "1",
        "name": "World Vision Toilet",
        "source": "DhakaThrive_Survey",
        "toilets:disposal": "pitlatrine",
        "toilets:handwashing": "no",
        "unisex": "yes"
      },
      "geometry": {
        "type": "Point",
        "coordinates": [
          90.3800185,
          23.8254699
        ]
      },
      "id": "node/12198833030"
    },
    {
      "type": "Feature",
      "properties": {
        "@id": "node/12198833031",
        "access": "yes",
        "addr:suburb": "Shah Poran Slum",
        "amenity": "toilets",
        "capacity:persons": "1",
        "name": "World Vision Toilet",
        "source": "DhakaThrive_Survey",
        "toilets:disposal": "pitlatrine",
        "toilets:handwashing": "no",
        "unisex": "yes"
      },
      "geometry": {
        "type": "Point",
        "coordinates": [
          90.3784383,
          23.8260812
        ]
      },
      "id": "node/12198833031"
    },
    {
      "type": "Feature",
      "properties": {
        "@id": "node/12198833035",
        "access": "yes",
        "addr:suburb": "Shah Poran Slum",
        "amenity": "toilets",
        "capacity:persons": "1",
        "name": "Mirpur Urban Community Empowerment Project on Waste and Sanitation Management",
        "source": "DhakaThrive_Survey",
        "toilets:disposal": "pitlatrine",
        "toilets:handwashing": "no",
        "unisex": "yes"
      },
      "geometry": {
        "type": "Point",
        "coordinates": [
          90.3787942,
          23.8246782
        ]
      },
      "id": "node/12198833035"
    },
    {
      "type": "Feature",
      "properties": {
        "@id": "node/12198833036",
        "access": "yes",
        "addr:suburb": "Shah Poran Slum",
        "amenity": "toilets",
        "capacity:persons": "2",
        "name": "Mirpur Urban Community Empowerment Project on Waste and Sanitation Management",
        "shower": "yes",
        "source": "DhakaThrive_Survey",
        "toilets:disposal": "pitlatrine",
        "toilets:handwashing": "no",
        "unisex": "yes"
      },
      "geometry": {
        "type": "Point",
        "coordinates": [
          90.3786471,
          23.8245865
        ]
      },
      "id": "node/12198833036"
    },
    {
      "type": "Feature",
      "properties": {
        "@id": "node/12198833037",
        "access": "yes",
        "addr:suburb": "Shah Poran Slum",
        "amenity": "toilets",
        "capacity:persons": "1",
        "name": "Mirpur Urban Community Empowerment Project on Waste and Sanitation Management",
        "source": "DhakaThrive_Survey",
        "toilets:disposal": "pitlatrine",
        "toilets:handwashing": "no",
        "unisex": "yes"
      },
      "geometry": {
        "type": "Point",
        "coordinates": [
          90.3782733,
          23.8248422
        ]
      },
      "id": "node/12198833037"
    },
    {
      "type": "Feature",
      "properties": {
        "@id": "node/12198833039",
        "access": "yes",
        "addr:suburb": "Shah Poran Slum",
        "amenity": "toilets",
        "capacity:persons": "1",
        "name": "UNDP Toilet",
        "source": "DhakaThrive_Survey",
        "toilets:disposal": "pitlatrine",
        "toilets:handwashing": "no",
        "unisex": "yes"
      },
      "geometry": {
        "type": "Point",
        "coordinates": [
          90.3789124,
          23.8249791
        ]
      },
      "id": "node/12198833039"
    },
    {
      "type": "Feature",
      "properties": {
        "@id": "node/12198833043",
        "access": "yes",
        "addr:suburb": "Shah Poran Slum",
        "amenity": "toilets",
        "capacity:persons": "1",
        "name": "Mirpur Urban Community Empowerment Project on Waste and Sanitation Management",
        "source": "DhakaThrive_Survey",
        "toilets:disposal": "pitlatrine",
        "toilets:handwashing": "no",
        "unisex": "yes"
      },
      "geometry": {
        "type": "Point",
        "coordinates": [
          90.3788233,
          23.8244592
        ]
      },
      "id": "node/12198833043"
    },
    {
      "type": "Feature",
      "properties": {
        "@id": "node/12198833044",
        "access": "yes",
        "addr:suburb": "Shah Poran Slum",
        "amenity": "toilets",
        "capacity:persons": "2",
        "source": "DhakaThrive_Survey",
        "toilets:disposal": "pitlatrine",
        "toilets:handwashing": "no",
        "unisex": "yes"
      },
      "geometry": {
        "type": "Point",
        "coordinates": [
          90.3786824,
          23.8250122
        ]
      },
      "id": "node/12198833044"
    },
    {
      "type": "Feature",
      "properties": {
        "@id": "node/12198833045",
        "access": "yes",
        "addr:suburb": "Shah Poran Slum",
        "amenity": "toilets",
        "capacity:persons": "2",
        "source": "DhakaThrive_Survey",
        "toilets:disposal": "pitlatrine",
        "toilets:handwashing": "yes",
        "unisex": "yes"
      },
      "geometry": {
        "type": "Point",
        "coordinates": [
          90.3789222,
          23.8250395
        ]
      },
      "id": "node/12198833045"
    },
    {
      "type": "Feature",
      "properties": {
        "@id": "node/12198833048",
        "access": "yes",
        "addr:suburb": "Shah Poran Slum",
        "amenity": "toilets",
        "capacity:persons": "2",
        "name": "Mirpur Urban Community Empowerment Project on Waste and Sanitation Management",
        "shower": "yes",
        "source": "DhakaThrive_Survey",
        "toilets:disposal": "pitlatrine",
        "toilets:handwashing": "no",
        "unisex": "yes"
      },
      "geometry": {
        "type": "Point",
        "coordinates": [
          90.3790971,
          23.8252234
        ]
      },
      "id": "node/12198833048"
    },
    {
      "type": "Feature",
      "properties": {
        "@id": "node/12198833049",
        "access": "private",
        "addr:suburb": "Shah Poran Slum",
        "amenity": "toilets",
        "capacity:persons": "1",
        "name": "Teacher Toilet",
        "source": "DhakaThrive_Survey",
        "toilets:disposal": "pitlatrine",
        "toilets:handwashing": "yes"
      },
      "geometry": {
        "type": "Point",
        "coordinates": [
          90.3792888,
          23.825164
        ]
      },
      "id": "node/12198833049"
    },
    {
      "type": "Feature",
      "properties": {
        "@id": "node/12198833050",
        "access": "yes",
        "addr:suburb": "Shah Poran Slum",
        "amenity": "toilets",
        "capacity:persons": "2",
        "name": "Mirpur Urban Community Empowerment Project on Waste and Sanitation Management",
        "source": "DhakaThrive_Survey",
        "toilets:disposal": "pitlatrine",
        "toilets:handwashing": "no"
      },
      "geometry": {
        "type": "Point",
        "coordinates": [
          90.3792966,
          23.8250607
        ]
      },
      "id": "node/12198833050"
    },
    {
      "type": "Feature",
      "properties": {
        "@id": "node/12198833051",
        "access": "yes",
        "addr:suburb": "Shah Poran Slum",
        "amenity": "toilets",
        "capacity:persons": "5",
        "name": "Brac Community Toilet",
        "source": "DhakaThrive_Survey",
        "toilets:disposal": "pitlatrine",
        "toilets:handwashing": "no",
        "unisex": "yes"
      },
      "geometry": {
        "type": "Point",
        "coordinates": [
          90.3792124,
          23.8250899
        ]
      },
      "id": "node/12198833051"
    },
    {
      "type": "Feature",
      "properties": {
        "@id": "node/12198873084",
        "access": "yes",
        "addr:suburb": "Muslim Camp",
        "amenity": "toilets",
        "capacity:persons": "8",
        "name": "BRAC Community Toilet",
        "shower": "yes",
        "source": "DhakaThrive_Survey",
        "toilets:disposal": "pitlatrine",
        "toilets:handwashing": "yes",
        "unisex": "yes"
      },
      "geometry": {
        "type": "Point",
        "coordinates": [
          90.3689057,
          23.8139497
        ]
      },
      "id": "node/12198873084"
    },
    {
      "type": "Feature",
      "properties": {
        "@id": "node/12198873085",
        "access": "yes",
        "addr:suburb": "Muslim Camp",
        "amenity": "toilets",
        "capacity:persons": "6",
        "name": "Brac Community Toilet",
        "shower": "yes",
        "source": "DhakaThrive_Survey",
        "toilets:disposal": "pitlatrine",
        "unisex": "yes"
      },
      "geometry": {
        "type": "Point",
        "coordinates": [
          90.3685394,
          23.8140903
        ]
      },
      "id": "node/12198873085"
    },
    {
      "type": "Feature",
      "properties": {
        "@id": "node/12198873094",
        "access": "yes",
        "addr:suburb": "Muslim Camp",
        "amenity": "toilets",
        "capacity:persons": "10",
        "shower": "yes",
        "source": "DhakaThrive_Survey",
        "toilets:disposal": "pitlatrine",
        "toilets:handwashing": "no"
      },
      "geometry": {
        "type": "Point",
        "coordinates": [
          90.3678475,
          23.8138437
        ]
      },
      "id": "node/12198873094"
    },
    {
      "type": "Feature",
      "properties": {
        "@id": "node/12198873097",
        "access": "private",
        "addr:suburb": "Muslim Camp",
        "amenity": "toilets",
        "capacity:persons": "1",
        "name": "Omor Ali Personal Toilet",
        "source": "DhakaThrive_Survey",
        "toilets:disposal": "pitlatrine",
        "toilets:handwashing": "no"
      },
      "geometry": {
        "type": "Point",
        "coordinates": [
          90.368025,
          23.8136809
        ]
      },
      "id": "node/12198873097"
    },
    {
      "type": "Feature",
      "properties": {
        "@id": "node/12198873099",
        "access": "yes",
        "addr:suburb": "Muslim Camp",
        "amenity": "toilets",
        "capacity:persons": "12",
        "name": "Community Latrine",
        "source": "DhakaThrive_Survey",
        "toilets:disposal": "pitlatrine",
        "toilets:handwashing": "no",
        "unisex": "yes"
      },
      "geometry": {
        "type": "Point",
        "coordinates": [
          90.3681726,
          23.813845
        ]
      },
      "id": "node/12198873099"
    },
    {
      "type": "Feature",
      "properties": {
        "@id": "node/12198918403",
        "access": "private",
        "addr:suburb": "Muslim Camp",
        "amenity": "toilets",
        "capacity:persons": "3",
        "name": "Brac Hand Wahsing Station",
        "source": "DhakaThrive_Survey"
      },
      "geometry": {
        "type": "Point",
        "coordinates": [
          90.368872,
          23.8138609
        ]
      },
      "id": "node/12198918403"
    },
    {
      "type": "Feature",
      "properties": {
        "@id": "node/12198918409",
        "access": "yes",
        "addr:suburb": "Muslim Camp",
        "amenity": "toilets",
        "capacity:persons": "2",
        "name": "BRAC Community Shower",
        "shower": "yes",
        "source": "DhakaThrive_Survey",
        "toilets:disposal": "pitlatrine",
        "toilets:handwashing": "no",
        "unisex": "yes"
      },
      "geometry": {
        "type": "Point",
        "coordinates": [
          90.3679893,
          23.8135592
        ]
      },
      "id": "node/12198918409"
    },
    {
      "type": "Feature",
      "properties": {
        "@id": "node/12211527599",
        "amenity": "fire_station",
        "name": "Fire Service and Civil Defence Training Center"
      },
      "geometry": {
        "type": "Point",
        "coordinates": [
          90.4006641,
          24.722179
        ]
      },
      "id": "node/12211527599"
    },
    {
      "type": "Feature",
      "properties": {
        "@id": "node/12218393990",
        "addr:suburb": "13 Hearts Camp",
        "amenity": "toilets",
        "capacity:persons": "2",
        "name": "Community Toilet",
        "shower": "yes",
        "source": "DhakaThrive_Survey",
        "toilets:disposal": "flush",
        "toilets:handwashing": "yes",
        "unisex": "yes"
      },
      "geometry": {
        "type": "Point",
        "coordinates": [
          90.3712275,
          23.8123362
        ]
      },
      "id": "node/12218393990"
    },
    {
      "type": "Feature",
      "properties": {
        "@id": "node/12218393992",
        "addr:suburb": "Millat Camp",
        "amenity": "toilets",
        "capacity:persons": "8",
        "male": "yes",
        "name": "Community Toilet",
        "source": "DhakaThrive_Survey",
        "toilets:disposal": "pitlatrine",
        "toilets:handwashing": "yes"
      },
      "geometry": {
        "type": "Point",
        "coordinates": [
          90.3686468,
          23.8196807
        ]
      },
      "id": "node/12218393992"
    },
    {
      "type": "Feature",
      "properties": {
        "@id": "node/12218393993",
        "addr:suburb": "Adamer Slum",
        "amenity": "toilets",
        "capacity:persons": "2",
        "source": "DhakaThrive_Survey",
        "toilets:disposal": "pitlatrine",
        "toilets:handwashing": "yes",
        "unisex": "yes"
      },
      "geometry": {
        "type": "Point",
        "coordinates": [
          90.3767388,
          23.8116021
        ]
      },
      "id": "node/12218393993"
    },
    {
      "type": "Feature",
      "properties": {
        "@id": "node/12218393995",
        "addr:suburb": "Taltola Slum",
        "amenity": "toilets",
        "capacity:persons": "2",
        "name": "Taltola Slum",
        "shower": "no",
        "source": "DhakaThrive_Survey"
      },
      "geometry": {
        "type": "Point",
        "coordinates": [
          90.3734415,
          23.8178539
        ]
      },
      "id": "node/12218393995"
    },
    {
      "type": "Feature",
      "properties": {
        "@id": "node/12218393999",
        "addr:suburb": "Muslim Camp",
        "amenity": "toilets",
        "capacity:persons": "10",
        "fee": "no",
        "shower": "yes",
        "source": "DhakaThrive_Survey",
        "toilets:disposal": "pitlatrine",
        "toilets:handwashing": "no"
      },
      "geometry": {
        "type": "Point",
        "coordinates": [
          90.3671126,
          23.8138339
        ]
      },
      "id": "node/12218393999"
    },
    {
      "type": "Feature",
      "properties": {
        "@id": "node/12218492201",
        "addr:suburb": "TA-Block",
        "amenity": "toilets",
        "capacity:persons": "3",
        "name": "UNDP",
        "shower": "yes",
        "source": "DhakaThrive_Survey",
        "toilets:disposal": "pitlatrine",
        "toilets:handwashing": "yes",
        "unisex": "yes"
      },
      "geometry": {
        "type": "Point",
        "coordinates": [
          90.3591636,
          23.816061
        ]
      },
      "id": "node/12218492201"
    },
    {
      "type": "Feature",
      "properties": {
        "@id": "node/12218492203",
        "addr:suburb": "Oshud Fectory Slum",
        "amenity": "toilets",
        "capacity:persons": "2",
        "source": "DhakaThrive_Survey",
        "toilets:disposal": "pitlatrine",
        "toilets:handwashing": "yes",
        "unisex": "yes"
      },
      "geometry": {
        "type": "Point",
        "coordinates": [
          90.3756021,
          23.8117003
        ]
      },
      "id": "node/12218492203"
    },
    {
      "type": "Feature",
      "properties": {
        "@id": "node/12218492210",
        "addr:suburb": "Milk Vita Slum",
        "amenity": "toilets",
        "capacity:persons": "1",
        "shower": "yes",
        "source": "DhakaThrive_Survey",
        "toilets:disposal": "flush",
        "toilets:handwashing": "no",
        "unisex": "yes"
      },
      "geometry": {
        "type": "Point",
        "coordinates": [
          90.3708478,
          23.8131272
        ]
      },
      "id": "node/12218492210"
    },
    {
      "type": "Feature",
      "properties": {
        "@id": "node/12218492211",
        "addr:suburb": "Muktijoddha complex",
        "amenity": "toilets",
        "capacity:persons": "1",
        "fee": "yes",
        "shower": "yes",
        "source": "DhakaThrive_Survey",
        "toilets:disposal": "pitlatrine",
        "toilets:handwashing": "yes",
        "unisex": "yes"
      },
      "geometry": {
        "type": "Point",
        "coordinates": [
          90.3494006,
          23.8132671
        ]
      },
      "id": "node/12218492211"
    },
    {
      "type": "Feature",
      "properties": {
        "@id": "node/12218492216",
        "addr:suburb": "Kochuala Slum",
        "amenity": "toilets",
        "capacity:persons": "3",
        "shower": "no",
        "source": "DhakaThrive_Survey",
        "toilets:disposal": "pitlatrine",
        "toilets:handwashing": "no",
        "unisex": "yes"
      },
      "geometry": {
        "type": "Point",
        "coordinates": [
          90.3756252,
          23.8116242
        ]
      },
      "id": "node/12218492216"
    },
    {
      "type": "Feature",
      "properties": {
        "@id": "node/12218492217",
        "addr:suburb": "Taltola Slum",
        "amenity": "toilets",
        "capacity:persons": "8",
        "name": "KAAP Sanitation",
        "shower": "yes",
        "source": "DhakaThrive_Survey",
        "toilets:disposal": "pitlatrine",
        "toilets:handwashing": "yes",
        "unisex": "yes"
      },
      "geometry": {
        "type": "Point",
        "coordinates": [
          90.3734501,
          23.817798
        ]
      },
      "id": "node/12218492217"
    },
    {
      "type": "Feature",
      "properties": {
        "@id": "node/12218492225",
        "addr:suburb": "Milk Vita Slum",
        "amenity": "toilets",
        "capacity:persons": "1",
        "shower": "yes",
        "source": "DhakaThrive_Survey",
        "toilets:disposal": "flush",
        "toilets:handwashing": "no"
      },
      "geometry": {
        "type": "Point",
        "coordinates": [
          90.3715762,
          23.8133612
        ]
      },
      "id": "node/12218492225"
    },
    {
      "type": "Feature",
      "properties": {
        "@id": "node/12218492229",
        "addr:suburb": "Bottola Camp",
        "amenity": "toilets",
        "capacity:persons": "2",
        "name": "KAAP Sanitation",
        "shower": "yes",
        "source": "DhakaThrive_Survey",
        "toilets:disposal": "pitlatrine",
        "toilets:handwashing": "yes",
        "unisex": "yes"
      },
      "geometry": {
        "type": "Point",
        "coordinates": [
          90.3729969,
          23.8201097
        ]
      },
      "id": "node/12218492229"
    },
    {
      "type": "Feature",
      "properties": {
        "@id": "node/12218492230",
        "addr:suburb": "Chalantika Slum",
        "amenity": "toilets",
        "capacity:persons": "3",
        "name": "Dsk",
        "shower": "no",
        "source": "DhakaThrive_Survey",
        "toilets:disposal": "pitlatrine",
        "toilets:handwashing": "no",
        "unisex": "yes"
      },
      "geometry": {
        "type": "Point",
        "coordinates": [
          90.3605662,
          23.8154098
        ]
      },
      "id": "node/12218492230"
    },
    {
      "type": "Feature",
      "properties": {
        "@id": "node/12218547152",
        "addr:suburb": "Joshim Mollah",
        "amenity": "toilets",
        "capacity:persons": "4",
        "name": "DSK",
        "shower": "yes",
        "source": "DhakaThrive_Survey",
        "toilets:disposal": "pitlatrine",
        "toilets:handwashing": "yes",
        "unisex": "yes"
      },
      "geometry": {
        "type": "Point",
        "coordinates": [
          90.3610334,
          23.8305946
        ]
      },
      "id": "node/12218547152"
    },
    {
      "type": "Feature",
      "properties": {
        "@id": "node/12218547158",
        "addr:suburb": "Joshim Mollah",
        "amenity": "toilets",
        "capacity:persons": "1",
        "name": "DSK Toilet",
        "source": "DhakaThrive_Survey",
        "toilets:disposal": "pitlatrine",
        "toilets:handwashing": "no"
      },
      "geometry": {
        "type": "Point",
        "coordinates": [
          90.3614258,
          23.8300646
        ]
      },
      "id": "node/12218547158"
    },
    {
      "type": "Feature",
      "properties": {
        "@id": "node/12218547160",
        "addr:suburb": "Beguntila",
        "amenity": "toilets",
        "capacity:persons": "2",
        "name": "Mirpur Urban Community Empowerment Project and Waste Management",
        "source": "DhakaThrive_Survey",
        "toilets:disposal": "pitlatrine",
        "toilets:handwashing": "yes",
        "unisex": "yes"
      },
      "geometry": {
        "type": "Point",
        "coordinates": [
          90.3806066,
          23.8290623
        ]
      },
      "id": "node/12218547160"
    },
    {
      "type": "Feature",
      "properties": {
        "@id": "node/12218547162",
        "addr:suburb": "Beguntila",
        "amenity": "toilets",
        "capacity:persons": "2",
        "source": "DhakaThrive_Survey",
        "toilets:disposal": "pitlatrine",
        "toilets:handwashing": "yes",
        "unisex": "yes"
      },
      "geometry": {
        "type": "Point",
        "coordinates": [
          90.3802829,
          23.8298077
        ]
      },
      "id": "node/12218547162"
    },
    {
      "type": "Feature",
      "properties": {
        "@id": "node/12218547163",
        "addr:suburb": "Joshim Mollah",
        "amenity": "toilets",
        "capacity:persons": "2",
        "shower": "yes",
        "source": "DhakaThrive_Survey",
        "toilets:disposal": "pitlatrine",
        "toilets:handwashing": "no",
        "unisex": "yes"
      },
      "geometry": {
        "type": "Point",
        "coordinates": [
          90.3605158,
          23.8294892
        ]
      },
      "id": "node/12218547163"
    },
    {
      "type": "Feature",
      "properties": {
        "@id": "node/12218547165",
        "addr:suburb": "Joshim Mollah",
        "amenity": "toilets",
        "capacity:persons": "2",
        "name": "DSK Toilet",
        "shower": "yes",
        "source": "DhakaThrive_Survey",
        "toilets:disposal": "pitlatrine",
        "toilets:handwashing": "no",
        "unisex": "yes"
      },
      "geometry": {
        "type": "Point",
        "coordinates": [
          90.3605683,
          23.8294406
        ]
      },
      "id": "node/12218547165"
    },
    {
      "type": "Feature",
      "properties": {
        "@id": "node/12218547168",
        "addr:suburb": "Beguntila",
        "amenity": "toilets",
        "capacity:persons": "2",
        "shower": "yes",
        "source": "DhakaThrive_Survey",
        "toilets:disposal": "pitlatrine",
        "toilets:handwashing": "yes",
        "unisex": "yes"
      },
      "geometry": {
        "type": "Point",
        "coordinates": [
          90.3798952,
          23.8297389
        ]
      },
      "id": "node/12218547168"
    },
    {
      "type": "Feature",
      "properties": {
        "@id": "node/12218547169",
        "addr:suburb": "Beguntila",
        "amenity": "toilets",
        "capacity:persons": "2",
        "source": "DhakaThrive_Survey",
        "toilets:disposal": "pitlatrine",
        "toilets:handwashing": "yes",
        "unisex": "yes"
      },
      "geometry": {
        "type": "Point",
        "coordinates": [
          90.3792221,
          23.8286881
        ]
      },
      "id": "node/12218547169"
    },
    {
      "type": "Feature",
      "properties": {
        "@id": "node/12218547170",
        "addr:suburb": "Beguntila",
        "amenity": "toilets",
        "capacity:persons": "4",
        "name": "Beguntila Community Latrine",
        "source": "DhakaThrive_Survey",
        "toilets:disposal": "pitlatrine",
        "toilets:handwashing": "yes",
        "unisex": "yes"
      },
      "geometry": {
        "type": "Point",
        "coordinates": [
          90.3799916,
          23.8297063
        ]
      },
      "id": "node/12218547170"
    },
    {
      "type": "Feature",
      "properties": {
        "@id": "node/12218547172",
        "addr:suburb": "Beguntila",
        "amenity": "toilets",
        "capacity:persons": "2",
        "shower": "yes",
        "source": "DhakaThrive_Survey",
        "toilets:disposal": "pitlatrine",
        "toilets:handwashing": "yes",
        "unisex": "yes"
      },
      "geometry": {
        "type": "Point",
        "coordinates": [
          90.3804308,
          23.8297147
        ]
      },
      "id": "node/12218547172"
    },
    {
      "type": "Feature",
      "properties": {
        "@id": "node/12218547173",
        "addr:suburb": "Beguntila",
        "amenity": "toilets",
        "capacity:persons": "2",
        "name": "Habitat for Humanity Bangladesh",
        "source": "DhakaThrive_Survey",
        "toilets:disposal": "pitlatrine",
        "toilets:handwashing": "yes",
        "unisex": "yes"
      },
      "geometry": {
        "type": "Point",
        "coordinates": [
          90.3797545,
          23.8293499
        ]
      },
      "id": "node/12218547173"
    },
    {
      "type": "Feature",
      "properties": {
        "@id": "node/12218547174",
        "addr:suburb": "Beguntila",
        "amenity": "toilets",
        "capacity:persons": "1",
        "source": "DhakaThrive_Survey",
        "toilets:disposal": "pitlatrine",
        "toilets:handwashing": "yes",
        "unisex": "yes"
      },
      "geometry": {
        "type": "Point",
        "coordinates": [
          90.379817,
          23.8287875
        ]
      },
      "id": "node/12218547174"
    },
    {
      "type": "Feature",
      "properties": {
        "@id": "node/12218547181",
        "addr:suburb": "Joshim Mollah",
        "amenity": "toilets",
        "capacity:persons": "2",
        "name": "Dsk public toilet",
        "shower": "yes",
        "source": "DhakaThrive_Survey",
        "toilets:disposal": "pitlatrine",
        "toilets:handwashing": "no",
        "unisex": "yes"
      },
      "geometry": {
        "type": "Point",
        "coordinates": [
          90.3610579,
          23.8306365
        ]
      },
      "id": "node/12218547181"
    },
    {
      "type": "Feature",
      "properties": {
        "@id": "node/12218547183",
        "addr:suburb": "Beguntila",
        "amenity": "toilets",
        "capacity:persons": "2",
        "name": "World Vision Sanitation",
        "source": "DhakaThrive_Survey",
        "toilets:disposal": "pitlatrine",
        "toilets:handwashing": "yes",
        "unisex": "yes"
      },
      "geometry": {
        "type": "Point",
        "coordinates": [
          90.3800973,
          23.8297567
        ]
      },
      "id": "node/12218547183"
    },
    {
      "type": "Feature",
      "properties": {
        "@id": "node/12218547186",
        "addr:suburb": "Tekerbari",
        "amenity": "toilets",
        "capacity:persons": "2",
        "name": "Habitat for Humanity Bangladesh",
        "source": "DhakaThrive_Survey",
        "toilets:disposal": "pitlatrine",
        "toilets:handwashing": "no",
        "unisex": "yes"
      },
      "geometry": {
        "type": "Point",
        "coordinates": [
          90.37315,
          23.82956
        ]
      },
      "id": "node/12218547186"
    },
    {
      "type": "Feature",
      "properties": {
        "@id": "node/12218547188",
        "addr:suburb": "Beguntila",
        "amenity": "toilets",
        "capacity:persons": "2",
        "source": "DhakaThrive_Survey",
        "toilets:disposal": "pitlatrine",
        "toilets:handwashing": "yes",
        "unisex": "yes"
      },
      "geometry": {
        "type": "Point",
        "coordinates": [
          90.3804772,
          23.8290083
        ]
      },
      "id": "node/12218547188"
    },
    {
      "type": "Feature",
      "properties": {
        "@id": "node/12218547190",
        "addr:suburb": "Beguntila",
        "amenity": "toilets",
        "capacity:persons": "3",
        "name": "KAAP Community Toilet",
        "shower": "yes",
        "source": "DhakaThrive_Survey",
        "toilets:disposal": "pitlatrine",
        "toilets:handwashing": "no",
        "unisex": "yes"
      },
      "geometry": {
        "type": "Point",
        "coordinates": [
          90.3802586,
          23.8288218
        ]
      },
      "id": "node/12218547190"
    },
    {
      "type": "Feature",
      "properties": {
        "@id": "node/12218547191",
        "addr:suburb": "Beguntila",
        "amenity": "toilets",
        "capacity:persons": "3",
        "name": "Community Latrine #07",
        "source": "DhakaThrive_Survey",
        "toilets:disposal": "pitlatrine",
        "toilets:handwashing": "yes",
        "unisex": "yes"
      },
      "geometry": {
        "type": "Point",
        "coordinates": [
          90.3799171,
          23.8287909
        ]
      },
      "id": "node/12218547191"
    },
    {
      "type": "Feature",
      "properties": {
        "@id": "node/12218547192",
        "addr:suburb": "Joshim Mollah",
        "amenity": "toilets",
        "capacity:persons": "2",
        "name": "DSK",
        "shower": "yes",
        "source": "DhakaThrive_Survey",
        "toilets:disposal": "pitlatrine",
        "toilets:handwashing": "no",
        "unisex": "yes"
      },
      "geometry": {
        "type": "Point",
        "coordinates": [
          90.3605849,
          23.8303658
        ]
      },
      "id": "node/12218547192"
    },
    {
      "type": "Feature",
      "properties": {
        "@id": "node/12218547196",
        "addr:suburb": "Joshim Mollah",
        "amenity": "toilets",
        "capacity:persons": "3",
        "name": "Dsk",
        "shower": "yes",
        "source": "DhakaThrive_Survey",
        "toilets:disposal": "pitlatrine",
        "toilets:handwashing": "no",
        "unisex": "yes"
      },
      "geometry": {
        "type": "Point",
        "coordinates": [
          90.3610306,
          23.8306242
        ]
      },
      "id": "node/12218547196"
    },
    {
      "type": "Feature",
      "properties": {
        "@id": "node/12218547197",
        "addr:suburb": "Beguntila",
        "amenity": "toilets",
        "capacity:persons": "5",
        "source": "DhakaThrive_Survey",
        "toilets:disposal": "pitlatrine",
        "toilets:handwashing": "yes",
        "unisex": "yes"
      },
      "geometry": {
        "type": "Point",
        "coordinates": [
          90.380399,
          23.8292653
        ]
      },
      "id": "node/12218547197"
    },
    {
      "type": "Feature",
      "properties": {
        "@id": "node/12218547198",
        "addr:suburb": "Beguntila",
        "amenity": "toilets",
        "capacity:persons": "3",
        "name": "World Vision #08",
        "source": "DhakaThrive_Survey",
        "toilets:disposal": "pitlatrine",
        "toilets:handwashing": "yes",
        "unisex": "yes"
      },
      "geometry": {
        "type": "Point",
        "coordinates": [
          90.3795801,
          23.8289987
        ]
      },
      "id": "node/12218547198"
    },
    {
      "type": "Feature",
      "properties": {
        "@id": "node/12218547199",
        "addr:suburb": "Joshim Mollah",
        "amenity": "toilets",
        "capacity:persons": "4",
        "name": "DSK Toilet",
        "shower": "yes",
        "source": "DhakaThrive_Survey",
        "toilets:disposal": "pitlatrine",
        "toilets:handwashing": "yes",
        "unisex": "yes"
      },
      "geometry": {
        "type": "Point",
        "coordinates": [
          90.3607635,
          23.8301736
        ]
      },
      "id": "node/12218547199"
    },
    {
      "type": "Feature",
      "properties": {
        "@id": "node/12218547200",
        "addr:suburb": "Beguntila",
        "amenity": "toilets",
        "capacity:persons": "2",
        "source": "DhakaThrive_Survey",
        "toilets:disposal": "pitlatrine",
        "toilets:handwashing": "yes",
        "unisex": "yes"
      },
      "geometry": {
        "type": "Point",
        "coordinates": [
          90.380439,
          23.8288847
        ]
      },
      "id": "node/12218547200"
    },
    {
      "type": "Feature",
      "properties": {
        "@id": "node/12218547702",
        "addr:suburb": "Joshim Mollah",
        "amenity": "toilets",
        "capacity:persons": "3",
        "name": "Dsk",
        "shower": "yes",
        "source": "DhakaThrive_Survey",
        "toilets:disposal": "pitlatrine",
        "toilets:handwashing": "no"
      },
      "geometry": {
        "type": "Point",
        "coordinates": [
          90.3615304,
          23.8307553
        ]
      },
      "id": "node/12218547702"
    },
    {
      "type": "Feature",
      "properties": {
        "@id": "node/12218547703",
        "addr:suburb": "Joshim Mollah",
        "amenity": "toilets",
        "capacity:persons": "2",
        "name": "Dsk public toilet",
        "shower": "yes",
        "source": "DhakaThrive_Survey",
        "toilets:disposal": "pitlatrine",
        "toilets:handwashing": "no",
        "unisex": "yes"
      },
      "geometry": {
        "type": "Point",
        "coordinates": [
          90.3606338,
          23.8294628
        ]
      },
      "id": "node/12218547703"
    },
    {
      "type": "Feature",
      "properties": {
        "@id": "node/12218547705",
        "addr:suburb": "Beguntila",
        "amenity": "toilets",
        "capacity:persons": "1",
        "shower": "yes",
        "source": "DhakaThrive_Survey",
        "toilets:disposal": "pitlatrine",
        "toilets:handwashing": "yes",
        "unisex": "yes"
      },
      "geometry": {
        "type": "Point",
        "coordinates": [
          90.3798723,
          23.8288333
        ]
      },
      "id": "node/12218547705"
    },
    {
      "type": "Feature",
      "properties": {
        "@id": "node/12218547710",
        "addr:suburb": "Joshim Mollah",
        "amenity": "toilets",
        "capacity:persons": "2",
        "name": "DSK",
        "shower": "yes",
        "source": "DhakaThrive_Survey",
        "toilets:disposal": "pitlatrine",
        "unisex": "yes"
      },
      "geometry": {
        "type": "Point",
        "coordinates": [
          90.3608354,
          23.8305958
        ]
      },
      "id": "node/12218547710"
    },
    {
      "type": "Feature",
      "properties": {
        "@id": "node/12218547713",
        "addr:suburb": "Joshim Mollah",
        "amenity": "toilets",
        "capacity:persons": "2",
        "name": "DSK Toilet",
        "shower": "yes",
        "source": "DhakaThrive_Survey",
        "toilets:disposal": "pitlatrine",
        "toilets:handwashing": "no",
        "unisex": "yes"
      },
      "geometry": {
        "type": "Point",
        "coordinates": [
          90.361516,
          23.8306846
        ]
      },
      "id": "node/12218547713"
    },
    {
      "type": "Feature",
      "properties": {
        "@id": "node/12218547717",
        "addr:suburb": "Balurmath",
        "amenity": "toilets",
        "capacity:persons": "1",
        "name": "Mirpur Urban Community Sanitation",
        "shower": "yes",
        "source": "DhakaThrive_Survey",
        "toilets:disposal": "pitlatrine",
        "toilets:handwashing": "no",
        "unisex": "yes"
      },
      "geometry": {
        "type": "Point",
        "coordinates": [
          90.3779723,
          23.8242922
        ]
      },
      "id": "node/12218547717"
    },
    {
      "type": "Feature",
      "properties": {
        "@id": "node/12241100063",
        "amenity": "toilets",
        "wheelchair": "no"
      },
      "geometry": {
        "type": "Point",
        "coordinates": [
          90.3704719,
          23.807266
        ]
      },
      "id": "node/12241100063"
    },
    {
      "type": "Feature",
      "properties": {
        "@id": "node/12241127904",
        "amenity": "toilets",
        "changing_table": "no",
        "fee": "no",
        "wheelchair": "limited"
      },
      "geometry": {
        "type": "Point",
        "coordinates": [
          90.3598358,
          23.8041462
        ]
      },
      "id": "node/12241127904"
    },
    {
      "type": "Feature",
      "properties": {
        "@id": "node/12243698605",
        "access": "yes",
        "amenity": "toilets",
        "name": "গুলশান-২ পাবলিক টয়লেট",
        "name:bn": "গুলশান-২ পাবলিক টয়লেট",
        "name:en": "Gulshan-2 Public Toilet",
        "unisex": "yes"
      },
      "geometry": {
        "type": "Point",
        "coordinates": [
          90.4148894,
          23.7941347
        ]
      },
      "id": "node/12243698605"
    },
    {
      "type": "Feature",
      "properties": {
        "@id": "node/12249851108",
        "amenity": "police",
        "name": "পুলিশ স্টেশন, চিতোষী"
      },
      "geometry": {
        "type": "Point",
        "coordinates": [
          91.0043232,
          23.1623359
        ]
      },
      "id": "node/12249851108"
    },
    {
      "type": "Feature",
      "properties": {
        "@id": "node/12254906919",
        "amenity": "toilets",
        "portable": "yes"
      },
      "geometry": {
        "type": "Point",
        "coordinates": [
          90.3596018,
          23.8040053
        ]
      },
      "id": "node/12254906919"
    },
    {
      "type": "Feature",
      "properties": {
        "@id": "node/12272811509",
        "access": "yes",
        "amenity": "toilets",
        "unisex": "yes"
      },
      "geometry": {
        "type": "Point",
        "coordinates": [
          91.1063791,
          23.164365
        ]
      },
      "id": "node/12272811509"
    },
    {
      "type": "Feature",
      "properties": {
        "@id": "node/12272811511",
        "access": "yes",
        "amenity": "toilets",
        "unisex": "yes"
      },
      "geometry": {
        "type": "Point",
        "coordinates": [
          91.1290292,
          23.1703663
        ]
      },
      "id": "node/12272811511"
    },
    {
      "type": "Feature",
      "properties": {
        "@id": "node/12272811532",
        "access": "yes",
        "amenity": "toilets",
        "unisex": "yes"
      },
      "geometry": {
        "type": "Point",
        "coordinates": [
          91.1149251,
          23.1116044
        ]
      },
      "id": "node/12272811532"
    },
    {
      "type": "Feature",
      "properties": {
        "@id": "node/12273265178",
        "amenity": "police",
        "name": "Haluaghat Police Station (Mymensingh)"
      },
      "geometry": {
        "type": "Point",
        "coordinates": [
          90.3403533,
          25.12048
        ]
      },
      "id": "node/12273265178"
    },
    {
      "type": "Feature",
      "properties": {
        "@id": "node/12299367692",
        "amenity": "police",
        "name": "Tourist Police Savar Ashulia Office"
      },
      "geometry": {
        "type": "Point",
        "coordinates": [
          90.2973311,
          23.9360375
        ]
      },
      "id": "node/12299367692"
    },
    {
      "type": "Feature",
      "properties": {
        "@id": "node/12350986515",
        "amenity": "fire_station",
        "name": "Konabari Fire Station, Fire station"
      },
      "geometry": {
        "type": "Point",
        "coordinates": [
          90.3100887,
          24.0092999
        ]
      },
      "id": "node/12350986515"
    },
    {
      "type": "Feature",
      "properties": {
        "@id": "node/12373513913",
        "amenity": "fire_station",
        "name": "Fire Service And Civil Defense, Fire station"
      },
      "geometry": {
        "type": "Point",
        "coordinates": [
          90.1380659,
          24.095846
        ]
      },
      "id": "node/12373513913"
    },
    {
      "type": "Feature",
      "properties": {
        "@id": "node/12376429227",
        "amenity": "police",
        "loc_name": "উত্তরা পশ্চিম থানা",
        "name": "Uttara West Police Station"
      },
      "geometry": {
        "type": "Point",
        "coordinates": [
          90.3874419,
          23.8757236
        ]
      },
      "id": "node/12376429227"
    },
    {
      "type": "Feature",
      "properties": {
        "@id": "node/12395788155",
        "amenity": "police",
        "name": "Kalihati Police Station, Police station"
      },
      "geometry": {
        "type": "Point",
        "coordinates": [
          89.9898174,
          24.3845307
        ]
      },
      "id": "node/12395788155"
    },
    {
      "type": "Feature",
      "properties": {
        "@id": "node/12397559755",
        "amenity": "fire_station",
        "name": "Kalihati Fire Station, Fire station"
      },
      "geometry": {
        "type": "Point",
        "coordinates": [
          89.9826179,
          24.381928
        ]
      },
      "id": "node/12397559755"
    },
    {
      "type": "Feature",
      "properties": {
        "@id": "node/12452909501",
        "amenity": "police",
        "name": "Muktagacha Police Station"
      },
      "geometry": {
        "type": "Point",
        "coordinates": [
          90.2569874,
          24.7642019
        ]
      },
      "id": "node/12452909501"
    },
    {
      "type": "Feature",
      "properties": {
        "@id": "node/12468242767",
        "amenity": "police",
        "name": "Bangladesh Police, CID District Office"
      },
      "geometry": {
        "type": "Point",
        "coordinates": [
          90.393277,
          24.7661684
        ]
      },
      "id": "node/12468242767"
    },
    {
      "type": "Feature",
      "properties": {
        "@id": "node/12468730304",
        "amenity": "fire_station",
        "name": "Modern Fire Service And Civil Defence Station, Fire station"
      },
      "geometry": {
        "type": "Point",
        "coordinates": [
          90.2628666,
          23.9221738
        ]
      },
      "id": "node/12468730304"
    },
    {
      "type": "Feature",
      "properties": {
        "@id": "node/12478305982",
        "amenity": "fire_station",
        "name": "Fire Service And Civil Defence Station - Savar, Fire station"
      },
      "geometry": {
        "type": "Point",
        "coordinates": [
          90.2590107,
          23.8284302
        ]
      },
      "id": "node/12478305982"
    },
    {
      "type": "Feature",
      "properties": {
        "@id": "node/12499987031",
        "amenity": "police",
        "name": "Amin Bazar Police Station, Police academy"
      },
      "geometry": {
        "type": "Point",
        "coordinates": [
          90.3240987,
          23.7896155
        ]
      },
      "id": "node/12499987031"
    },
    {
      "type": "Feature",
      "properties": {
        "@id": "node/12538994367",
        "amenity": "police",
        "name": "Police Supers Office, Police department"
      },
      "geometry": {
        "type": "Point",
        "coordinates": [
          90.0014547,
          23.8571178
        ]
      },
      "id": "node/12538994367"
    },
    {
      "type": "Feature",
      "properties": {
        "@id": "node/12544254924",
        "amenity": "fire_station",
        "name": "Kabirhat Fire Service"
      },
      "geometry": {
        "type": "Point",
        "coordinates": [
          91.1798048,
          22.8381975
        ]
      },
      "id": "node/12544254924"
    },
    {
      "type": "Feature",
      "properties": {
        "@id": "node/12553722574",
        "amenity": "fire_station",
        "name": "Fire Service and Civil Defence Station, Fire station"
      },
      "geometry": {
        "type": "Point",
        "coordinates": [
          90.1305067,
          23.810165
        ]
      },
      "id": "node/12553722574"
    },
    {
      "type": "Feature",
      "properties": {
        "@id": "node/12573826516",
        "amenity": "police",
        "name": "Paturia Ghat Police Camp, Police station"
      },
      "geometry": {
        "type": "Point",
        "coordinates": [
          89.8119379,
          23.7913306
        ]
      },
      "id": "node/12573826516"
    },
    {
      "type": "Feature",
      "properties": {
        "@id": "node/12573911259",
        "amenity": "fire_station",
        "name": "Fire Service and Civil Defense Station, Fire station"
      },
      "geometry": {
        "type": "Point",
        "coordinates": [
          89.8769566,
          23.8895437
        ]
      },
      "id": "node/12573911259"
    },
    {
      "type": "Feature",
      "properties": {
        "@id": "node/12578737741",
        "amenity": "fire_station",
        "name": "Fire Service and Civil Defense Station Daulatpur"
      },
      "geometry": {
        "type": "Point",
        "coordinates": [
          89.837309,
          23.9654727
        ]
      },
      "id": "node/12578737741"
    },
    {
      "type": "Feature",
      "properties": {
        "@id": "node/12592805484",
        "amenity": "police",
        "name": "Nagarpur Police Station, Police station"
      },
      "geometry": {
        "type": "Point",
        "coordinates": [
          89.8797447,
          24.0617585
        ]
      },
      "id": "node/12592805484"
    },
    {
      "type": "Feature",
      "properties": {
        "@id": "node/12592806776",
        "amenity": "fire_station",
        "name": "Fire Service and Civil Defense Station, Fire station"
      },
      "geometry": {
        "type": "Point",
        "coordinates": [
          89.8800576,
          24.0654858
        ]
      },
      "id": "node/12592806776"
    },
    {
      "type": "Feature",
      "properties": {
        "@id": "node/12595553359",
        "amenity": "police",
        "name": "Tangail Sadar Thana, State police"
      },
      "geometry": {
        "type": "Point",
        "coordinates": [
          89.913974,
          24.2464231
        ]
      },
      "id": "node/12595553359"
    },
    {
      "type": "Feature",
      "properties": {
        "@id": "node/12617618185",
        "access": "permissive",
        "addr:floor": "G,1,2,3,4,5",
        "addr:housename": "Mokarrom Building",
        "addr:street": "Mokarrom Building Road",
        "amenity": "toilets",
        "changing_table": "no",
        "check_date": "2025-02-25",
        "fee": "no",
        "level": "0",
        "opening_hours": "Mo-Th,Su 08:00-17:00; Fr-Sa,PH off",
        "portable": "no",
        "toilets:disposal": "flush",
        "toilets:handwashing": "yes",
        "toilets:menstrual_products": "no",
        "toilets:position": "seated",
        "wheelchair": "yes"
      },
      "geometry": {
        "type": "Point",
        "coordinates": [
          90.3985323,
          23.7279065
        ]
      },
      "id": "node/12617618185"
    },
    {
      "type": "Feature",
      "properties": {
        "@id": "node/12617757614",
        "access": "yes",
        "amenity": "toilets",
        "changing_table": "no",
        "check_date": "2025-02-25",
        "opening_hours": "24/7",
        "source": "survey"
      },
      "geometry": {
        "type": "Point",
        "coordinates": [
          90.3938081,
          23.728103
        ]
      },
      "id": "node/12617757614"
    },
    {
      "type": "Feature",
      "properties": {
        "@id": "node/12638189267",
        "amenity": "fire_station",
        "name": "Dhanbari Fire Service, Fire station"
      },
      "geometry": {
        "type": "Point",
        "coordinates": [
          89.9572274,
          24.6657824
        ]
      },
      "id": "node/12638189267"
    },
    {
      "type": "Feature",
      "properties": {
        "@id": "node/12649316129",
        "amenity": "police",
        "name": "Dhanbari Model Thana, Civil police"
      },
      "geometry": {
        "type": "Point",
        "coordinates": [
          89.9573817,
          24.6692212
        ]
      },
      "id": "node/12649316129"
    },
    {
      "type": "Feature",
      "properties": {
        "@id": "node/12655243937",
        "amenity": "police",
        "name": "Narayanpur Police Investigation Centre, Police station"
      },
      "geometry": {
        "type": "Point",
        "coordinates": [
          89.9374304,
          24.8167263
        ]
      },
      "id": "node/12655243937"
    },
    {
      "type": "Feature",
      "properties": {
        "@id": "node/12692495931",
        "amenity": "fire_station",
        "name": "Jamalpur Fire Service And Civil Defense Station, Fire station"
      },
      "geometry": {
        "type": "Point",
        "coordinates": [
          89.9512086,
          24.9211663
        ]
      },
      "id": "node/12692495931"
    },
    {
      "type": "Feature",
      "properties": {
        "@id": "node/12738884044",
        "amenity": "police",
        "name": "District Special Branch, Federal police"
      },
      "geometry": {
        "type": "Point",
        "coordinates": [
          90.0148283,
          25.0210917
        ]
      },
      "id": "node/12738884044"
    },
    {
      "type": "Feature",
      "properties": {
        "@id": "node/12782546756",
        "amenity": "fire_station",
        "name": "Nakla Upzilla Fire Station, Fire station"
      },
      "geometry": {
        "type": "Point",
        "coordinates": [
          90.185374,
          24.9657896
        ]
      },
      "id": "node/12782546756"
    },
    {
      "type": "Feature",
      "properties": {
        "@id": "node/12800196247",
        "amenity": "police",
        "name": "Jhenaigati Police Station, Police station"
      },
      "geometry": {
        "type": "Point",
        "coordinates": [
          90.061962,
          25.1880249
        ]
      },
      "id": "node/12800196247"
    },
    {
      "type": "Feature",
      "properties": {
        "@id": "node/12819301737",
        "amenity": "fire_station",
        "name": "Fire Service and Civil Defense Station, Fire station"
      },
      "geometry": {
        "type": "Point",
        "coordinates": [
          90.024894,
          25.0187558
        ]
      },
      "id": "node/12819301737"
    },
    {
      "type": "Feature",
      "properties": {
        "@id": "node/12852981842",
        "amenity": "fire_station",
        "name": "Fire Service and Civil Defence, Fire station"
      },
      "geometry": {
        "type": "Point",
        "coordinates": [
          89.5125903,
          24.532616
        ]
      },
      "id": "node/12852981842"
    },
    {
      "type": "Feature",
      "properties": {
        "@id": "node/12869846312",
        "amenity": "fire_station",
        "name": "Bangladesh Fire Service and Civil Defense, Fire station"
      },
      "geometry": {
        "type": "Point",
        "coordinates": [
          89.4099213,
          24.6853735
        ]
      },
      "id": "node/12869846312"
    },
    {
      "type": "Feature",
      "properties": {
        "@id": "node/12925609068",
        "amenity": "fire_station",
        "name": "Fire Service And Civil Defence Station, Fire station"
      },
      "geometry": {
        "type": "Point",
        "coordinates": [
          89.3482173,
          24.7685682
        ]
      },
      "id": "node/12925609068"
    },
    {
      "type": "Feature",
      "properties": {
        "@id": "node/12944603480",
        "amenity": "fire_station",
        "name": "Nandigram Fire Station, Fire station"
      },
      "geometry": {
        "type": "Point",
        "coordinates": [
          89.2403757,
          24.6473551
        ]
      },
      "id": "node/12944603480"
    },
    {
      "type": "Feature",
      "properties": {
        "@id": "node/12960944182",
        "amenity": "police",
        "name": "Police Station SZMCH, Civil police"
      },
      "geometry": {
        "type": "Point",
        "coordinates": [
          89.3522639,
          24.824741
        ]
      },
      "id": "node/12960944182"
    },
    {
      "type": "Feature",
      "properties": {
        "@id": "node/12969365202",
        "amenity": "police",
        "name": "Armed Police Battalion, Police"
      },
      "geometry": {
        "type": "Point",
        "coordinates": [
          89.3585604,
          24.8608921
        ]
      },
      "id": "node/12969365202"
    },
    {
      "type": "Feature",
      "properties": {
        "@id": "node/13015545359",
        "amenity": "police",
        "name": "গোয়ালন্দ ঘাট থানা",
        "name:en": "Goalunda Ghat Police Station",
        "name:ja": "ゴアランダ・ガート警察署"
      },
      "geometry": {
        "type": "Point",
        "coordinates": [
          89.7642088,
          23.7254637
        ]
      },
      "id": "node/13015545359"
    },
    {
      "type": "Feature",
      "properties": {
        "@id": "node/13037245440",
        "amenity": "fire_station",
        "name": "Fire Service and Civil Defence Station, Fire station"
      },
      "geometry": {
        "type": "Point",
        "coordinates": [
          89.306803,
          25.432164
        ]
      },
      "id": "node/13037245440"
    },
    {
      "type": "Feature",
      "properties": {
        "@id": "node/13045546687",
        "amenity": "fire_station",
        "name": "Mithapukur Fire Station, Fire station"
      },
      "geometry": {
        "type": "Point",
        "coordinates": [
          89.281219,
          25.5482951
        ]
      },
      "id": "node/13045546687"
    },
    {
      "type": "Feature",
      "properties": {
        "@id": "node/13083680587",
        "addr:suburb": "Kalyanpur Pora Bostee",
        "amenity": "toilets",
        "capacity:persons": "3",
        "fee": "no",
        "shower": "yes",
        "source": "DhakaThrive_Survey",
        "toilets:disposal": "pitlatrine",
        "toilets:handwashing": "no",
        "unisex": "yes",
        "wheelchair": "no"
      },
      "geometry": {
        "type": "Point",
        "coordinates": [
          90.3569202,
          23.7840562
        ]
      },
      "id": "node/13083680587"
    },
    {
      "type": "Feature",
      "properties": {
        "@id": "node/13083819828",
        "addr:suburb": "Kalyanpur Pora Bostee",
        "amenity": "toilets",
        "capacity:persons": "3",
        "fee": "no",
        "shower": "no",
        "source": "DhakaThrive_Survey",
        "toilets:disposal": "pitlatrine",
        "toilets:handwashing": "yes",
        "unisex": "yes",
        "wheelchair": "limited"
      },
      "geometry": {
        "type": "Point",
        "coordinates": [
          90.3569842,
          23.7830321
        ]
      },
      "id": "node/13083819828"
    },
    {
      "type": "Feature",
      "properties": {
        "@id": "node/13083831561",
        "addr:suburb": "Kalyanpur Pora Bostee",
        "amenity": "toilets",
        "capacity:persons": "4",
        "fee": "no",
        "name": "UNICEF Sanitation",
        "shower": "no",
        "source": "DhakaThrive_Survey",
        "toilets:disposal": "pitlatrine",
        "toilets:handwashing": "no",
        "unisex": "yes",
        "wheelchair": "limited"
      },
      "geometry": {
        "type": "Point",
        "coordinates": [
          90.3564488,
          23.7831935
        ]
      },
      "id": "node/13083831561"
    },
    {
      "type": "Feature",
      "properties": {
        "@id": "node/13083874567",
        "addr:suburb": "Kalyanpur Pora Bostee",
        "amenity": "toilets",
        "capacity:persons": "5",
        "fee": "no",
        "shower": "no",
        "source": "DhakaThrive_Survey",
        "toilets:disposal": "pitlatrine",
        "toilets:handwashing": "yes",
        "unisex": "yes",
        "wheelchair": "no"
      },
      "geometry": {
        "type": "Point",
        "coordinates": [
          90.3569578,
          23.7838832
        ]
      },
      "id": "node/13083874567"
    },
    {
      "type": "Feature",
      "properties": {
        "@id": "node/13083895023",
        "addr:suburb": "Kalyanpur Pora Bostee",
        "amenity": "toilets",
        "capacity:persons": "1",
        "fee": "no",
        "shower": "yes",
        "source": "DhakaThrive_Survey",
        "toilets:disposal": "pitlatrine",
        "toilets:handwashing": "yes",
        "unisex": "yes",
        "wheelchair": "no"
      },
      "geometry": {
        "type": "Point",
        "coordinates": [
          90.3569561,
          23.7837771
        ]
      },
      "id": "node/13083895023"
    },
    {
      "type": "Feature",
      "properties": {
        "@id": "node/13083926823",
        "addr:suburb": "Kalyanpur Pora Bostee",
        "amenity": "toilets",
        "capacity:persons": "2",
        "fee": "no",
        "name": "WaterAid",
        "shower": "yes",
        "source": "DhakaThrive_Survey",
        "toilets:disposal": "pitlatrine",
        "toilets:handwashing": "yes",
        "unisex": "yes",
        "wheelchair": "no"
      },
      "geometry": {
        "type": "Point",
        "coordinates": [
          90.3562275,
          23.7838439
        ]
      },
      "id": "node/13083926823"
    },
    {
      "type": "Feature",
      "properties": {
        "@id": "node/13085039492",
        "addr:suburb": "Kalyanpur Pora Bostee",
        "amenity": "toilets",
        "capacity:persons": "2",
        "fee": "no",
        "shower": "yes",
        "source": "DhakaThrive_Survey",
        "toilets:disposal": "pitlatrine",
        "toilets:handwashing": "yes",
        "unisex": "yes",
        "wheelchair": "no"
      },
      "geometry": {
        "type": "Point",
        "coordinates": [
          90.3570557,
          23.7841084
        ]
      },
      "id": "node/13085039492"
    },
    {
      "type": "Feature",
      "properties": {
        "@id": "node/13085067235",
        "addr:suburb": "Kalyanpur Pora Bostee",
        "amenity": "toilets",
        "capacity:persons": "6",
        "shower": "no",
        "source": "DhakaThrive_Survey",
        "toilets:disposal": "pitlatrine",
        "toilets:handwashing": "no",
        "unisex": "yes"
      },
      "geometry": {
        "type": "Point",
        "coordinates": [
          90.3548093,
          23.7835647
        ]
      },
      "id": "node/13085067235"
    },
    {
      "type": "Feature",
      "properties": {
        "@id": "node/13085076632",
        "addr:suburb": "Kalyanpur Pora Bostee",
        "amenity": "toilets",
        "capacity:persons": "2",
        "shower": "yes",
        "source": "DhakaThrive_Survey",
        "toilets:disposal": "pitlatrine",
        "toilets:handwashing": "yes",
        "unisex": "yes"
      },
      "geometry": {
        "type": "Point",
        "coordinates": [
          90.3544754,
          23.7835445
        ]
      },
      "id": "node/13085076632"
    },
    {
      "type": "Feature",
      "properties": {
        "@id": "node/13085100146",
        "addr:suburb": "Kalyanpur Pora Bostee",
        "amenity": "toilets",
        "capacity:persons": "3",
        "shower": "yes",
        "source": "DhakaThrive_Survey",
        "toilets:disposal": "pitlatrine",
        "toilets:handwashing": "yes",
        "unisex": "yes"
      },
      "geometry": {
        "type": "Point",
        "coordinates": [
          90.354635,
          23.783307
        ]
      },
      "id": "node/13085100146"
    },
    {
      "type": "Feature",
      "properties": {
        "@id": "node/13085103562",
        "addr:suburb": "Kalyanpur Pora Bostee",
        "amenity": "toilets",
        "capacity:persons": "5",
        "shower": "yes",
        "source": "DhakaThrive_Survey",
        "toilets:disposal": "pitlatrine",
        "toilets:handwashing": "yes",
        "unisex": "yes"
      },
      "geometry": {
        "type": "Point",
        "coordinates": [
          90.3547356,
          23.7837657
        ]
      },
      "id": "node/13085103562"
    },
    {
      "type": "Feature",
      "properties": {
        "@id": "node/13085128440",
        "addr:suburb": "Kalyanpur Pora Bostee",
        "amenity": "toilets",
        "capacity:persons": "2",
        "shower": "yes",
        "source": "DhakaThrive_Survey",
        "toilets:disposal": "pitlatrine",
        "toilets:handwashing": "yes",
        "unisex": "yes"
      },
      "geometry": {
        "type": "Point",
        "coordinates": [
          90.3543486,
          23.7829965
        ]
      },
      "id": "node/13085128440"
    },
    {
      "type": "Feature",
      "properties": {
        "@id": "node/13085129184",
        "addr:suburb": "Kalyanpur Pora Bostee",
        "amenity": "toilets",
        "capacity:persons": "5",
        "shower": "no",
        "source": "DhakaThrive_Survey",
        "toilets:disposal": "pitlatrine",
        "toilets:handwashing": "no",
        "unisex": "yes"
      },
      "geometry": {
        "type": "Point",
        "coordinates": [
          90.3544895,
          23.7831021
        ]
      },
      "id": "node/13085129184"
    },
    {
      "type": "Feature",
      "properties": {
        "@id": "node/13085143523",
        "addr:suburb": "Kalyanpur Pora Bostee",
        "amenity": "toilets",
        "capacity:persons": "6",
        "shower": "yes",
        "source": "DhakaThrive_Survey",
        "toilets:disposal": "pitlatrine",
        "toilets:handwashing": "yes",
        "unisex": "yes"
      },
      "geometry": {
        "type": "Point",
        "coordinates": [
          90.3546417,
          23.7832224
        ]
      },
      "id": "node/13085143523"
    },
    {
      "type": "Feature",
      "properties": {
        "@id": "node/13085168092",
        "addr:suburb": "Kalyanpur Pora Bostee",
        "amenity": "toilets",
        "capacity:persons": "3",
        "fee": "no",
        "shower": "yes",
        "source": "DhakaThrive_Survey",
        "toilets:disposal": "pitlatrine",
        "toilets:handwashing": "no",
        "unisex": "yes",
        "wheelchair": "yes"
      },
      "geometry": {
        "type": "Point",
        "coordinates": [
          90.3562979,
          23.7837433
        ]
      },
      "id": "node/13085168092"
    },
    {
      "type": "Feature",
      "properties": {
        "@id": "node/13085177322",
        "addr:suburb": "Kalyanpur Pora Bostee",
        "amenity": "toilets",
        "capacity:persons": "3",
        "fee": "no",
        "shower": "no",
        "source": "DhakaThrive_Survey",
        "toilets:disposal": "pitlatrine",
        "toilets:handwashing": "no",
        "unisex": "yes",
        "wheelchair": "no"
      },
      "geometry": {
        "type": "Point",
        "coordinates": [
          90.356591,
          23.7838989
        ]
      },
      "id": "node/13085177322"
    },
    {
      "type": "Feature",
      "properties": {
        "@id": "node/13085205122",
        "addr:suburb": "Kalyanpur Pora Bostee",
        "amenity": "toilets",
        "capacity:persons": "3",
        "shower": "yes",
        "source": "DhakaThrive_Survey",
        "toilets:disposal": "pitlatrine",
        "toilets:handwashing": "yes",
        "unisex": "yes"
      },
      "geometry": {
        "type": "Point",
        "coordinates": [
          90.3545706,
          23.7834475
        ]
      },
      "id": "node/13085205122"
    },
    {
      "type": "Feature",
      "properties": {
        "@id": "node/13085215762",
        "addr:suburb": "Kalyanpur Pora Bostee",
        "amenity": "toilets",
        "capacity:persons": "3",
        "shower": "yes",
        "source": "DhakaThrive_Survey",
        "toilets:disposal": "pitlatrine",
        "toilets:handwashing": "yes",
        "unisex": "yes"
      },
      "geometry": {
        "type": "Point",
        "coordinates": [
          90.3545847,
          23.7831002
        ]
      },
      "id": "node/13085215762"
    },
    {
      "type": "Feature",
      "properties": {
        "@id": "node/13085224902",
        "addr:suburb": "Kalyanpur Pora Bostee",
        "amenity": "toilets",
        "capacity:persons": "3",
        "shower": "yes",
        "source": "DhakaThrive_Survey",
        "toilets:disposal": "pitlatrine",
        "toilets:handwashing": "yes",
        "unisex": "yes"
      },
      "geometry": {
        "type": "Point",
        "coordinates": [
          90.3544036,
          23.7834113
        ]
      },
      "id": "node/13085224902"
    },
    {
      "type": "Feature",
      "properties": {
        "@id": "node/13085228904",
        "addr:suburb": "Kalyanpur Pora Bostee",
        "amenity": "toilets",
        "capacity:persons": "2",
        "shower": "no",
        "source": "DhakaThrive_Survey",
        "toilets:disposal": "pitlatrine",
        "toilets:handwashing": "no",
        "unisex": "yes"
      },
      "geometry": {
        "type": "Point",
        "coordinates": [
          90.3547627,
          23.7838317
        ]
      },
      "id": "node/13085228904"
    },
    {
      "type": "Feature",
      "properties": {
        "@id": "node/13085579442",
        "addr:suburb": "Kalyanpur Pora Bostee",
        "amenity": "toilets",
        "capacity:persons": "4",
        "fee": "yes",
        "name": "Kalyanpur Community WASH Center",
        "opening_hours": "Mo-Su,PH 00:00-00:00",
        "shower": "yes",
        "source": "DhakaThrive_Survey",
        "toilets:disposal": "flush",
        "toilets:handwashing": "yes",
        "unisex": "yes",
        "wheelchair": "no"
      },
      "geometry": {
        "type": "Point",
        "coordinates": [
          90.3582788,
          23.7833966
        ]
      },
      "id": "node/13085579442"
    },
    {
      "type": "Feature",
      "properties": {
        "@id": "node/13085627719",
        "addr:suburb": "Kalyanpur Pora Bostee",
        "amenity": "toilets",
        "capacity:persons": "6",
        "fee": "no",
        "shower": "no",
        "source": "DhakaThrive_Survey",
        "toilets:disposal": "pitlatrine",
        "toilets:handwashing": "yes",
        "unisex": "yes",
        "wheelchair": "yes"
      },
      "geometry": {
        "type": "Point",
        "coordinates": [
          90.3578422,
          23.7833561
        ]
      },
      "id": "node/13085627719"
    },
    {
      "type": "Feature",
      "properties": {
        "@id": "node/13119195447",
        "amenity": "police",
        "name": "High way police, State police"
      },
      "geometry": {
        "type": "Point",
        "coordinates": [
          88.8358706,
          25.7659208
        ]
      },
      "id": "node/13119195447"
    },
    {
      "type": "Feature",
      "properties": {
        "@id": "node/13146510276",
        "amenity": "police",
        "name": "Ration Store, District Police, Rajshahi",
        "name:bn": "রেশন স্টোর জেলা পুলিশ রাজশাহী"
      },
      "geometry": {
        "type": "Point",
        "coordinates": [
          88.5662618,
          24.3639362
        ]
      },
      "id": "node/13146510276"
    },
    {
      "type": "Feature",
      "properties": {
        "@id": "node/13159581113",
        "amenity": "fire_station",
        "name": "Fire Service and Civil Defense Nilphamari, Fire station"
      },
      "geometry": {
        "type": "Point",
        "coordinates": [
          88.8467316,
          25.9412857
        ]
      },
      "id": "node/13159581113"
    },
    {
      "type": "Feature",
      "properties": {
        "@id": "node/13167388060",
        "amenity": "police",
        "name": "Debiganj Police Station, Police station"
      },
      "geometry": {
        "type": "Point",
        "coordinates": [
          88.7560613,
          26.11867
        ]
      },
      "id": "node/13167388060"
    },
    {
      "type": "Feature",
      "properties": {
        "@id": "node/13167450877",
        "access": "yes",
        "amenity": "fire_station",
        "name": "Debiganj Fire Service, Fire station"
      },
      "geometry": {
        "type": "Point",
        "coordinates": [
          88.7572299,
          26.1127555
        ]
      },
      "id": "node/13167450877"
    },
    {
      "type": "Feature",
      "properties": {
        "@id": "node/13176643020",
        "amenity": "police",
        "name": "Barlekha Police Station, Police station"
      },
      "geometry": {
        "type": "Point",
        "coordinates": [
          92.1841499,
          24.6941558
        ]
      },
      "id": "node/13176643020"
    },
    {
      "type": "Feature",
      "properties": {
        "@id": "node/13245616068",
        "amenity": "police",
        "name": "Uttara Regional Police Lines, Police academy"
      },
      "geometry": {
        "type": "Point",
        "coordinates": [
          90.3615247,
          23.8811692
        ]
      },
      "id": "node/13245616068"
    },
    {
      "type": "Feature",
      "properties": {
        "@id": "node/13532530961",
        "amenity": "police",
        "mobile": "+8801320040279",
        "name": "Mugda Police Station",
        "website": "http://www.police.gov.bd/"
      },
      "geometry": {
        "type": "Point",
        "coordinates": [
          90.433352,
          23.7288915
        ]
      },
      "id": "node/13532530961"
    },
    {
      "type": "Feature",
      "properties": {
        "@id": "node/13587235801",
        "amenity": "police",
        "name": "পাংশা থানা Pangsha Police Station"
      },
      "geometry": {
        "type": "Point",
        "coordinates": [
          89.4137292,
          23.7946155
        ]
      },
      "id": "node/13587235801"
    },
    {
      "type": "Feature",
      "properties": {
        "@id": "node/13594805720",
        "amenity": "police",
        "name": "Assistant Police Super Pangsha"
      },
      "geometry": {
        "type": "Point",
        "coordinates": [
          89.4156785,
          23.7911248
        ]
      },
      "id": "node/13594805720"
    },
    {
      "type": "Feature",
      "properties": {
        "@id": "node/13597337301",
        "amenity": "toilets",
        "opening_hours": "24/7"
      },
      "geometry": {
        "type": "Point",
        "coordinates": [
          90.2972147,
          24.0218568
        ]
      },
      "id": "node/13597337301"
    },
    {
      "type": "Feature",
      "properties": {
        "@id": "node/13597341801",
        "amenity": "toilets"
      },
      "geometry": {
        "type": "Point",
        "coordinates": [
          90.399649,
          23.7914483
        ]
      },
      "id": "node/13597341801"
    },
    {
      "type": "Feature",
      "properties": {
        "@id": "node/13597345201",
        "amenity": "toilets"
      },
      "geometry": {
        "type": "Point",
        "coordinates": [
          90.3891571,
          23.7914307
        ]
      },
      "id": "node/13597345201"
    },
    {
      "type": "Feature",
      "properties": {
        "@id": "node/13619545498",
        "addr:city": "বোদা",
        "addr:postcode": "5010",
        "addr:street": "থানাপাড়া, বোদা, পঞ্চগড়",
        "amenity": "police",
        "name": "Boda Police Station - বোদা থানা",
        "name:bn": "বোদা থানা",
        "name:en": "Boda Police Station",
        "operator": "Police Head Quarters"
      },
      "geometry": {
        "type": "Point",
        "coordinates": [
          88.5568924,
          26.1945729
        ]
      },
      "id": "node/13619545498"
    },
    {
      "type": "Feature",
      "properties": {
        "@id": "node/13681160497",
        "access": "yes",
        "amenity": "toilets"
      },
      "geometry": {
        "type": "Point",
        "coordinates": [
          88.9849443,
          24.410348
        ]
      },
      "id": "node/13681160497"
    },
    {
      "type": "Feature",
      "properties": {
        "@id": "node/13686899479",
        "amenity": "police",
        "name": "Dhamrai Police Station"
      },
      "geometry": {
        "type": "Point",
        "coordinates": [
          90.2162729,
          23.9147794
        ]
      },
      "id": "node/13686899479"
    },
    {
      "type": "Feature",
      "properties": {
        "@id": "node/13692351087",
        "amenity": "police",
        "name": "মিরপুর 10 পুলিশ বক্স"
      },
      "geometry": {
        "type": "Point",
        "coordinates": [
          90.3686292,
          23.8070931
        ]
      },
      "id": "node/13692351087"
    },
    {
      "type": "Feature",
      "properties": {
        "@id": "node/13844383501",
        "addr:postcode": "2300",
        "addr:street": "Eshakha Road",
        "amenity": "fire_station",
        "name": "Fire Service and Civil Defense ফায়ার সার্ভিস অ্যান্ড সিভিল ডিফেন্স",
        "opening_hours": "24/7"
      },
      "geometry": {
        "type": "Point",
        "coordinates": [
          90.7787831,
          24.436166
        ]
      },
      "id": "node/13844383501"
    },
    {
      "type": "Feature",
      "properties": {
        "@id": "node/13844424501",
        "addr:postcode": "2300",
        "addr:street": "Mymensingh-Kishoreganj Road",
        "amenity": "police",
        "name": "Kishoreganj Model Police Station কিশোরগঞ্জ মডেল থানা",
        "opening_hours": "24/7"
      },
      "geometry": {
        "type": "Point",
        "coordinates": [
          90.7803243,
          24.4379908
        ]
      },
      "id": "node/13844424501"
    },
    {
      "type": "Feature",
      "properties": {
        "@id": "node/13844551303",
        "amenity": "toilets",
        "opening_hours": "24/7"
      },
      "geometry": {
        "type": "Point",
        "coordinates": [
          90.7391916,
          24.5761227
        ]
      },
      "id": "node/13844551303"
    },
    {
      "type": "Feature",
      "properties": {
        "@id": "node/13848134101",
        "amenity": "toilets",
        "opening_hours": "24/7"
      },
      "geometry": {
        "type": "Point",
        "coordinates": [
          90.565933,
          24.763266
        ]
      },
      "id": "node/13848134101"
    },
    {
      "type": "Feature",
      "properties": {
        "@id": "node/13848514559",
        "addr:street": "Karimganj-Tarail Road",
        "amenity": "police",
        "name": "Karimganj Model Police Station করিমগঞ্জ মডেল থানা"
      },
      "geometry": {
        "type": "Point",
        "coordinates": [
          90.8691169,
          24.4706036
        ]
      },
      "id": "node/13848514559"
    },
    {
      "type": "Feature",
      "properties": {
        "@id": "node/13848549502",
        "addr:street": "Sharat Gupta Road",
        "amenity": "police",
        "name": "Narinda Police Outpost নারিন্দা পুলিশ ফাঁড়ি",
        "phone": "01320040659"
      },
      "geometry": {
        "type": "Point",
        "coordinates": [
          90.418578,
          23.711378
        ]
      },
      "id": "node/13848549502"
    },
    {
      "type": "Feature",
      "properties": {
        "@id": "node/13877457271",
        "addr:city": "chattogram",
        "addr:postcode": "4210",
        "addr:street": "বায়েজীদ বোস্তামী সড়ক",
        "amenity": "police",
        "name": "9 APBn Barrack",
        "opening_hours": "24/7",
        "operator": "Bangladesh Police"
      },
      "geometry": {
        "type": "Point",
        "coordinates": [
          91.8152956,
          22.3875463
        ]
      },
      "id": "node/13877457271"
    },
    {
      "type": "Feature",
      "properties": {
        "@id": "node/13877461245",
        "addr:city": "chattogram",
        "addr:postcode": "4210",
        "addr:street": "বায়েজীদ বোস্তামী সড়ক",
        "amenity": "police",
        "name": "9 APBn HeadQuaters",
        "opening_hours": "24/7",
        "operator": "Bangladesh Police"
      },
      "geometry": {
        "type": "Point",
        "coordinates": [
          91.8156985,
          22.3862932
        ]
      },
      "id": "node/13877461245"
    },
    {
      "type": "Feature",
      "properties": {
        "@id": "node/13907295809",
        "access": "yes",
        "amenity": "toilets",
        "female": "yes",
        "toilets:disposal": "flush"
      },
      "geometry": {
        "type": "Point",
        "coordinates": [
          89.7860432,
          23.559561
        ]
      },
      "id": "node/13907295809"
    },
    {
      "type": "Feature",
      "properties": {
        "@id": "node/13922500829",
        "amenity": "police",
        "name": "Nazirpur Police Station"
      },
      "geometry": {
        "type": "Point",
        "coordinates": [
          89.9726263,
          22.7086844
        ]
      },
      "id": "node/13922500829"
    },
    {
      "type": "Feature",
      "properties": {
        "@id": "node/13922508893",
        "addr:city": "Nazirpur",
        "addr:place": "নাজিরপুর সদর ইউনিয়ন",
        "amenity": "fire_station",
        "name": "Fire Service and Civil Defence, Nazirpur"
      },
      "geometry": {
        "type": "Point",
        "coordinates": [
          89.971998,
          22.7080355
        ]
      },
      "id": "node/13922508893"
    },
    {
      "type": "Feature",
      "properties": {
        "@id": "node/14023864301",
        "amenity": "police",
        "name": "Motihar Thana",
        "opening_hours": "24/7"
      },
      "geometry": {
        "type": "Point",
        "coordinates": [
          88.6281129,
          24.3604718
        ]
      },
      "id": "node/14023864301"
    }
  ]
}