{
  "type": "FeatureCollection",
  "generator": "overpass-turbo",
  "copyright": "The data included in this document is from www.openstreetmap.org. The data is made available under ODbL.",
  "timestamp": "2026-08-28T05:53:04Z",
  "features": [
    {
      "type": "Feature",
      "properties": {
        "@id": "relation/8001077",
        "admin_level": "10",
        "boundary": "administrative",
        "name": "Leda MS",
        "place": "suburb",
        "source:geometry": "Humanitarian Data Exchange",
        "source:name": "Humanitarian Data Exchange",
        "type": "boundary"
      },
      "geometry": {
        "type": "Polygon",
        "coordinates": [
          [
            [
              92.2453644,
              20.9758987
            ],
            [
              92.2453163,
              20.975978
            ],
            [
              92.2452418,
              20.976118
            ],
            [
              92.2451228,
              20.9761912
            ],
            [
              92.2450719,
              20.9762896
            ],
            [
              92.2450668,
              20.976394
            ],
            [
              92.2449783,
              20.9765081
            ],
            [
              92.2447261,
              20.9764289
            ],
            [
              92.2446527,
              20.9764828
            ],
            [
              92.2445068,
              20.9765017
            ],
            [
              92.2443787,
              20.9764541
            ],
            [
              92.244296,
              20.9763333
            ],
            [
              92.2441651,
              20.9762012
            ],
            [
              92.2439875,
              20.9760546
            ],
            [
              92.2439513,
              20.9759466
            ],
            [
              92.2438873,
              20.9758646
            ],
            [
              92.243874,
              20.9755275
            ],
            [
              92.2438066,
              20.9755062
            ],
            [
              92.2435815,
              20.9756818
            ],
            [
              92.2434355,
              20.9757721
            ],
            [
              92.2432908,
              20.9757886
            ],
            [
              92.2431525,
              20.9757665
            ],
            [
              92.2430802,
              20.9756987
            ],
            [
              92.2430507,
              20.9755654
            ],
            [
              92.2430504,
              20.9755373
            ],
            [
              92.2430432,
              20.9755136
            ],
            [
              92.2430261,
              20.9753842
            ],
            [
              92.2428799,
              20.9751812
            ],
            [
              92.2427919,
              20.9751053
            ],
            [
              92.2427013,
              20.9749502
            ],
            [
              92.2426892,
              20.9748247
            ],
            [
              92.2428193,
              20.974658
            ],
            [
              92.2428947,
              20.9745362
            ],
            [
              92.2429497,
              20.9744616
            ],
            [
              92.2429818,
              20.9740976
            ],
            [
              92.2431037,
              20.9739846
            ],
            [
              92.2432987,
              20.9739711
            ],
            [
              92.2435011,
              20.9735977
            ],
            [
              92.2433929,
              20.9735977
            ],
            [
              92.2433088,
              20.9736242
            ],
            [
              92.2431405,
              20.9735448
            ],
            [
              92.2430924,
              20.9733597
            ],
            [
              92.2431645,
              20.9731481
            ],
            [
              92.2432727,
              20.9730688
            ],
            [
              92.2433328,
              20.9729365
            ],
            [
              92.243257,
              20.9721782
            ],
            [
              92.2432367,
              20.9719844
            ],
            [
              92.2430355,
              20.9719107
            ],
            [
              92.242864,
              20.9718522
            ],
            [
              92.2429361,
              20.9716671
            ],
            [
              92.2431562,
              20.9717527
            ],
            [
              92.2431609,
              20.9715683
            ],
            [
              92.243193,
              20.9715698
            ],
            [
              92.243203,
              20.9711873
            ],
            [
              92.2432754,
              20.9711685
            ],
            [
              92.2432894,
              20.9710349
            ],
            [
              92.2433615,
              20.9710774
            ],
            [
              92.243429,
              20.9710852
            ],
            [
              92.2434771,
              20.9710852
            ],
            [
              92.2435346,
              20.9710828
            ],
            [
              92.2436105,
              20.9709431
            ],
            [
              92.2438178,
              20.9709546
            ],
            [
              92.2439501,
              20.9709909
            ],
            [
              92.2439704,
              20.9719181
            ],
            [
              92.2441682,
              20.9719393
            ],
            [
              92.2442459,
              20.9720284
            ],
            [
              92.2443825,
              20.9720284
            ],
            [
              92.2443865,
              20.9720966
            ],
            [
              92.2445924,
              20.9720916
            ],
            [
              92.2445989,
              20.9723329
            ],
            [
              92.2446071,
              20.972434
            ],
            [
              92.2445817,
              20.9725713
            ],
            [
              92.2444908,
              20.9727124
            ],
            [
              92.2446995,
              20.9728458
            ],
            [
              92.2446594,
              20.9730379
            ],
            [
              92.2445792,
              20.9733458
            ],
            [
              92.2445458,
              20.9737186
            ],
            [
              92.2443097,
              20.9737214
            ],
            [
              92.2443613,
              20.9738785
            ],
            [
              92.2443876,
              20.9739557
            ],
            [
              92.2445957,
              20.9739678
            ],
            [
              92.2446077,
              20.974206
            ],
            [
              92.2449012,
              20.9742111
            ],
            [
              92.2449893,
              20.9741941
            ],
            [
              92.2451193,
              20.9744975
            ],
            [
              92.2455628,
              20.9750563
            ],
            [
              92.2457479,
              20.9750816
            ],
            [
              92.2457225,
              20.9752486
            ],
            [
              92.2454647,
              20.9752411
            ],
            [
              92.2454086,
              20.9754302
            ],
            [
              92.2453271,
              20.9757879
            ],
            [
              92.2453644,
              20.9758194
            ],
            [
              92.2453644,
              20.9758987
            ]
          ]
        ]
      },
      "id": "relation/8001077"
    },
    {
      "type": "Feature",
      "properties": {
        "@id": "relation/8001124",
        "admin_level": "10",
        "alt_name": "Alikhali",
        "boundary": "administrative",
        "name": "Leda D",
        "place": "suburb",
        "source:geometry": "Humanitarian Data Exchange",
        "source:name": "Humanitarian Data Exchange",
        "type": "boundary"
      },
      "geometry": {
        "type": "Polygon",
        "coordinates": [
          [
            [
              92.2453644,
              20.9758987
            ],
            [
              92.2455881,
              20.9759597
            ],
            [
              92.2456881,
              20.9758265
            ],
            [
              92.2471491,
              20.9764023
            ],
            [
              92.247514,
              20.976572
            ],
            [
              92.2476948,
              20.9766542
            ],
            [
              92.2477106,
              20.9766615
            ],
            [
              92.2478637,
              20.9767321
            ],
            [
              92.2482627,
              20.9769163
            ],
            [
              92.2484893,
              20.9768814
            ],
            [
              92.2487433,
              20.9768734
            ],
            [
              92.2490497,
              20.9769115
            ],
            [
              92.2492175,
              20.9768718
            ],
            [
              92.249168,
              20.9771712
            ],
            [
              92.2491887,
              20.9772766
            ],
            [
              92.2490757,
              20.977461
            ],
            [
              92.2487961,
              20.9774313
            ],
            [
              92.2487255,
              20.9774697
            ],
            [
              92.2485998,
              20.9775383
            ],
            [
              92.2486117,
              20.9777287
            ],
            [
              92.2486176,
              20.9779607
            ],
            [
              92.2485879,
              20.978734
            ],
            [
              92.248451,
              20.9789006
            ],
            [
              92.2483202,
              20.9791088
            ],
            [
              92.2482631,
              20.9793076
            ],
            [
              92.2482927,
              20.9797888
            ],
            [
              92.2483915,
              20.9799375
            ],
            [
              92.2481916,
              20.980683
            ],
            [
              92.2480625,
              20.9809839
            ],
            [
              92.247652,
              20.9808717
            ],
            [
              92.2471988,
              20.9810462
            ],
            [
              92.2468074,
              20.9809836
            ],
            [
              92.2465933,
              20.9810349
            ],
            [
              92.2465612,
              20.981226
            ],
            [
              92.247009,
              20.9813554
            ],
            [
              92.2471476,
              20.9817437
            ],
            [
              92.2466785,
              20.9824705
            ],
            [
              92.2466095,
              20.982561
            ],
            [
              92.2465825,
              20.9826995
            ],
            [
              92.2465612,
              20.9828787
            ],
            [
              92.2462733,
              20.983028
            ],
            [
              92.2462306,
              20.9831774
            ],
            [
              92.2464652,
              20.9832271
            ],
            [
              92.2459031,
              20.9839879
            ],
            [
              92.2458254,
              20.9841232
            ],
            [
              92.2461347,
              20.9842227
            ],
            [
              92.246028,
              20.9846309
            ],
            [
              92.2455802,
              20.9848499
            ],
            [
              92.2455375,
              20.984382
            ],
            [
              92.2438101,
              20.9840336
            ],
            [
              92.2440234,
              20.9835258
            ],
            [
              92.2431704,
              20.9832869
            ],
            [
              92.2435116,
              20.9826099
            ],
            [
              92.2439293,
              20.9826422
            ],
            [
              92.2440203,
              20.9824555
            ],
            [
              92.2440354,
              20.9824249
            ],
            [
              92.2440629,
              20.9823469
            ],
            [
              92.2441185,
              20.9822249
            ],
            [
              92.2441366,
              20.9821514
            ],
            [
              92.2443624,
              20.9815792
            ],
            [
              92.2442292,
              20.9813127
            ],
            [
              92.2442102,
              20.9811557
            ],
            [
              92.2441435,
              20.9809701
            ],
            [
              92.2440531,
              20.980775
            ],
            [
              92.2438961,
              20.9806084
            ],
            [
              92.2437628,
              20.9806322
            ],
            [
              92.2435725,
              20.9806179
            ],
            [
              92.2434316,
              20.9805555
            ],
            [
              92.2430537,
              20.980656
            ],
            [
              92.2429443,
              20.9806322
            ],
            [
              92.2427463,
              20.9807554
            ],
            [
              92.242751,
              20.9808458
            ],
            [
              92.2427082,
              20.9811075
            ],
            [
              92.2426368,
              20.981236
            ],
            [
              92.242613,
              20.981374
            ],
            [
              92.2428819,
              20.9814539
            ],
            [
              92.2428319,
              20.9816834
            ],
            [
              92.2426837,
              20.9817881
            ],
            [
              92.2426029,
              20.9818452
            ],
            [
              92.2425559,
              20.9818785
            ],
            [
              92.2424328,
              20.9819161
            ],
            [
              92.2424008,
              20.9819594
            ],
            [
              92.2423926,
              20.9821293
            ],
            [
              92.2424137,
              20.9821497
            ],
            [
              92.2428415,
              20.9821926
            ],
            [
              92.2428272,
              20.9824162
            ],
            [
              92.2425956,
              20.9824371
            ],
            [
              92.2424295,
              20.9823568
            ],
            [
              92.2418785,
              20.9823161
            ],
            [
              92.2417035,
              20.982427
            ],
            [
              92.2416464,
              20.982427
            ],
            [
              92.2416036,
              20.9823734
            ],
            [
              92.2416357,
              20.9822092
            ],
            [
              92.2417321,
              20.9820344
            ],
            [
              92.2416643,
              20.9818309
            ],
            [
              92.2417535,
              20.9816275
            ],
            [
              92.2417357,
              20.981317
            ],
            [
              92.241932,
              20.9812706
            ],
            [
              92.2420783,
              20.9804647
            ],
            [
              92.2420429,
              20.9803841
            ],
            [
              92.2419399,
              20.9803549
            ],
            [
              92.2418707,
              20.9803615
            ],
            [
              92.2418075,
              20.9803487
            ],
            [
              92.2418146,
              20.9802366
            ],
            [
              92.241728,
              20.9801232
            ],
            [
              92.2415468,
              20.9796929
            ],
            [
              92.2416289,
              20.9793896
            ],
            [
              92.241766,
              20.9792978
            ],
            [
              92.2418071,
              20.9791058
            ],
            [
              92.2418688,
              20.9787724
            ],
            [
              92.2422335,
              20.9788004
            ],
            [
              92.2422655,
              20.978602
            ],
            [
              92.242495,
              20.9786509
            ],
            [
              92.2425851,
              20.9784185
            ],
            [
              92.2426715,
              20.9781386
            ],
            [
              92.2431102,
              20.9777899
            ],
            [
              92.2431695,
              20.9775773
            ],
            [
              92.2431679,
              20.9772915
            ],
            [
              92.243123,
              20.9772437
            ],
            [
              92.2431397,
              20.9770497
            ],
            [
              92.2432005,
              20.9770022
            ],
            [
              92.2433583,
              20.9770155
            ],
            [
              92.2434767,
              20.9769887
            ],
            [
              92.2435338,
              20.9769292
            ],
            [
              92.243627,
              20.9767748
            ],
            [
              92.2436305,
              20.9767666
            ],
            [
              92.2437239,
              20.9767331
            ],
            [
              92.2437301,
              20.9766038
            ],
            [
              92.2435569,
              20.9765669
            ],
            [
              92.2432871,
              20.9765477
            ],
            [
              92.2432209,
              20.9765372
            ],
            [
              92.2429023,
              20.9764774
            ],
            [
              92.2429148,
              20.9764198
            ],
            [
              92.2429773,
              20.9760611
            ],
            [
              92.2425887,
              20.9759835
            ],
            [
              92.2425718,
              20.9757423
            ],
            [
              92.2428524,
              20.9757683
            ],
            [
              92.2430957,
              20.9758668
            ],
            [
              92.2431525,
              20.9757665
            ],
            [
              92.2432908,
              20.9757886
            ],
            [
              92.2434355,
              20.9757721
            ],
            [
              92.2435815,
              20.9756818
            ],
            [
              92.2438066,
              20.9755062
            ],
            [
              92.243874,
              20.9755275
            ],
            [
              92.2438873,
              20.9758646
            ],
            [
              92.2439513,
              20.9759466
            ],
            [
              92.2439875,
              20.9760546
            ],
            [
              92.2441651,
              20.9762012
            ],
            [
              92.244296,
              20.9763333
            ],
            [
              92.2443787,
              20.9764541
            ],
            [
              92.2445068,
              20.9765017
            ],
            [
              92.2446527,
              20.9764828
            ],
            [
              92.2447261,
              20.9764289
            ],
            [
              92.2449783,
              20.9765081
            ],
            [
              92.2450668,
              20.976394
            ],
            [
              92.2450719,
              20.9762896
            ],
            [
              92.2451228,
              20.9761912
            ],
            [
              92.2452418,
              20.976118
            ],
            [
              92.2453163,
              20.975978
            ],
            [
              92.2453644,
              20.9758987
            ]
          ]
        ]
      },
      "id": "relation/8001124"
    },
    {
      "type": "Feature",
      "properties": {
        "@id": "relation/8001379",
        "admin_level": "10",
        "boundary": "administrative",
        "name": "Camp 16",
        "old_name": "Safiullahkata-Putibonia",
        "place": "neighbourhood",
        "source:geometry": "Humanitarian Data Exchange - data.humdata.org shape2018-02-08",
        "source:name": "Humanitarian Data Exchange - data.humdata.org shape2018-02-08",
        "type": "boundary"
      },
      "geometry": {
        "type": "Polygon",
        "coordinates": [
          [
            [
              92.1425228,
              21.1568548
            ],
            [
              92.1424895,
              21.1563935
            ],
            [
              92.1429563,
              21.1563384
            ],
            [
              92.1430099,
              21.1560483
            ],
            [
              92.1429024,
              21.1556863
            ],
            [
              92.1426067,
              21.1555283
            ],
            [
              92.1422977,
              21.1553391
            ],
            [
              92.1422186,
              21.1550627
            ],
            [
              92.142581,
              21.1548322
            ],
            [
              92.1433559,
              21.1548551
            ],
            [
              92.1434042,
              21.1544023
            ],
            [
              92.1441579,
              21.1543073
            ],
            [
              92.1444369,
              21.1546892
            ],
            [
              92.144461,
              21.1549101
            ],
            [
              92.1445978,
              21.1549501
            ],
            [
              92.1454762,
              21.1546337
            ],
            [
              92.1466807,
              21.1543849
            ],
            [
              92.1470869,
              21.1544724
            ],
            [
              92.1479692,
              21.1548458
            ],
            [
              92.1492501,
              21.1536294
            ],
            [
              92.1494713,
              21.1537995
            ],
            [
              92.1502358,
              21.1536269
            ],
            [
              92.1501969,
              21.1532867
            ],
            [
              92.1504705,
              21.1527438
            ],
            [
              92.1509278,
              21.151894
            ],
            [
              92.1519309,
              21.1517908
            ],
            [
              92.1522836,
              21.1523448
            ],
            [
              92.1520717,
              21.1530365
            ],
            [
              92.1527892,
              21.1530803
            ],
            [
              92.1527249,
              21.1533035
            ],
            [
              92.152849,
              21.1545043
            ],
            [
              92.1528576,
              21.1546793
            ],
            [
              92.152855,
              21.154857
            ],
            [
              92.1528444,
              21.1549438
            ],
            [
              92.1527872,
              21.1553429
            ],
            [
              92.1527061,
              21.1557181
            ],
            [
              92.1525646,
              21.1560139
            ],
            [
              92.1523936,
              21.1564591
            ],
            [
              92.1523762,
              21.1567112
            ],
            [
              92.1523935,
              21.1568982
            ],
            [
              92.152396,
              21.1573834
            ],
            [
              92.1523637,
              21.1583836
            ],
            [
              92.1524768,
              21.1586785
            ],
            [
              92.1525632,
              21.158973
            ],
            [
              92.1525747,
              21.1592813
            ],
            [
              92.152572,
              21.1595477
            ],
            [
              92.1512363,
              21.1595812
            ],
            [
              92.151373,
              21.1598529
            ],
            [
              92.1513328,
              21.1600655
            ],
            [
              92.1511397,
              21.1601943
            ],
            [
              92.1510351,
              21.1602206
            ],
            [
              92.1508352,
              21.1602256
            ],
            [
              92.1505008,
              21.1601469
            ],
            [
              92.1505537,
              21.1611903
            ],
            [
              92.1500856,
              21.1613962
            ],
            [
              92.1494579,
              21.1607321
            ],
            [
              92.1477807,
              21.1608666
            ],
            [
              92.1477118,
              21.1600655
            ],
            [
              92.147366,
              21.1593991
            ],
            [
              92.1482322,
              21.1592801
            ],
            [
              92.1480659,
              21.1577292
            ],
            [
              92.1476719,
              21.1567356
            ],
            [
              92.1461488,
              21.1562983
            ],
            [
              92.1458646,
              21.1565591
            ],
            [
              92.1449103,
              21.156941
            ],
            [
              92.1439378,
              21.156802
            ],
            [
              92.1425228,
              21.1568548
            ]
          ]
        ]
      },
      "id": "relation/8001379"
    },
    {
      "type": "Feature",
      "properties": {
        "@id": "relation/8001676",
        "admin_level": "10",
        "boundary": "administrative",
        "name": "Camp 15",
        "old_name": "Jamtoli-Baggona",
        "place": "neighbourhood",
        "source:geometry": "Humanitarian Data Exchange - data.humdata.org shape2018-02-08",
        "source:name": "Humanitarian Data Exchange - data.humdata.org shape2018-02-08",
        "type": "boundary"
      },
      "geometry": {
        "type": "Polygon",
        "coordinates": [
          [
            [
              92.1495373,
              21.1639297
            ],
            [
              92.1482536,
              21.1633523
            ],
            [
              92.1472424,
              21.1626319
            ],
            [
              92.1469152,
              21.1626719
            ],
            [
              92.1463992,
              21.1635219
            ],
            [
              92.1461427,
              21.1638525
            ],
            [
              92.1455835,
              21.1640439
            ],
            [
              92.1452281,
              21.1644103
            ],
            [
              92.1450715,
              21.1644738
            ],
            [
              92.1446871,
              21.1644645
            ],
            [
              92.1440681,
              21.1642278
            ],
            [
              92.1432611,
              21.1643763
            ],
            [
              92.1427537,
              21.164249
            ],
            [
              92.1421926,
              21.1642697
            ],
            [
              92.1416393,
              21.1640751
            ],
            [
              92.1415414,
              21.1639313
            ],
            [
              92.1412463,
              21.1637512
            ],
            [
              92.1407075,
              21.1643735
            ],
            [
              92.1401869,
              21.1641297
            ],
            [
              92.1391275,
              21.1649844
            ],
            [
              92.138426,
              21.1646529
            ],
            [
              92.1378451,
              21.1637057
            ],
            [
              92.1372619,
              21.1625593
            ],
            [
              92.1372892,
              21.1624304
            ],
            [
              92.1373048,
              21.1623279
            ],
            [
              92.1370997,
              21.1623392
            ],
            [
              92.1366852,
              21.1622717
            ],
            [
              92.1362615,
              21.1622892
            ],
            [
              92.1361904,
              21.1622316
            ],
            [
              92.136136,
              21.1619812
            ],
            [
              92.1362346,
              21.1616939
            ],
            [
              92.1362132,
              21.1614375
            ],
            [
              92.136422,
              21.1611438
            ],
            [
              92.1369427,
              21.1609372
            ],
            [
              92.1363681,
              21.1606296
            ],
            [
              92.1365914,
              21.1590424
            ],
            [
              92.1371064,
              21.1591025
            ],
            [
              92.1370018,
              21.158641
            ],
            [
              92.1373434,
              21.1579518
            ],
            [
              92.1377367,
              21.1576767
            ],
            [
              92.1380894,
              21.157823
            ],
            [
              92.1381913,
              21.1575954
            ],
            [
              92.1388496,
              21.1577299
            ],
            [
              92.138886,
              21.1570313
            ],
            [
              92.1393916,
              21.1566761
            ],
            [
              92.1393889,
              21.156401
            ],
            [
              92.1398003,
              21.1562809
            ],
            [
              92.1404162,
              21.1563935
            ],
            [
              92.1414006,
              21.1564035
            ],
            [
              92.1425228,
              21.1568548
            ],
            [
              92.1439378,
              21.156802
            ],
            [
              92.1449103,
              21.156941
            ],
            [
              92.1458646,
              21.1565591
            ],
            [
              92.1461488,
              21.1562983
            ],
            [
              92.1476719,
              21.1567356
            ],
            [
              92.1480659,
              21.1577292
            ],
            [
              92.1482322,
              21.1592801
            ],
            [
              92.147366,
              21.1593991
            ],
            [
              92.1477118,
              21.1600655
            ],
            [
              92.1477807,
              21.1608666
            ],
            [
              92.1494579,
              21.1607321
            ],
            [
              92.1500856,
              21.1613962
            ],
            [
              92.1505537,
              21.1611903
            ],
            [
              92.1506274,
              21.1613249
            ],
            [
              92.1502639,
              21.1617114
            ],
            [
              92.150111,
              21.1623017
            ],
            [
              92.1503752,
              21.1627219
            ],
            [
              92.1503364,
              21.1639438
            ],
            [
              92.1495373,
              21.1639297
            ]
          ]
        ]
      },
      "id": "relation/8001676"
    },
    {
      "type": "Feature",
      "properties": {
        "@id": "relation/8004144",
        "admin_level": "10",
        "boundary": "administrative",
        "name": "Camp 14",
        "old_name": "Hakimpara",
        "place": "neighbourhood",
        "source:geometry": "Humanitarian Data Exchange - data.humdata.org shape2018-02-08",
        "source:name": "Humanitarian Data Exchange",
        "type": "boundary"
      },
      "geometry": {
        "type": "Polygon",
        "coordinates": [
          [
            [
              92.1378451,
              21.1637057
            ],
            [
              92.138426,
              21.1646529
            ],
            [
              92.1391275,
              21.1649844
            ],
            [
              92.1401869,
              21.1641297
            ],
            [
              92.1407075,
              21.1643735
            ],
            [
              92.1412463,
              21.1637512
            ],
            [
              92.1415414,
              21.1639313
            ],
            [
              92.1416393,
              21.1640751
            ],
            [
              92.1421926,
              21.1642697
            ],
            [
              92.1427537,
              21.164249
            ],
            [
              92.1432611,
              21.1643763
            ],
            [
              92.1440681,
              21.1642278
            ],
            [
              92.1446871,
              21.1644645
            ],
            [
              92.1450715,
              21.1644738
            ],
            [
              92.1452281,
              21.1644103
            ],
            [
              92.1455835,
              21.1640439
            ],
            [
              92.1461427,
              21.1638525
            ],
            [
              92.1463992,
              21.1635219
            ],
            [
              92.1469152,
              21.1626719
            ],
            [
              92.1472424,
              21.1626319
            ],
            [
              92.1482536,
              21.1633523
            ],
            [
              92.1495373,
              21.1639297
            ],
            [
              92.1500534,
              21.1644328
            ],
            [
              92.1501982,
              21.1654884
            ],
            [
              92.1500668,
              21.1663338
            ],
            [
              92.1505862,
              21.167335
            ],
            [
              92.1502143,
              21.1676044
            ],
            [
              92.149415,
              21.1674794
            ],
            [
              92.148941,
              21.1678564
            ],
            [
              92.1484266,
              21.1677582
            ],
            [
              92.1482979,
              21.1682885
            ],
            [
              92.1476836,
              21.168885
            ],
            [
              92.1483019,
              21.1704858
            ],
            [
              92.1484073,
              21.170955
            ],
            [
              92.1479204,
              21.1719854
            ],
            [
              92.1440815,
              21.1722267
            ],
            [
              92.1439388,
              21.170929
            ],
            [
              92.143551,
              21.1693832
            ],
            [
              92.1432603,
              21.169432
            ],
            [
              92.1431065,
              21.1694578
            ],
            [
              92.1430421,
              21.168815
            ],
            [
              92.1424701,
              21.1682206
            ],
            [
              92.1421194,
              21.1683998
            ],
            [
              92.1416768,
              21.1689564
            ],
            [
              92.141371,
              21.1699293
            ],
            [
              92.1406816,
              21.1698331
            ],
            [
              92.1397805,
              21.1693841
            ],
            [
              92.1395177,
              21.1675944
            ],
            [
              92.1388096,
              21.1677245
            ],
            [
              92.1387358,
              21.1680228
            ],
            [
              92.138422,
              21.1679952
            ],
            [
              92.1383482,
              21.1675594
            ],
            [
              92.137683,
              21.1674343
            ],
            [
              92.1378761,
              21.1660836
            ],
            [
              92.1368998,
              21.1661887
            ],
            [
              92.1360362,
              21.1640976
            ],
            [
              92.1363124,
              21.1632322
            ],
            [
              92.1378451,
              21.1637057
            ]
          ]
        ]
      },
      "id": "relation/8004144"
    },
    {
      "type": "Feature",
      "properties": {
        "@id": "relation/8004151",
        "admin_level": "10",
        "boundary": "administrative",
        "name": "Camp 13",
        "old_name": "Burmapara-Tasnimarkhola",
        "place": "neighbourhood",
        "source:geometry": "Humanitarian Data Exchange - data.humdata.org shape2018-02-08",
        "source:name": "Humanitarian Data Exchange - data.humdata.org shape2018-02-08",
        "type": "boundary",
        "wikipedia": "en:Kutupalong refugee camp"
      },
      "geometry": {
        "type": "Polygon",
        "coordinates": [
          [
            [
              92.1384021,
              21.183567
            ],
            [
              92.1380904,
              21.183489
            ],
            [
              92.1379652,
              21.1831677
            ],
            [
              92.1378963,
              21.1828965
            ],
            [
              92.1373242,
              21.1827461
            ],
            [
              92.1373242,
              21.1824278
            ],
            [
              92.1360796,
              21.1824421
            ],
            [
              92.1360421,
              21.1833489
            ],
            [
              92.1356277,
              21.1833689
            ],
            [
              92.1354427,
              21.1825598
            ],
            [
              92.1346998,
              21.1813919
            ],
            [
              92.134172,
              21.181198
            ],
            [
              92.1342659,
              21.1806078
            ],
            [
              92.1338877,
              21.1804652
            ],
            [
              92.1341318,
              21.179875
            ],
            [
              92.1341933,
              21.1790063
            ],
            [
              92.1348231,
              21.1792848
            ],
            [
              92.1357023,
              21.1788452
            ],
            [
              92.135784,
              21.1782493
            ],
            [
              92.1362031,
              21.1775327
            ],
            [
              92.1368992,
              21.1770426
            ],
            [
              92.137612,
              21.1766025
            ],
            [
              92.1391236,
              21.1757211
            ],
            [
              92.1382155,
              21.1746349
            ],
            [
              92.1388145,
              21.1735372
            ],
            [
              92.1405599,
              21.1736138
            ],
            [
              92.1415843,
              21.1742276
            ],
            [
              92.1422937,
              21.1734947
            ],
            [
              92.1432111,
              21.1738011
            ],
            [
              92.1432835,
              21.1743376
            ],
            [
              92.142739,
              21.1744501
            ],
            [
              92.1427712,
              21.1751455
            ],
            [
              92.1434728,
              21.1751433
            ],
            [
              92.1450871,
              21.1761858
            ],
            [
              92.145134,
              21.1771128
            ],
            [
              92.1442384,
              21.1791797
            ],
            [
              92.144237,
              21.1793172
            ],
            [
              92.1441451,
              21.179359
            ],
            [
              92.1440839,
              21.1795792
            ],
            [
              92.1438723,
              21.179837
            ],
            [
              92.1428838,
              21.1805317
            ],
            [
              92.1427471,
              21.180645
            ],
            [
              92.1420358,
              21.1812566
            ],
            [
              92.1410971,
              21.1816084
            ],
            [
              92.1411243,
              21.1821984
            ],
            [
              92.1407558,
              21.1828648
            ],
            [
              92.1401426,
              21.1828312
            ],
            [
              92.1399591,
              21.1830273
            ],
            [
              92.1395414,
              21.1830032
            ],
            [
              92.138818,
              21.1831775
            ],
            [
              92.1385195,
              21.1835321
            ],
            [
              92.1384021,
              21.183567
            ]
          ]
        ]
      },
      "id": "relation/8004151"
    },
    {
      "type": "Feature",
      "properties": {
        "@id": "relation/8004169",
        "admin_level": "10",
        "boundary": "administrative",
        "name": "Camp 19",
        "place": "neighbourhood",
        "source:geometry": "Humanitarian Data Exchange - data.humdata.org shape2018-02-08",
        "source:name": "Humanitarian Data Exchange - data.humdata.org shape2018-02-08",
        "type": "boundary",
        "wikipedia": "en:Kutupalong refugee camp"
      },
      "geometry": {
        "type": "Polygon",
        "coordinates": [
          [
            [
              92.1440076,
              21.1857634
            ],
            [
              92.1438443,
              21.1859217
            ],
            [
              92.1432352,
              21.1865176
            ],
            [
              92.14257,
              21.1865326
            ],
            [
              92.1423715,
              21.1868277
            ],
            [
              92.1421574,
              21.1872736
            ],
            [
              92.1422056,
              21.1875768
            ],
            [
              92.1418737,
              21.1877727
            ],
            [
              92.1411677,
              21.1877732
            ],
            [
              92.1402018,
              21.187414
            ],
            [
              92.1392924,
              21.187713
            ],
            [
              92.1388364,
              21.1874579
            ],
            [
              92.1384662,
              21.1874829
            ],
            [
              92.1379487,
              21.1876811
            ],
            [
              92.1378936,
              21.1874464
            ],
            [
              92.1367872,
              21.1869177
            ],
            [
              92.1366477,
              21.1864525
            ],
            [
              92.1369219,
              21.18607
            ],
            [
              92.1364868,
              21.1858673
            ],
            [
              92.1360147,
              21.1854772
            ],
            [
              92.1358269,
              21.1847619
            ],
            [
              92.1372431,
              21.1840766
            ],
            [
              92.1373984,
              21.1837829
            ],
            [
              92.1384021,
              21.183567
            ],
            [
              92.1385195,
              21.1835321
            ],
            [
              92.138818,
              21.1831775
            ],
            [
              92.1395414,
              21.1830032
            ],
            [
              92.1399591,
              21.1830273
            ],
            [
              92.1401426,
              21.1828312
            ],
            [
              92.1407558,
              21.1828648
            ],
            [
              92.1411243,
              21.1821984
            ],
            [
              92.1410971,
              21.1816084
            ],
            [
              92.1420358,
              21.1812566
            ],
            [
              92.1427471,
              21.180645
            ],
            [
              92.1428838,
              21.1805317
            ],
            [
              92.1438723,
              21.179837
            ],
            [
              92.1440839,
              21.1795792
            ],
            [
              92.1441451,
              21.179359
            ],
            [
              92.144237,
              21.1793172
            ],
            [
              92.1442384,
              21.1791797
            ],
            [
              92.145134,
              21.1771128
            ],
            [
              92.1470392,
              21.1777158
            ],
            [
              92.1473346,
              21.1774671
            ],
            [
              92.1478547,
              21.1771883
            ],
            [
              92.1480102,
              21.1765873
            ],
            [
              92.1482254,
              21.1762934
            ],
            [
              92.1483756,
              21.1762495
            ],
            [
              92.1485794,
              21.176568
            ],
            [
              92.1484303,
              21.1769051
            ],
            [
              92.1485402,
              21.1775787
            ],
            [
              92.1486995,
              21.1777188
            ],
            [
              92.1486362,
              21.1785085
            ],
            [
              92.1475614,
              21.1792989
            ],
            [
              92.1474107,
              21.1798507
            ],
            [
              92.1475673,
              21.1802602
            ],
            [
              92.1477701,
              21.1812445
            ],
            [
              92.1481138,
              21.1817973
            ],
            [
              92.1480954,
              21.1821659
            ],
            [
              92.1478164,
              21.1827661
            ],
            [
              92.1475804,
              21.1831838
            ],
            [
              92.1473095,
              21.1839066
            ],
            [
              92.1473801,
              21.1841992
            ],
            [
              92.1472589,
              21.1841927
            ],
            [
              92.146951,
              21.1842302
            ],
            [
              92.1465178,
              21.1839446
            ],
            [
              92.1463147,
              21.1839898
            ],
            [
              92.146244,
              21.183935
            ],
            [
              92.1461736,
              21.1838578
            ],
            [
              92.1462312,
              21.1837753
            ],
            [
              92.1462379,
              21.1837152
            ],
            [
              92.1460931,
              21.1836265
            ],
            [
              92.1459228,
              21.183734
            ],
            [
              92.1458544,
              21.1839228
            ],
            [
              92.1457525,
              21.1839353
            ],
            [
              92.1455298,
              21.1838115
            ],
            [
              92.1450926,
              21.1836777
            ],
            [
              92.1448137,
              21.1835314
            ],
            [
              92.1447375,
              21.1835615
            ],
            [
              92.1447051,
              21.1837127
            ],
            [
              92.1446318,
              21.1839053
            ],
            [
              92.1447802,
              21.1840941
            ],
            [
              92.1448003,
              21.1842905
            ],
            [
              92.1447146,
              21.1844234
            ],
            [
              92.1446635,
              21.1846256
            ],
            [
              92.1446461,
              21.184782
            ],
            [
              92.1446943,
              21.1849082
            ],
            [
              92.1446004,
              21.1850245
            ],
            [
              92.1444342,
              21.1851996
            ],
            [
              92.1441968,
              21.1852008
            ],
            [
              92.1441364,
              21.1852521
            ],
            [
              92.144118,
              21.1854746
            ],
            [
              92.1439722,
              21.185685
            ],
            [
              92.1440076,
              21.1857634
            ]
          ]
        ]
      },
      "id": "relation/8004169"
    },
    {
      "type": "Feature",
      "properties": {
        "@id": "relation/8004714",
        "admin_level": "10",
        "boundary": "administrative",
        "name": "Camp 12",
        "place": "neighbourhood",
        "source:geometry": "Humanitarian Data Exchange - data.humdata.org shape2018-02-08",
        "source:name": "Humanitarian Data Exchange - data.humdata.org shape2018-02-08",
        "type": "boundary",
        "wikipedia:en": "Kutupalong refugee camp"
      },
      "geometry": {
        "type": "Polygon",
        "coordinates": [
          [
            [
              92.1473801,
              21.1841992
            ],
            [
              92.1473095,
              21.1839066
            ],
            [
              92.1475804,
              21.1831838
            ],
            [
              92.1478164,
              21.1827661
            ],
            [
              92.1480954,
              21.1821659
            ],
            [
              92.1481138,
              21.1817973
            ],
            [
              92.1477701,
              21.1812445
            ],
            [
              92.1475673,
              21.1802602
            ],
            [
              92.1474107,
              21.1798507
            ],
            [
              92.1475614,
              21.1792989
            ],
            [
              92.1486362,
              21.1785085
            ],
            [
              92.1486995,
              21.1777188
            ],
            [
              92.1488635,
              21.1778574
            ],
            [
              92.149709,
              21.177806
            ],
            [
              92.1504955,
              21.1775741
            ],
            [
              92.1519311,
              21.1777539
            ],
            [
              92.1532673,
              21.1774407
            ],
            [
              92.153469,
              21.1770701
            ],
            [
              92.1532619,
              21.1767737
            ],
            [
              92.153449,
              21.1757767
            ],
            [
              92.1533834,
              21.1747349
            ],
            [
              92.1534822,
              21.1738165
            ],
            [
              92.1542556,
              21.1731764
            ],
            [
              92.1552878,
              21.1732347
            ],
            [
              92.1555304,
              21.1740124
            ],
            [
              92.1566351,
              21.1763297
            ],
            [
              92.1564236,
              21.176486
            ],
            [
              92.1558738,
              21.1772789
            ],
            [
              92.1557692,
              21.177589
            ],
            [
              92.1559381,
              21.1780042
            ],
            [
              92.1556646,
              21.1789246
            ],
            [
              92.1555412,
              21.1790096
            ],
            [
              92.1554232,
              21.1789996
            ],
            [
              92.1551683,
              21.1788821
            ],
            [
              92.1550316,
              21.1788933
            ],
            [
              92.1549565,
              21.1790146
            ],
            [
              92.1549256,
              21.1792047
            ],
            [
              92.1550235,
              21.1796386
            ],
            [
              92.1549359,
              21.1797698
            ],
            [
              92.15477,
              21.1798024
            ],
            [
              92.1544011,
              21.1798033
            ],
            [
              92.1541733,
              21.1798675
            ],
            [
              92.1539513,
              21.1800339
            ],
            [
              92.1538535,
              21.1803419
            ],
            [
              92.1539,
              21.1817196
            ],
            [
              92.1536218,
              21.1821638
            ],
            [
              92.1532134,
              21.1826736
            ],
            [
              92.1524482,
              21.1830607
            ],
            [
              92.1519926,
              21.1833438
            ],
            [
              92.1518052,
              21.183514
            ],
            [
              92.1516658,
              21.1838032
            ],
            [
              92.1516062,
              21.1842247
            ],
            [
              92.1516824,
              21.1843582
            ],
            [
              92.1519314,
              21.184446
            ],
            [
              92.1522223,
              21.1847024
            ],
            [
              92.1522418,
              21.1848638
            ],
            [
              92.151815,
              21.1858478
            ],
            [
              92.1516631,
              21.1858335
            ],
            [
              92.1515625,
              21.1857952
            ],
            [
              92.151523,
              21.1857167
            ],
            [
              92.1513703,
              21.1855672
            ],
            [
              92.1511853,
              21.1855322
            ],
            [
              92.151024,
              21.185685
            ],
            [
              92.150901,
              21.1857323
            ],
            [
              92.1508175,
              21.1856531
            ],
            [
              92.1507834,
              21.1855358
            ],
            [
              92.1502304,
              21.1852721
            ],
            [
              92.1501029,
              21.1852786
            ],
            [
              92.1499342,
              21.185414
            ],
            [
              92.1497208,
              21.1854472
            ],
            [
              92.149584,
              21.1854271
            ],
            [
              92.1494527,
              21.1853792
            ],
            [
              92.1494557,
              21.1852838
            ],
            [
              92.1495572,
              21.1851345
            ],
            [
              92.1496028,
              21.184952
            ],
            [
              92.149356,
              21.1848619
            ],
            [
              92.1491696,
              21.1846806
            ],
            [
              92.14901,
              21.184318
            ],
            [
              92.1485889,
              21.1842329
            ],
            [
              92.1482925,
              21.1843117
            ],
            [
              92.1480525,
              21.1842329
            ],
            [
              92.1476526,
              21.1841671
            ],
            [
              92.1475897,
              21.1842257
            ],
            [
              92.1473801,
              21.1841992
            ]
          ]
        ]
      },
      "id": "relation/8004714"
    },
    {
      "type": "Feature",
      "properties": {
        "@id": "relation/8005062",
        "admin_level": "10",
        "boundary": "administrative",
        "name": "Camp 20",
        "place": "neighbourhood",
        "source:geometry": "Humanitarian Data Exchange - data.humdata.org shape2018-02-08",
        "source:name": "Humanitarian Data Exchange - data.humdata.org shape2018-02-08",
        "type": "boundary",
        "wikipedia:en": "Kutupalong refugee camp"
      },
      "geometry": {
        "type": "Polygon",
        "coordinates": [
          [
            [
              92.138665,
              21.1957462
            ],
            [
              92.1384421,
              21.1958307
            ],
            [
              92.1382382,
              21.1957756
            ],
            [
              92.1381132,
              21.1956973
            ],
            [
              92.137852,
              21.1956931
            ],
            [
              92.1377206,
              21.1958007
            ],
            [
              92.1374765,
              21.1958707
            ],
            [
              92.1374131,
              21.1958342
            ],
            [
              92.1374094,
              21.1955556
            ],
            [
              92.1373638,
              21.1954455
            ],
            [
              92.1372506,
              21.1953751
            ],
            [
              92.1371489,
              21.1951723
            ],
            [
              92.1371051,
              21.1949352
            ],
            [
              92.137162,
              21.1943338
            ],
            [
              92.1370715,
              21.1940101
            ],
            [
              92.1369696,
              21.193545
            ],
            [
              92.1369887,
              21.1934678
            ],
            [
              92.1372136,
              21.1932974
            ],
            [
              92.1373221,
              21.1931462
            ],
            [
              92.1372878,
              21.1930231
            ],
            [
              92.1371412,
              21.1929223
            ],
            [
              92.1368462,
              21.1922695
            ],
            [
              92.1367308,
              21.191982
            ],
            [
              92.1367872,
              21.1918069
            ],
            [
              92.1370018,
              21.1916894
            ],
            [
              92.1372239,
              21.1917863
            ],
            [
              92.1373669,
              21.1917438
            ],
            [
              92.1376777,
              21.1915243
            ],
            [
              92.1376743,
              21.1913429
            ],
            [
              92.1374562,
              21.1910983
            ],
            [
              92.1372485,
              21.190599
            ],
            [
              92.1374893,
              21.1900841
            ],
            [
              92.1373236,
              21.1897587
            ],
            [
              92.1373368,
              21.1893888
            ],
            [
              92.137689,
              21.1889069
            ],
            [
              92.1378053,
              21.1887164
            ],
            [
              92.1379055,
              21.1885061
            ],
            [
              92.1380616,
              21.188217
            ],
            [
              92.1379487,
              21.1876811
            ],
            [
              92.1384662,
              21.1874829
            ],
            [
              92.1388364,
              21.1874579
            ],
            [
              92.1392924,
              21.187713
            ],
            [
              92.1402018,
              21.187414
            ],
            [
              92.1411677,
              21.1877732
            ],
            [
              92.1418737,
              21.1877727
            ],
            [
              92.1422056,
              21.1875768
            ],
            [
              92.1421574,
              21.1872736
            ],
            [
              92.1423715,
              21.1868277
            ],
            [
              92.14257,
              21.1865326
            ],
            [
              92.1432352,
              21.1865176
            ],
            [
              92.1438443,
              21.1859217
            ],
            [
              92.1440076,
              21.1857634
            ],
            [
              92.1441713,
              21.1857648
            ],
            [
              92.1442652,
              21.1859824
            ],
            [
              92.1442357,
              21.1863925
            ],
            [
              92.144359,
              21.18641
            ],
            [
              92.1446031,
              21.1867952
            ],
            [
              92.1447265,
              21.1869327
            ],
            [
              92.1447265,
              21.1870703
            ],
            [
              92.1446219,
              21.1872628
            ],
            [
              92.1446487,
              21.1873604
            ],
            [
              92.1447104,
              21.1875429
            ],
            [
              92.1446434,
              21.187623
            ],
            [
              92.1444909,
              21.1876329
            ],
            [
              92.1443939,
              21.1875554
            ],
            [
              92.1442169,
              21.1874929
            ],
            [
              92.1439728,
              21.1875404
            ],
            [
              92.1439058,
              21.1876655
            ],
            [
              92.1440023,
              21.187753
            ],
            [
              92.1439735,
              21.1878101
            ],
            [
              92.1436885,
              21.1881731
            ],
            [
              92.1436617,
              21.1883357
            ],
            [
              92.1436912,
              21.1884507
            ],
            [
              92.1437851,
              21.1885608
            ],
            [
              92.1435722,
              21.1887777
            ],
            [
              92.1432459,
              21.1888284
            ],
            [
              92.1431547,
              21.1889509
            ],
            [
              92.1431252,
              21.1890935
            ],
            [
              92.1432057,
              21.189241
            ],
            [
              92.1432486,
              21.1894286
            ],
            [
              92.1432137,
              21.1896387
            ],
            [
              92.143093,
              21.1896912
            ],
            [
              92.1429911,
              21.1897712
            ],
            [
              92.1429831,
              21.1898587
            ],
            [
              92.1430609,
              21.1898862
            ],
            [
              92.1432674,
              21.1898312
            ],
            [
              92.1433079,
              21.189859
            ],
            [
              92.1433251,
              21.190101
            ],
            [
              92.1433713,
              21.1901624
            ],
            [
              92.1432724,
              21.1904382
            ],
            [
              92.143218,
              21.1907268
            ],
            [
              92.1432305,
              21.1908751
            ],
            [
              92.1433292,
              21.1910073
            ],
            [
              92.1433262,
              21.191083
            ],
            [
              92.1432191,
              21.1911292
            ],
            [
              92.1431279,
              21.1910766
            ],
            [
              92.1430367,
              21.1909141
            ],
            [
              92.1429267,
              21.1908541
            ],
            [
              92.1428329,
              21.1909116
            ],
            [
              92.1428838,
              21.1912342
            ],
            [
              92.1427953,
              21.1912717
            ],
            [
              92.1425164,
              21.1911567
            ],
            [
              92.142342,
              21.1912517
            ],
            [
              92.1422428,
              21.1914368
            ],
            [
              92.1421875,
              21.1914935
            ],
            [
              92.1419746,
              21.1917119
            ],
            [
              92.1420014,
              21.1918444
            ],
            [
              92.1421462,
              21.1919594
            ],
            [
              92.1421891,
              21.192092
            ],
            [
              92.1422267,
              21.1922245
            ],
            [
              92.1426398,
              21.1923108
            ],
            [
              92.1427718,
              21.1923915
            ],
            [
              92.1427826,
              21.1924515
            ],
            [
              92.142731,
              21.1925002
            ],
            [
              92.1426686,
              21.1925178
            ],
            [
              92.1425828,
              21.192589
            ],
            [
              92.1425244,
              21.1926672
            ],
            [
              92.1424929,
              21.1928616
            ],
            [
              92.1424534,
              21.1930173
            ],
            [
              92.1425144,
              21.193198
            ],
            [
              92.1424494,
              21.1933493
            ],
            [
              92.1424071,
              21.1934062
            ],
            [
              92.1423118,
              21.1933899
            ],
            [
              92.1422206,
              21.1934605
            ],
            [
              92.1421596,
              21.1935143
            ],
            [
              92.1421679,
              21.1936613
            ],
            [
              92.1421319,
              21.1937076
            ],
            [
              92.1420387,
              21.193688
            ],
            [
              92.1419115,
              21.1937313
            ],
            [
              92.1418259,
              21.1937801
            ],
            [
              92.141776,
              21.1938301
            ],
            [
              92.1417518,
              21.1938923
            ],
            [
              92.1417184,
              21.1939181
            ],
            [
              92.1416688,
              21.1940126
            ],
            [
              92.1416762,
              21.1941414
            ],
            [
              92.141654,
              21.1942139
            ],
            [
              92.1415756,
              21.1942571
            ],
            [
              92.1414844,
              21.1942252
            ],
            [
              92.1413801,
              21.1941622
            ],
            [
              92.141292,
              21.1940927
            ],
            [
              92.1411994,
              21.1941319
            ],
            [
              92.1411444,
              21.1941827
            ],
            [
              92.1410935,
              21.1942704
            ],
            [
              92.141095,
              21.1943317
            ],
            [
              92.1411491,
              21.1944377
            ],
            [
              92.1411501,
              21.1945365
            ],
            [
              92.1410902,
              21.1945874
            ],
            [
              92.1410092,
              21.1946073
            ],
            [
              92.1409546,
              21.1946112
            ],
            [
              92.1408905,
              21.1946026
            ],
            [
              92.140577,
              21.1945242
            ],
            [
              92.14049,
              21.1945655
            ],
            [
              92.1403813,
              21.1945965
            ],
            [
              92.1403009,
              21.1946553
            ],
            [
              92.1402231,
              21.1949654
            ],
            [
              92.140077,
              21.1948711
            ],
            [
              92.1399436,
              21.1948303
            ],
            [
              92.139876,
              21.1948097
            ],
            [
              92.1398208,
              21.1947928
            ],
            [
              92.1396705,
              21.1948579
            ],
            [
              92.139397,
              21.195253
            ],
            [
              92.1388659,
              21.1953995
            ],
            [
              92.1387315,
              21.1955922
            ],
            [
              92.1387578,
              21.1957308
            ],
            [
              92.138665,
              21.1957462
            ]
          ]
        ]
      },
      "id": "relation/8005062"
    },
    {
      "type": "Feature",
      "properties": {
        "@id": "relation/8005107",
        "admin_level": "10",
        "boundary": "administrative",
        "name": "Camp 18",
        "place": "neighbourhood",
        "source:geometry": "Humanitarian Data Exchange - data.humdata.org shape2018-02-08",
        "source:name": "Humanitarian Data Exchange - data.humdata.org shape2018-02-08",
        "type": "boundary",
        "wikipedia:en": "Kutupalong refugee camp"
      },
      "geometry": {
        "type": "Polygon",
        "coordinates": [
          [
            [
              92.1433262,
              21.191083
            ],
            [
              92.1433292,
              21.1910073
            ],
            [
              92.1432305,
              21.1908751
            ],
            [
              92.143218,
              21.1907268
            ],
            [
              92.1432724,
              21.1904382
            ],
            [
              92.1433713,
              21.1901624
            ],
            [
              92.1433251,
              21.190101
            ],
            [
              92.1433079,
              21.189859
            ],
            [
              92.1432674,
              21.1898312
            ],
            [
              92.1430609,
              21.1898862
            ],
            [
              92.1429831,
              21.1898587
            ],
            [
              92.1429911,
              21.1897712
            ],
            [
              92.143093,
              21.1896912
            ],
            [
              92.1432137,
              21.1896387
            ],
            [
              92.1432486,
              21.1894286
            ],
            [
              92.1432057,
              21.189241
            ],
            [
              92.1431252,
              21.1890935
            ],
            [
              92.1431547,
              21.1889509
            ],
            [
              92.1432459,
              21.1888284
            ],
            [
              92.1435722,
              21.1887777
            ],
            [
              92.1437851,
              21.1885608
            ],
            [
              92.1436912,
              21.1884507
            ],
            [
              92.1436617,
              21.1883357
            ],
            [
              92.1436885,
              21.1881731
            ],
            [
              92.1439735,
              21.1878101
            ],
            [
              92.1440023,
              21.187753
            ],
            [
              92.1439058,
              21.1876655
            ],
            [
              92.1439728,
              21.1875404
            ],
            [
              92.1442169,
              21.1874929
            ],
            [
              92.1443939,
              21.1875554
            ],
            [
              92.1444909,
              21.1876329
            ],
            [
              92.1446434,
              21.187623
            ],
            [
              92.1447104,
              21.1875429
            ],
            [
              92.1446487,
              21.1873604
            ],
            [
              92.1446219,
              21.1872628
            ],
            [
              92.1447265,
              21.1870703
            ],
            [
              92.1447265,
              21.1869327
            ],
            [
              92.1446031,
              21.1867952
            ],
            [
              92.144359,
              21.18641
            ],
            [
              92.1442357,
              21.1863925
            ],
            [
              92.1442652,
              21.1859824
            ],
            [
              92.1441713,
              21.1857648
            ],
            [
              92.1440076,
              21.1857634
            ],
            [
              92.1439722,
              21.185685
            ],
            [
              92.144118,
              21.1854746
            ],
            [
              92.1441364,
              21.1852521
            ],
            [
              92.1441968,
              21.1852008
            ],
            [
              92.1444342,
              21.1851996
            ],
            [
              92.1446004,
              21.1850245
            ],
            [
              92.1446943,
              21.1849082
            ],
            [
              92.1446461,
              21.184782
            ],
            [
              92.1446635,
              21.1846256
            ],
            [
              92.1447146,
              21.1844234
            ],
            [
              92.1448003,
              21.1842905
            ],
            [
              92.1447802,
              21.1840941
            ],
            [
              92.1446318,
              21.1839053
            ],
            [
              92.1447051,
              21.1837127
            ],
            [
              92.1447375,
              21.1835615
            ],
            [
              92.1448137,
              21.1835314
            ],
            [
              92.1450926,
              21.1836777
            ],
            [
              92.1455298,
              21.1838115
            ],
            [
              92.1457525,
              21.1839353
            ],
            [
              92.1458544,
              21.1839228
            ],
            [
              92.1459228,
              21.183734
            ],
            [
              92.1460931,
              21.1836265
            ],
            [
              92.1462379,
              21.1837152
            ],
            [
              92.1462312,
              21.1837753
            ],
            [
              92.1461736,
              21.1838578
            ],
            [
              92.146244,
              21.183935
            ],
            [
              92.1463147,
              21.1839898
            ],
            [
              92.1465178,
              21.1839446
            ],
            [
              92.146951,
              21.1842302
            ],
            [
              92.1472589,
              21.1841927
            ],
            [
              92.1473801,
              21.1841992
            ],
            [
              92.1475897,
              21.1842257
            ],
            [
              92.1476526,
              21.1841671
            ],
            [
              92.1480525,
              21.1842329
            ],
            [
              92.1482925,
              21.1843117
            ],
            [
              92.1485889,
              21.1842329
            ],
            [
              92.14901,
              21.184318
            ],
            [
              92.1491696,
              21.1846806
            ],
            [
              92.149356,
              21.1848619
            ],
            [
              92.1496028,
              21.184952
            ],
            [
              92.1495572,
              21.1851345
            ],
            [
              92.1494557,
              21.1852838
            ],
            [
              92.1494527,
              21.1853792
            ],
            [
              92.149584,
              21.1854271
            ],
            [
              92.1497208,
              21.1854472
            ],
            [
              92.1499342,
              21.185414
            ],
            [
              92.1501029,
              21.1852786
            ],
            [
              92.1502304,
              21.1852721
            ],
            [
              92.1507834,
              21.1855358
            ],
            [
              92.1508175,
              21.1856531
            ],
            [
              92.150901,
              21.1857323
            ],
            [
              92.151024,
              21.185685
            ],
            [
              92.1511853,
              21.1855322
            ],
            [
              92.1513703,
              21.1855672
            ],
            [
              92.151523,
              21.1857167
            ],
            [
              92.1515625,
              21.1857952
            ],
            [
              92.1516631,
              21.1858335
            ],
            [
              92.151815,
              21.1858478
            ],
            [
              92.1515849,
              21.1862039
            ],
            [
              92.151457,
              21.1866346
            ],
            [
              92.151424,
              21.1868827
            ],
            [
              92.1514614,
              21.1871543
            ],
            [
              92.1516842,
              21.1876955
            ],
            [
              92.1519068,
              21.1880481
            ],
            [
              92.1519256,
              21.1883395
            ],
            [
              92.1518089,
              21.1887484
            ],
            [
              92.1517593,
              21.1890134
            ],
            [
              92.1518236,
              21.1892235
            ],
            [
              92.1518236,
              21.1894586
            ],
            [
              92.1516506,
              21.1899575
            ],
            [
              92.1516614,
              21.1903214
            ],
            [
              92.1515635,
              21.1904652
            ],
            [
              92.1512002,
              21.1905611
            ],
            [
              92.1508943,
              21.1907278
            ],
            [
              92.1505442,
              21.1908703
            ],
            [
              92.1503136,
              21.1910754
            ],
            [
              92.1501877,
              21.1912969
            ],
            [
              92.1500587,
              21.1917319
            ],
            [
              92.150107,
              21.1918369
            ],
            [
              92.1504611,
              21.1920845
            ],
            [
              92.1505329,
              21.1922309
            ],
            [
              92.150226,
              21.193238
            ],
            [
              92.150142,
              21.1932849
            ],
            [
              92.1499698,
              21.193382
            ],
            [
              92.1494767,
              21.1934624
            ],
            [
              92.1488286,
              21.1938663
            ],
            [
              92.1485808,
              21.1941802
            ],
            [
              92.1486032,
              21.1945226
            ],
            [
              92.1478754,
              21.1942327
            ],
            [
              92.1475777,
              21.1944602
            ],
            [
              92.1472478,
              21.1949504
            ],
            [
              92.1468776,
              21.1952092
            ],
            [
              92.1465504,
              21.1954583
            ],
            [
              92.14625,
              21.1953605
            ],
            [
              92.1458316,
              21.1948604
            ],
            [
              92.145794,
              21.1941702
            ],
            [
              92.146014,
              21.1938951
            ],
            [
              92.1460622,
              21.19372
            ],
            [
              92.1458369,
              21.1931498
            ],
            [
              92.1461266,
              21.1930998
            ],
            [
              92.1462363,
              21.1928331
            ],
            [
              92.1459878,
              21.1923352
            ],
            [
              92.1459657,
              21.1913938
            ],
            [
              92.1454961,
              21.1910215
            ],
            [
              92.1450483,
              21.1910733
            ],
            [
              92.1447258,
              21.1919
            ],
            [
              92.1444487,
              21.1918975
            ],
            [
              92.1440673,
              21.1917215
            ],
            [
              92.1440611,
              21.1917075
            ],
            [
              92.1438855,
              21.1912612
            ],
            [
              92.1436389,
              21.1911512
            ],
            [
              92.1433262,
              21.191083
            ]
          ]
        ]
      },
      "id": "relation/8005107"
    },
    {
      "type": "Feature",
      "properties": {
        "@id": "relation/8005810",
        "admin_level": "10",
        "boundary": "administrative",
        "name": "Camp 11",
        "place": "neighbourhood",
        "source:geometry": "Humanitarian Data Exchange - data.humdata.org shape2018-02-08",
        "source:name": "Humanitarian Data Exchange - data.humdata.org shape2018-02-08",
        "type": "boundary",
        "wikipedia": "en:Kutupalong refugee camp"
      },
      "geometry": {
        "type": "Polygon",
        "coordinates": [
          [
            [
              92.157598,
              21.1868046
            ],
            [
              92.1573329,
              21.1867426
            ],
            [
              92.1569654,
              21.1864725
            ],
            [
              92.1569493,
              21.1862925
            ],
            [
              92.1570217,
              21.1861103
            ],
            [
              92.1570013,
              21.1860172
            ],
            [
              92.1567379,
              21.1859004
            ],
            [
              92.1565492,
              21.1858346
            ],
            [
              92.1564571,
              21.1859276
            ],
            [
              92.156445,
              21.1861188
            ],
            [
              92.1564008,
              21.1861418
            ],
            [
              92.1563693,
              21.1861968
            ],
            [
              92.1558148,
              21.1862399
            ],
            [
              92.1548063,
              21.1862074
            ],
            [
              92.1547684,
              21.1862627
            ],
            [
              92.1547693,
              21.1862832
            ],
            [
              92.1547793,
              21.1865085
            ],
            [
              92.1546073,
              21.1866193
            ],
            [
              92.154462,
              21.186592
            ],
            [
              92.154456,
              21.1864696
            ],
            [
              92.1545273,
              21.1861349
            ],
            [
              92.154446,
              21.1859757
            ],
            [
              92.1542913,
              21.1859004
            ],
            [
              92.1539981,
              21.1859478
            ],
            [
              92.1538494,
              21.1860139
            ],
            [
              92.1534705,
              21.1859073
            ],
            [
              92.1532714,
              21.1860205
            ],
            [
              92.1531426,
              21.1859943
            ],
            [
              92.1529534,
              21.1858674
            ],
            [
              92.1525961,
              21.1857298
            ],
            [
              92.1522018,
              21.1858373
            ],
            [
              92.151815,
              21.1858478
            ],
            [
              92.1522418,
              21.1848638
            ],
            [
              92.1522223,
              21.1847024
            ],
            [
              92.1519314,
              21.184446
            ],
            [
              92.1516824,
              21.1843582
            ],
            [
              92.1516062,
              21.1842247
            ],
            [
              92.1516658,
              21.1838032
            ],
            [
              92.1518052,
              21.183514
            ],
            [
              92.1519926,
              21.1833438
            ],
            [
              92.1524482,
              21.1830607
            ],
            [
              92.1532134,
              21.1826736
            ],
            [
              92.1536218,
              21.1821638
            ],
            [
              92.1539,
              21.1817196
            ],
            [
              92.1538535,
              21.1803419
            ],
            [
              92.1539513,
              21.1800339
            ],
            [
              92.1541733,
              21.1798675
            ],
            [
              92.1544011,
              21.1798033
            ],
            [
              92.15477,
              21.1798024
            ],
            [
              92.1549359,
              21.1797698
            ],
            [
              92.1550235,
              21.1796386
            ],
            [
              92.1549256,
              21.1792047
            ],
            [
              92.1549565,
              21.1790146
            ],
            [
              92.1550316,
              21.1788933
            ],
            [
              92.1551683,
              21.1788821
            ],
            [
              92.1554232,
              21.1789996
            ],
            [
              92.1555412,
              21.1790096
            ],
            [
              92.1556646,
              21.1789246
            ],
            [
              92.1559381,
              21.1780042
            ],
            [
              92.1557692,
              21.177589
            ],
            [
              92.1558738,
              21.1772789
            ],
            [
              92.1564236,
              21.176486
            ],
            [
              92.1566351,
              21.1763297
            ],
            [
              92.1569385,
              21.1770676
            ],
            [
              92.1572351,
              21.1777901
            ],
            [
              92.1574254,
              21.1786296
            ],
            [
              92.1573235,
              21.1794945
            ],
            [
              92.1573347,
              21.1799822
            ],
            [
              92.157651,
              21.1803321
            ],
            [
              92.1580655,
              21.1810572
            ],
            [
              92.1581112,
              21.1812355
            ],
            [
              92.1579943,
              21.1815649
            ],
            [
              92.1579461,
              21.1818424
            ],
            [
              92.1580513,
              21.1821013
            ],
            [
              92.158506,
              21.1826693
            ],
            [
              92.1587411,
              21.183415
            ],
            [
              92.1588647,
              21.1836463
            ],
            [
              92.1593122,
              21.1842472
            ],
            [
              92.1595299,
              21.1845192
            ],
            [
              92.1592507,
              21.1847144
            ],
            [
              92.1592668,
              21.1849095
            ],
            [
              92.1590871,
              21.1850995
            ],
            [
              92.1593794,
              21.1853196
            ],
            [
              92.1592782,
              21.1854308
            ],
            [
              92.1590549,
              21.1853071
            ],
            [
              92.1585023,
              21.1851671
            ],
            [
              92.158328,
              21.1852246
            ],
            [
              92.1582717,
              21.1853746
            ],
            [
              92.1581081,
              21.1854522
            ],
            [
              92.1580014,
              21.1855354
            ],
            [
              92.1580657,
              21.1858475
            ],
            [
              92.1579669,
              21.1865549
            ],
            [
              92.1578691,
              21.1867322
            ],
            [
              92.157598,
              21.1868046
            ]
          ]
        ]
      },
      "id": "relation/8005810"
    },
    {
      "type": "Feature",
      "properties": {
        "@id": "relation/8005956",
        "admin_level": "10",
        "boundary": "administrative",
        "name": "Camp 10",
        "place": "neighbourhood",
        "source:geometry": "Humanitarian Data Exchange - data.humdata.org shape2018-02-08",
        "source:name": "Humanitarian Data Exchange - data.humdata.org shape2018-02-08",
        "type": "boundary",
        "wikipedia": "en:Kutupalong refugee camp"
      },
      "geometry": {
        "type": "Polygon",
        "coordinates": [
          [
            [
              92.151815,
              21.1858478
            ],
            [
              92.1522018,
              21.1858373
            ],
            [
              92.1525961,
              21.1857298
            ],
            [
              92.1529534,
              21.1858674
            ],
            [
              92.1531426,
              21.1859943
            ],
            [
              92.1532714,
              21.1860205
            ],
            [
              92.1534705,
              21.1859073
            ],
            [
              92.1538494,
              21.1860139
            ],
            [
              92.1539981,
              21.1859478
            ],
            [
              92.1542913,
              21.1859004
            ],
            [
              92.154446,
              21.1859757
            ],
            [
              92.1545273,
              21.1861349
            ],
            [
              92.154456,
              21.1864696
            ],
            [
              92.154462,
              21.186592
            ],
            [
              92.1546073,
              21.1866193
            ],
            [
              92.1547793,
              21.1865085
            ],
            [
              92.1547693,
              21.1862832
            ],
            [
              92.1547684,
              21.1862627
            ],
            [
              92.1548063,
              21.1862074
            ],
            [
              92.1558148,
              21.1862399
            ],
            [
              92.1563693,
              21.1861968
            ],
            [
              92.1564008,
              21.1861418
            ],
            [
              92.156445,
              21.1861188
            ],
            [
              92.1564571,
              21.1859276
            ],
            [
              92.1565492,
              21.1858346
            ],
            [
              92.1567379,
              21.1859004
            ],
            [
              92.1570013,
              21.1860172
            ],
            [
              92.1570217,
              21.1861103
            ],
            [
              92.1569493,
              21.1862925
            ],
            [
              92.1569654,
              21.1864725
            ],
            [
              92.1573329,
              21.1867426
            ],
            [
              92.157598,
              21.1868046
            ],
            [
              92.1576682,
              21.1868827
            ],
            [
              92.1578264,
              21.1871878
            ],
            [
              92.1580256,
              21.1872959
            ],
            [
              92.158151,
              21.1874404
            ],
            [
              92.1583548,
              21.1880819
            ],
            [
              92.1584836,
              21.1881406
            ],
            [
              92.1590018,
              21.1885894
            ],
            [
              92.1590452,
              21.1887086
            ],
            [
              92.1589922,
              21.188876
            ],
            [
              92.1589247,
              21.189089
            ],
            [
              92.1586403,
              21.1891433
            ],
            [
              92.1585363,
              21.1892492
            ],
            [
              92.1584607,
              21.1893395
            ],
            [
              92.1581794,
              21.1894583
            ],
            [
              92.1580532,
              21.1895301
            ],
            [
              92.1579552,
              21.1895681
            ],
            [
              92.1577449,
              21.189688
            ],
            [
              92.1576765,
              21.1897109
            ],
            [
              92.1575087,
              21.1897263
            ],
            [
              92.1569628,
              21.1896923
            ],
            [
              92.1568279,
              21.1896704
            ],
            [
              92.156622,
              21.189596
            ],
            [
              92.1563831,
              21.1895812
            ],
            [
              92.156358,
              21.1893986
            ],
            [
              92.1558584,
              21.1897058
            ],
            [
              92.1558623,
              21.1899312
            ],
            [
              92.1556595,
              21.1905566
            ],
            [
              92.1556594,
              21.1907274
            ],
            [
              92.1556109,
              21.1909078
            ],
            [
              92.1557397,
              21.1910116
            ],
            [
              92.1560106,
              21.1910967
            ],
            [
              92.1564853,
              21.1912254
            ],
            [
              92.1564773,
              21.1913972
            ],
            [
              92.1563931,
              21.1915701
            ],
            [
              92.1562134,
              21.1918475
            ],
            [
              92.1561268,
              21.1919429
            ],
            [
              92.1558686,
              21.1920846
            ],
            [
              92.1557359,
              21.1922819
            ],
            [
              92.1557025,
              21.1924786
            ],
            [
              92.1556259,
              21.1927254
            ],
            [
              92.1556515,
              21.1929802
            ],
            [
              92.1548945,
              21.1930076
            ],
            [
              92.1547205,
              21.193261
            ],
            [
              92.1545622,
              21.1936456
            ],
            [
              92.1544615,
              21.1939995
            ],
            [
              92.1545831,
              21.194293
            ],
            [
              92.1545649,
              21.1946089
            ],
            [
              92.1541765,
              21.1949845
            ],
            [
              92.1537832,
              21.1947976
            ],
            [
              92.1534624,
              21.1948499
            ],
            [
              92.1528892,
              21.1947788
            ],
            [
              92.1526311,
              21.1945819
            ],
            [
              92.1522925,
              21.1941059
            ],
            [
              92.1519839,
              21.1939088
            ],
            [
              92.1518725,
              21.1934932
            ],
            [
              92.1516641,
              21.1931022
            ],
            [
              92.1516349,
              21.1930475
            ],
            [
              92.151592,
              21.1927983
            ],
            [
              92.1515763,
              21.1927415
            ],
            [
              92.1515687,
              21.1924662
            ],
            [
              92.1513837,
              21.1922379
            ],
            [
              92.1513128,
              21.1918909
            ],
            [
              92.1514263,
              21.1915951
            ],
            [
              92.1513558,
              21.1914211
            ],
            [
              92.1512595,
              21.1915048
            ],
            [
              92.1501877,
              21.1912969
            ],
            [
              92.1503136,
              21.1910754
            ],
            [
              92.1505442,
              21.1908703
            ],
            [
              92.1508943,
              21.1907278
            ],
            [
              92.1512002,
              21.1905611
            ],
            [
              92.1515635,
              21.1904652
            ],
            [
              92.1516614,
              21.1903214
            ],
            [
              92.1516506,
              21.1899575
            ],
            [
              92.1518236,
              21.1894586
            ],
            [
              92.1518236,
              21.1892235
            ],
            [
              92.1517593,
              21.1890134
            ],
            [
              92.1518089,
              21.1887484
            ],
            [
              92.1519256,
              21.1883395
            ],
            [
              92.1519068,
              21.1880481
            ],
            [
              92.1516842,
              21.1876955
            ],
            [
              92.1514614,
              21.1871543
            ],
            [
              92.151424,
              21.1868827
            ],
            [
              92.151457,
              21.1866346
            ],
            [
              92.1515849,
              21.1862039
            ],
            [
              92.151815,
              21.1858478
            ]
          ]
        ]
      },
      "id": "relation/8005956"
    },
    {
      "type": "Feature",
      "properties": {
        "@id": "relation/8008910",
        "admin_level": "10",
        "boundary": "administrative",
        "name": "Camp 17",
        "place": "neighbourhood",
        "source:geometry": "Humanitarian Data Exchange - data.humdata.org shape2018-02-08",
        "source:name": "Humanitarian Data Exchange - data.humdata.org shape2018-02-08",
        "type": "boundary",
        "wikipedia:en": "Kutupalong refugee camp"
      },
      "geometry": {
        "type": "Polygon",
        "coordinates": [
          [
            [
              92.1478201,
              21.1973248
            ],
            [
              92.147873,
              21.1976619
            ],
            [
              92.1478193,
              21.1977928
            ],
            [
              92.1476185,
              21.1979012
            ],
            [
              92.1475747,
              21.1979005
            ],
            [
              92.1472034,
              21.1977762
            ],
            [
              92.1470278,
              21.1977906
            ],
            [
              92.1469635,
              21.197886
            ],
            [
              92.1468625,
              21.1983303
            ],
            [
              92.1464331,
              21.1989201
            ],
            [
              92.1464041,
              21.1991248
            ],
            [
              92.1468548,
              21.1993767
            ],
            [
              92.1468891,
              21.1997125
            ],
            [
              92.146798,
              21.2003794
            ],
            [
              92.1464973,
              21.2010566
            ],
            [
              92.146481,
              21.2011712
            ],
            [
              92.146467,
              21.2012702
            ],
            [
              92.1464977,
              21.2013211
            ],
            [
              92.1466278,
              21.2015617
            ],
            [
              92.1466542,
              21.2015992
            ],
            [
              92.1460343,
              21.2016343
            ],
            [
              92.1458809,
              21.2018962
            ],
            [
              92.1458453,
              21.2020473
            ],
            [
              92.1456903,
              21.2020517
            ],
            [
              92.1456313,
              21.2020287
            ],
            [
              92.1455438,
              21.2020984
            ],
            [
              92.1454413,
              21.2021771
            ],
            [
              92.1453486,
              21.2022469
            ],
            [
              92.1451905,
              21.20233
            ],
            [
              92.1450822,
              21.2025176
            ],
            [
              92.1450497,
              21.2025738
            ],
            [
              92.1451258,
              21.2028898
            ],
            [
              92.1452945,
              21.2032437
            ],
            [
              92.1448654,
              21.2031627
            ],
            [
              92.1441395,
              21.2029174
            ],
            [
              92.1439055,
              21.2029943
            ],
            [
              92.1436916,
              21.2029328
            ],
            [
              92.1436159,
              21.2029585
            ],
            [
              92.1434785,
              21.2029624
            ],
            [
              92.1431647,
              21.2026644
            ],
            [
              92.1423091,
              21.20208
            ],
            [
              92.1417373,
              21.2021336
            ],
            [
              92.1411463,
              21.2023872
            ],
            [
              92.1409854,
              21.2023151
            ],
            [
              92.140859,
              21.2022222
            ],
            [
              92.1406918,
              21.2021617
            ],
            [
              92.1402475,
              21.2022241
            ],
            [
              92.14003,
              21.202305
            ],
            [
              92.1398171,
              21.2019759
            ],
            [
              92.1396611,
              21.2019473
            ],
            [
              92.1394652,
              21.2019104
            ],
            [
              92.1391438,
              21.2015262
            ],
            [
              92.1389767,
              21.2011853
            ],
            [
              92.1387192,
              21.2009412
            ],
            [
              92.1379774,
              21.2009374
            ],
            [
              92.137736,
              21.2004449
            ],
            [
              92.1380284,
              21.199865
            ],
            [
              92.1380776,
              21.1998194
            ],
            [
              92.138501,
              21.1994266
            ],
            [
              92.1385881,
              21.1989775
            ],
            [
              92.1385901,
              21.1986342
            ],
            [
              92.139049,
              21.1982085
            ],
            [
              92.1391064,
              21.1981043
            ],
            [
              92.1392039,
              21.1978161
            ],
            [
              92.1392055,
              21.1975476
            ],
            [
              92.1392083,
              21.1970572
            ],
            [
              92.1390867,
              21.1966488
            ],
            [
              92.1389036,
              21.1962587
            ],
            [
              92.1387578,
              21.1957308
            ],
            [
              92.1387315,
              21.1955922
            ],
            [
              92.1388659,
              21.1953995
            ],
            [
              92.139397,
              21.195253
            ],
            [
              92.1396705,
              21.1948579
            ],
            [
              92.1398208,
              21.1947928
            ],
            [
              92.139876,
              21.1948097
            ],
            [
              92.1399436,
              21.1948303
            ],
            [
              92.140077,
              21.1948711
            ],
            [
              92.1402231,
              21.1949654
            ],
            [
              92.1403009,
              21.1946553
            ],
            [
              92.1403813,
              21.1945965
            ],
            [
              92.14049,
              21.1945655
            ],
            [
              92.140577,
              21.1945242
            ],
            [
              92.1408905,
              21.1946026
            ],
            [
              92.1409546,
              21.1946112
            ],
            [
              92.1410092,
              21.1946073
            ],
            [
              92.1410902,
              21.1945874
            ],
            [
              92.1411501,
              21.1945365
            ],
            [
              92.1411491,
              21.1944377
            ],
            [
              92.141095,
              21.1943317
            ],
            [
              92.1410935,
              21.1942704
            ],
            [
              92.1411444,
              21.1941827
            ],
            [
              92.1411994,
              21.1941319
            ],
            [
              92.141292,
              21.1940927
            ],
            [
              92.1413801,
              21.1941622
            ],
            [
              92.1414844,
              21.1942252
            ],
            [
              92.1415756,
              21.1942571
            ],
            [
              92.141654,
              21.1942139
            ],
            [
              92.1416762,
              21.1941414
            ],
            [
              92.1416688,
              21.1940126
            ],
            [
              92.1417184,
              21.1939181
            ],
            [
              92.1417518,
              21.1938923
            ],
            [
              92.141776,
              21.1938301
            ],
            [
              92.1418259,
              21.1937801
            ],
            [
              92.1419115,
              21.1937313
            ],
            [
              92.1420387,
              21.193688
            ],
            [
              92.1421319,
              21.1937076
            ],
            [
              92.1421679,
              21.1936613
            ],
            [
              92.1421596,
              21.1935143
            ],
            [
              92.1422206,
              21.1934605
            ],
            [
              92.1423118,
              21.1933899
            ],
            [
              92.1424071,
              21.1934062
            ],
            [
              92.1424494,
              21.1933493
            ],
            [
              92.1425144,
              21.193198
            ],
            [
              92.1424534,
              21.1930173
            ],
            [
              92.1424929,
              21.1928616
            ],
            [
              92.1425244,
              21.1926672
            ],
            [
              92.1425828,
              21.192589
            ],
            [
              92.1426686,
              21.1925178
            ],
            [
              92.142731,
              21.1925002
            ],
            [
              92.1427826,
              21.1924515
            ],
            [
              92.1427718,
              21.1923915
            ],
            [
              92.1426398,
              21.1923108
            ],
            [
              92.1422267,
              21.1922245
            ],
            [
              92.1421891,
              21.192092
            ],
            [
              92.1421462,
              21.1919594
            ],
            [
              92.1420014,
              21.1918444
            ],
            [
              92.1419746,
              21.1917119
            ],
            [
              92.1421875,
              21.1914935
            ],
            [
              92.1422428,
              21.1914368
            ],
            [
              92.142342,
              21.1912517
            ],
            [
              92.1425164,
              21.1911567
            ],
            [
              92.1427953,
              21.1912717
            ],
            [
              92.1428838,
              21.1912342
            ],
            [
              92.1428329,
              21.1909116
            ],
            [
              92.1429267,
              21.1908541
            ],
            [
              92.1430367,
              21.1909141
            ],
            [
              92.1431279,
              21.1910766
            ],
            [
              92.1432191,
              21.1911292
            ],
            [
              92.1433262,
              21.191083
            ],
            [
              92.1436389,
              21.1911512
            ],
            [
              92.1438855,
              21.1912612
            ],
            [
              92.1440611,
              21.1917075
            ],
            [
              92.1440673,
              21.1917215
            ],
            [
              92.1444487,
              21.1918975
            ],
            [
              92.1447258,
              21.1919
            ],
            [
              92.1450483,
              21.1910733
            ],
            [
              92.1454961,
              21.1910215
            ],
            [
              92.1459657,
              21.1913938
            ],
            [
              92.1459878,
              21.1923352
            ],
            [
              92.1462363,
              21.1928331
            ],
            [
              92.1461266,
              21.1930998
            ],
            [
              92.1458369,
              21.1931498
            ],
            [
              92.1460622,
              21.19372
            ],
            [
              92.146014,
              21.1938951
            ],
            [
              92.145794,
              21.1941702
            ],
            [
              92.1458316,
              21.1948604
            ],
            [
              92.14625,
              21.1953605
            ],
            [
              92.1465504,
              21.1954583
            ],
            [
              92.1468776,
              21.1952092
            ],
            [
              92.1472478,
              21.1949504
            ],
            [
              92.1475777,
              21.1944602
            ],
            [
              92.1478754,
              21.1942327
            ],
            [
              92.1486032,
              21.1945226
            ],
            [
              92.1483731,
              21.194694
            ],
            [
              92.1481611,
              21.1949231
            ],
            [
              92.1480276,
              21.1952907
            ],
            [
              92.1478604,
              21.1956723
            ],
            [
              92.1477631,
              21.1959058
            ],
            [
              92.1482375,
              21.1965959
            ],
            [
              92.1482214,
              21.1968135
            ],
            [
              92.1478201,
              21.1973248
            ]
          ]
        ]
      },
      "id": "relation/8008910"
    },
    {
      "type": "Feature",
      "properties": {
        "@id": "relation/8009019",
        "admin_level": "10",
        "boundary": "administrative",
        "name": "Camp 9",
        "place": "neighbourhood",
        "source:geometry": "Humanitarian Data Exchange - data.humdata.org shape2018-02-08",
        "source:name": "Humanitarian Data Exchange - data.humdata.org shape2018-02-08",
        "type": "boundary",
        "wikipedia": "en:Kutupalong refugee camp"
      },
      "geometry": {
        "type": "Polygon",
        "coordinates": [
          [
            [
              92.157598,
              21.1868046
            ],
            [
              92.1578691,
              21.1867322
            ],
            [
              92.1579669,
              21.1865549
            ],
            [
              92.1580657,
              21.1858475
            ],
            [
              92.1580014,
              21.1855354
            ],
            [
              92.1581081,
              21.1854522
            ],
            [
              92.1582717,
              21.1853746
            ],
            [
              92.158328,
              21.1852246
            ],
            [
              92.1585023,
              21.1851671
            ],
            [
              92.1590549,
              21.1853071
            ],
            [
              92.1592782,
              21.1854308
            ],
            [
              92.1606062,
              21.1856926
            ],
            [
              92.1613194,
              21.1860662
            ],
            [
              92.1616924,
              21.1862043
            ],
            [
              92.1625637,
              21.186072
            ],
            [
              92.1634169,
              21.1862443
            ],
            [
              92.1647018,
              21.1878322
            ],
            [
              92.1655244,
              21.1887108
            ],
            [
              92.1664311,
              21.1895668
            ],
            [
              92.1662633,
              21.1896674
            ],
            [
              92.1660393,
              21.18998
            ],
            [
              92.1656773,
              21.1900775
            ],
            [
              92.1656263,
              21.1902026
            ],
            [
              92.1654882,
              21.1903001
            ],
            [
              92.1652535,
              21.1903401
            ],
            [
              92.1651167,
              21.1902214
            ],
            [
              92.1646486,
              21.1903677
            ],
            [
              92.1643717,
              21.1904133
            ],
            [
              92.1643032,
              21.1904221
            ],
            [
              92.1640277,
              21.1904995
            ],
            [
              92.163957,
              21.1905205
            ],
            [
              92.1638668,
              21.190584
            ],
            [
              92.1635335,
              21.1907739
            ],
            [
              92.1632403,
              21.1909277
            ],
            [
              92.1626996,
              21.1909158
            ],
            [
              92.1624345,
              21.1909065
            ],
            [
              92.1623956,
              21.1909548
            ],
            [
              92.1624312,
              21.1914564
            ],
            [
              92.1619533,
              21.1915375
            ],
            [
              92.1620308,
              21.1919094
            ],
            [
              92.1621429,
              21.1923517
            ],
            [
              92.1620307,
              21.1925189
            ],
            [
              92.1618804,
              21.1926553
            ],
            [
              92.1618667,
              21.1926776
            ],
            [
              92.161753,
              21.192732
            ],
            [
              92.1617306,
              21.1927432
            ],
            [
              92.1614892,
              21.1928683
            ],
            [
              92.1613064,
              21.1930228
            ],
            [
              92.1611911,
              21.1931606
            ],
            [
              92.1611092,
              21.1933454
            ],
            [
              92.1609615,
              21.1935491
            ],
            [
              92.1608962,
              21.1935862
            ],
            [
              92.1608292,
              21.1935562
            ],
            [
              92.1607082,
              21.1936587
            ],
            [
              92.1606044,
              21.1939293
            ],
            [
              92.1605206,
              21.1940463
            ],
            [
              92.1603151,
              21.1941409
            ],
            [
              92.1598621,
              21.1943744
            ],
            [
              92.159474,
              21.1947185
            ],
            [
              92.1593694,
              21.1948695
            ],
            [
              92.1592486,
              21.1950401
            ],
            [
              92.1590184,
              21.1951242
            ],
            [
              92.1588486,
              21.1951003
            ],
            [
              92.1586445,
              21.1949491
            ],
            [
              92.1583441,
              21.1948766
            ],
            [
              92.1582086,
              21.1942864
            ],
            [
              92.1580919,
              21.1941064
            ],
            [
              92.1576413,
              21.1940639
            ],
            [
              92.1572122,
              21.194376
            ],
            [
              92.1563566,
              21.1942577
            ],
            [
              92.1562215,
              21.1941649
            ],
            [
              92.1559457,
              21.193852
            ],
            [
              92.1557398,
              21.1934635
            ],
            [
              92.1556515,
              21.1929802
            ],
            [
              92.1556259,
              21.1927254
            ],
            [
              92.1557025,
              21.1924786
            ],
            [
              92.1557359,
              21.1922819
            ],
            [
              92.1558686,
              21.1920846
            ],
            [
              92.1561268,
              21.1919429
            ],
            [
              92.1562134,
              21.1918475
            ],
            [
              92.1563931,
              21.1915701
            ],
            [
              92.1564773,
              21.1913972
            ],
            [
              92.1564853,
              21.1912254
            ],
            [
              92.1560106,
              21.1910967
            ],
            [
              92.1557397,
              21.1910116
            ],
            [
              92.1556109,
              21.1909078
            ],
            [
              92.1556594,
              21.1907274
            ],
            [
              92.1556595,
              21.1905566
            ],
            [
              92.1558623,
              21.1899312
            ],
            [
              92.1558584,
              21.1897058
            ],
            [
              92.156358,
              21.1893986
            ],
            [
              92.1563831,
              21.1895812
            ],
            [
              92.156622,
              21.189596
            ],
            [
              92.1568279,
              21.1896704
            ],
            [
              92.1569628,
              21.1896923
            ],
            [
              92.1575087,
              21.1897263
            ],
            [
              92.1576765,
              21.1897109
            ],
            [
              92.1577449,
              21.189688
            ],
            [
              92.1579552,
              21.1895681
            ],
            [
              92.1580532,
              21.1895301
            ],
            [
              92.1581794,
              21.1894583
            ],
            [
              92.1584607,
              21.1893395
            ],
            [
              92.1585363,
              21.1892492
            ],
            [
              92.1586403,
              21.1891433
            ],
            [
              92.1589247,
              21.189089
            ],
            [
              92.1589922,
              21.188876
            ],
            [
              92.1590452,
              21.1887086
            ],
            [
              92.1590018,
              21.1885894
            ],
            [
              92.1584836,
              21.1881406
            ],
            [
              92.1583548,
              21.1880819
            ],
            [
              92.158151,
              21.1874404
            ],
            [
              92.1580256,
              21.1872959
            ],
            [
              92.1578264,
              21.1871878
            ],
            [
              92.1576682,
              21.1868827
            ],
            [
              92.157598,
              21.1868046
            ]
          ]
        ]
      },
      "id": "relation/8009019"
    },
    {
      "type": "Feature",
      "properties": {
        "@id": "relation/8009341",
        "admin_level": "10",
        "boundary": "administrative",
        "name": "কুতুপালং শরণার্থী শিবির",
        "name:en": "Kutupalong RC",
        "place": "neighbourhood",
        "source:geometry": "Humanitarian Data Exchange - data.humdata.org shape2018-02-08",
        "source:name": "Humanitarian Data Exchange - data.humdata.org shape2018-02-08",
        "type": "boundary",
        "wikipedia": "bn:কুতুপালং শরণার্থী শিবির",
        "wikipedia:en": "Kutupalong refugee camp"
      },
      "geometry": {
        "type": "Polygon",
        "coordinates": [
          [
            [
              92.1648124,
              21.207938
            ],
            [
              92.1648216,
              21.2078738
            ],
            [
              92.1649789,
              21.2078664
            ],
            [
              92.1652622,
              21.2079096
            ],
            [
              92.1652097,
              21.2081849
            ],
            [
              92.1655069,
              21.208489
            ],
            [
              92.1657129,
              21.2085399
            ],
            [
              92.1658256,
              21.2085244
            ],
            [
              92.1659784,
              21.2086385
            ],
            [
              92.16627,
              21.2089553
            ],
            [
              92.1663466,
              21.2089176
            ],
            [
              92.1665007,
              21.2090041
            ],
            [
              92.1665557,
              21.2089453
            ],
            [
              92.1666285,
              21.2089481
            ],
            [
              92.1666865,
              21.2091091
            ],
            [
              92.1665798,
              21.2091416
            ],
            [
              92.1662535,
              21.2095972
            ],
            [
              92.1661882,
              21.2099558
            ],
            [
              92.1663579,
              21.2103029
            ],
            [
              92.1667663,
              21.2104188
            ],
            [
              92.1669738,
              21.2105823
            ],
            [
              92.1668631,
              21.2110697
            ],
            [
              92.1671343,
              21.2111897
            ],
            [
              92.1668846,
              21.2121242
            ],
            [
              92.1667086,
              21.2126263
            ],
            [
              92.166844,
              21.2130149
            ],
            [
              92.1665141,
              21.2130899
            ],
            [
              92.1664926,
              21.2134275
            ],
            [
              92.1661949,
              21.213425
            ],
            [
              92.1660849,
              21.213655
            ],
            [
              92.1662217,
              21.2139551
            ],
            [
              92.1656477,
              21.2139551
            ],
            [
              92.1655887,
              21.21369
            ],
            [
              92.1652086,
              21.2133333
            ],
            [
              92.1650176,
              21.2133758
            ],
            [
              92.1647796,
              21.2135196
            ],
            [
              92.1647322,
              21.2137385
            ],
            [
              92.1652716,
              21.2138262
            ],
            [
              92.1654888,
              21.2148255
            ],
            [
              92.1650788,
              21.2149757
            ],
            [
              92.1638793,
              21.2154716
            ],
            [
              92.1631779,
              21.2159713
            ],
            [
              92.1629529,
              21.2157539
            ],
            [
              92.1617575,
              21.2154458
            ],
            [
              92.1612794,
              21.2139349
            ],
            [
              92.1612785,
              21.213932
            ],
            [
              92.1608707,
              21.2132175
            ],
            [
              92.1607499,
              21.213006
            ],
            [
              92.1604524,
              21.2120537
            ],
            [
              92.1603594,
              21.2114903
            ],
            [
              92.1604738,
              21.2114733
            ],
            [
              92.1604657,
              21.2109795
            ],
            [
              92.1604376,
              21.2108895
            ],
            [
              92.1604416,
              21.2107119
            ],
            [
              92.1605941,
              21.2105754
            ],
            [
              92.1608104,
              21.2106094
            ],
            [
              92.161041,
              21.2105256
            ],
            [
              92.1611028,
              21.2106384
            ],
            [
              92.1612967,
              21.2105561
            ],
            [
              92.1615205,
              21.2105813
            ],
            [
              92.1615796,
              21.2105879
            ],
            [
              92.1620027,
              21.2105391
            ],
            [
              92.1621528,
              21.2105969
            ],
            [
              92.162282,
              21.2103384
            ],
            [
              92.1623226,
              21.2101056
            ],
            [
              92.1626293,
              21.209485
            ],
            [
              92.1628359,
              21.2094568
            ],
            [
              92.1631131,
              21.2094075
            ],
            [
              92.1633645,
              21.2094487
            ],
            [
              92.1637001,
              21.2093833
            ],
            [
              92.163801,
              21.2091166
            ],
            [
              92.1639091,
              21.2088933
            ],
            [
              92.1640356,
              21.2089315
            ],
            [
              92.1645993,
              21.2089668
            ],
            [
              92.1647143,
              21.2082139
            ],
            [
              92.1647653,
              21.2081951
            ],
            [
              92.1648124,
              21.207938
            ]
          ]
        ]
      },
      "id": "relation/8009341"
    },
    {
      "type": "Feature",
      "properties": {
        "@id": "relation/8061359",
        "admin_level": "10",
        "boundary": "administrative",
        "name": "Camp 8W",
        "place": "neighbourhood",
        "source:geometry": "Humanitarian Data Exchange - data.humdata.org shape2018-02-08",
        "source:name": "Humanitarian Data Exchange - data.humdata.org shape2018-02-08",
        "type": "boundary",
        "wikipedia:en": "Kutupalong refugee camp"
      },
      "geometry": {
        "type": "Polygon",
        "coordinates": [
          [
            [
              92.1556515,
              21.1929802
            ],
            [
              92.1557398,
              21.1934635
            ],
            [
              92.1559457,
              21.193852
            ],
            [
              92.1562215,
              21.1941649
            ],
            [
              92.1563566,
              21.1942577
            ],
            [
              92.1572122,
              21.194376
            ],
            [
              92.1576413,
              21.1940639
            ],
            [
              92.1580919,
              21.1941064
            ],
            [
              92.1582086,
              21.1942864
            ],
            [
              92.1583441,
              21.1948766
            ],
            [
              92.1586445,
              21.1949491
            ],
            [
              92.1588486,
              21.1951003
            ],
            [
              92.1590184,
              21.1951242
            ],
            [
              92.1590581,
              21.1952463
            ],
            [
              92.1591362,
              21.1955527
            ],
            [
              92.1593,
              21.1957704
            ],
            [
              92.1592304,
              21.1958811
            ],
            [
              92.1593238,
              21.1961703
            ],
            [
              92.1593754,
              21.1961795
            ],
            [
              92.1594915,
              21.196203
            ],
            [
              92.1595364,
              21.1962109
            ],
            [
              92.1596526,
              21.1962019
            ],
            [
              92.1597465,
              21.1961928
            ],
            [
              92.159877,
              21.1964136
            ],
            [
              92.1599332,
              21.1965366
            ],
            [
              92.1599767,
              21.1967157
            ],
            [
              92.1599648,
              21.1968166
            ],
            [
              92.1599825,
              21.1968623
            ],
            [
              92.1601126,
              21.197007
            ],
            [
              92.1602141,
              21.1971676
            ],
            [
              92.160196,
              21.1973435
            ],
            [
              92.1603316,
              21.1975043
            ],
            [
              92.1603902,
              21.1974982
            ],
            [
              92.1604456,
              21.1976892
            ],
            [
              92.1603851,
              21.1978789
            ],
            [
              92.1602542,
              21.1980266
            ],
            [
              92.1600926,
              21.1981151
            ],
            [
              92.1600803,
              21.1982429
            ],
            [
              92.1599403,
              21.1983409
            ],
            [
              92.1600303,
              21.1984507
            ],
            [
              92.1599818,
              21.1987475
            ],
            [
              92.159698,
              21.1989153
            ],
            [
              92.1597665,
              21.1990154
            ],
            [
              92.1599126,
              21.1990056
            ],
            [
              92.1598711,
              21.1991605
            ],
            [
              92.1596842,
              21.1993025
            ],
            [
              92.159608,
              21.1994509
            ],
            [
              92.1596773,
              21.199851
            ],
            [
              92.1600164,
              21.1997994
            ],
            [
              92.1603715,
              21.1999195
            ],
            [
              92.1601665,
              21.2001618
            ],
            [
              92.1599306,
              21.2002767
            ],
            [
              92.1595881,
              21.2002209
            ],
            [
              92.1591184,
              21.2000938
            ],
            [
              92.15868,
              21.1999715
            ],
            [
              92.1585069,
              21.1999807
            ],
            [
              92.1582091,
              21.200131
            ],
            [
              92.1578966,
              21.2000569
            ],
            [
              92.1578126,
              21.1999238
            ],
            [
              92.1578026,
              21.1995903
            ],
            [
              92.1577044,
              21.1994782
            ],
            [
              92.157528,
              21.1994719
            ],
            [
              92.1567846,
              21.1999579
            ],
            [
              92.1566339,
              21.2000588
            ],
            [
              92.1561698,
              21.2003189
            ],
            [
              92.155863,
              21.2002544
            ],
            [
              92.1557021,
              21.2003082
            ],
            [
              92.1556766,
              21.2004858
            ],
            [
              92.1555425,
              21.2005058
            ],
            [
              92.1554057,
              21.200467
            ],
            [
              92.155344,
              21.2001994
            ],
            [
              92.1552542,
              21.2002032
            ],
            [
              92.155159,
              21.2003607
            ],
            [
              92.1550074,
              21.2003845
            ],
            [
              92.1548116,
              21.2002557
            ],
            [
              92.1546118,
              21.2002682
            ],
            [
              92.1545394,
              21.2002144
            ],
            [
              92.154534,
              21.2001044
            ],
            [
              92.1544281,
              21.2001107
            ],
            [
              92.1543879,
              21.2002294
            ],
            [
              92.1542637,
              21.2003172
            ],
            [
              92.1541692,
              21.200377
            ],
            [
              92.1538983,
              21.2003007
            ],
            [
              92.1538527,
              21.2003395
            ],
            [
              92.1538997,
              21.2004645
            ],
            [
              92.1538259,
              21.200502
            ],
            [
              92.1536127,
              21.2004707
            ],
            [
              92.1534035,
              21.2005108
            ],
            [
              92.153366,
              21.2006933
            ],
            [
              92.1531057,
              21.2006258
            ],
            [
              92.1529917,
              21.2006595
            ],
            [
              92.1527404,
              21.2008894
            ],
            [
              92.1526283,
              21.2008784
            ],
            [
              92.15269,
              21.2007233
            ],
            [
              92.152572,
              21.2006983
            ],
            [
              92.1524687,
              21.2008559
            ],
            [
              92.1522179,
              21.2007171
            ],
            [
              92.1520732,
              21.2008905
            ],
            [
              92.1518036,
              21.2007581
            ],
            [
              92.1516228,
              21.2005776
            ],
            [
              92.1514956,
              21.2002932
            ],
            [
              92.1517471,
              21.1999821
            ],
            [
              92.1517859,
              21.1996465
            ],
            [
              92.1516326,
              21.1993336
            ],
            [
              92.1510271,
              21.1988477
            ],
            [
              92.1503028,
              21.1982289
            ],
            [
              92.1499863,
              21.1978863
            ],
            [
              92.1497315,
              21.1978813
            ],
            [
              92.1493124,
              21.1979452
            ],
            [
              92.1488015,
              21.1976174
            ],
            [
              92.148566,
              21.1975696
            ],
            [
              92.1483261,
              21.1975191
            ],
            [
              92.1478201,
              21.1973248
            ],
            [
              92.1482214,
              21.1968135
            ],
            [
              92.1482375,
              21.1965959
            ],
            [
              92.1477631,
              21.1959058
            ],
            [
              92.1478604,
              21.1956723
            ],
            [
              92.1480276,
              21.1952907
            ],
            [
              92.1481611,
              21.1949231
            ],
            [
              92.1483731,
              21.194694
            ],
            [
              92.1486032,
              21.1945226
            ],
            [
              92.1485808,
              21.1941802
            ],
            [
              92.1488286,
              21.1938663
            ],
            [
              92.1494767,
              21.1934624
            ],
            [
              92.1499698,
              21.193382
            ],
            [
              92.150142,
              21.1932849
            ],
            [
              92.150226,
              21.193238
            ],
            [
              92.1505329,
              21.1922309
            ],
            [
              92.1504611,
              21.1920845
            ],
            [
              92.150107,
              21.1918369
            ],
            [
              92.1500587,
              21.1917319
            ],
            [
              92.1501877,
              21.1912969
            ],
            [
              92.1512595,
              21.1915048
            ],
            [
              92.1513558,
              21.1914211
            ],
            [
              92.1514263,
              21.1915951
            ],
            [
              92.1513128,
              21.1918909
            ],
            [
              92.1513837,
              21.1922379
            ],
            [
              92.1515687,
              21.1924662
            ],
            [
              92.1515763,
              21.1927415
            ],
            [
              92.151592,
              21.1927983
            ],
            [
              92.1516349,
              21.1930475
            ],
            [
              92.1516641,
              21.1931022
            ],
            [
              92.1518725,
              21.1934932
            ],
            [
              92.1519839,
              21.1939088
            ],
            [
              92.1522925,
              21.1941059
            ],
            [
              92.1526311,
              21.1945819
            ],
            [
              92.1528892,
              21.1947788
            ],
            [
              92.1534624,
              21.1948499
            ],
            [
              92.1537832,
              21.1947976
            ],
            [
              92.1541765,
              21.1949845
            ],
            [
              92.1545649,
              21.1946089
            ],
            [
              92.1545831,
              21.194293
            ],
            [
              92.1544615,
              21.1939995
            ],
            [
              92.1545622,
              21.1936456
            ],
            [
              92.1547205,
              21.193261
            ],
            [
              92.1548945,
              21.1930076
            ],
            [
              92.1556515,
              21.1929802
            ]
          ]
        ]
      },
      "id": "relation/8061359"
    },
    {
      "type": "Feature",
      "properties": {
        "@id": "relation/8063436",
        "admin_level": "10",
        "boundary": "administrative",
        "name": "Camp 8E",
        "place": "neighbourhood",
        "source:geometry": "Humanitarian Data Exchange - data.humdata.org shape2018-02-08",
        "source:name": "Humanitarian Data Exchange - data.humdata.org shape2018-02-08",
        "type": "boundary",
        "wikipedia:en": "Kutupalong refugee camp"
      },
      "geometry": {
        "type": "Polygon",
        "coordinates": [
          [
            [
              92.1664311,
              21.1895668
            ],
            [
              92.16719,
              21.190286
            ],
            [
              92.1679654,
              21.1906073
            ],
            [
              92.1685318,
              21.1909766
            ],
            [
              92.1696271,
              21.1924531
            ],
            [
              92.1692598,
              21.1927132
            ],
            [
              92.1689865,
              21.1927104
            ],
            [
              92.1687099,
              21.1926343
            ],
            [
              92.1682598,
              21.1926315
            ],
            [
              92.168139,
              21.1927306
            ],
            [
              92.1681179,
              21.1929097
            ],
            [
              92.1681867,
              21.1930369
            ],
            [
              92.1687001,
              21.1934245
            ],
            [
              92.1688379,
              21.1936101
            ],
            [
              92.168917,
              21.1938346
            ],
            [
              92.1690384,
              21.1939942
            ],
            [
              92.1691574,
              21.194067
            ],
            [
              92.1692861,
              21.1941364
            ],
            [
              92.1694082,
              21.1942577
            ],
            [
              92.1693781,
              21.1943978
            ],
            [
              92.1693733,
              21.194564
            ],
            [
              92.169546,
              21.1947104
            ],
            [
              92.169946,
              21.1947316
            ],
            [
              92.1703443,
              21.1948091
            ],
            [
              92.1706708,
              21.1948007
            ],
            [
              92.1708972,
              21.19484
            ],
            [
              92.1709572,
              21.1949316
            ],
            [
              92.1709702,
              21.1950806
            ],
            [
              92.1709344,
              21.1951917
            ],
            [
              92.170807,
              21.1952994
            ],
            [
              92.1706125,
              21.1953412
            ],
            [
              92.1703497,
              21.1952905
            ],
            [
              92.1701122,
              21.1952958
            ],
            [
              92.169899,
              21.1954768
            ],
            [
              92.1696717,
              21.1955293
            ],
            [
              92.1693948,
              21.195448
            ],
            [
              92.1692507,
              21.1954628
            ],
            [
              92.1691311,
              21.1955439
            ],
            [
              92.1690357,
              21.1959843
            ],
            [
              92.1690255,
              21.1961301
            ],
            [
              92.1691693,
              21.1962728
            ],
            [
              92.1698846,
              21.1965447
            ],
            [
              92.1699043,
              21.1966738
            ],
            [
              92.1698262,
              21.1968251
            ],
            [
              92.1696521,
              21.1969451
            ],
            [
              92.1692586,
              21.1970674
            ],
            [
              92.1690725,
              21.1973153
            ],
            [
              92.1689725,
              21.1973553
            ],
            [
              92.1685381,
              21.1972755
            ],
            [
              92.16835,
              21.1973368
            ],
            [
              92.168261,
              21.1974741
            ],
            [
              92.1682357,
              21.197626
            ],
            [
              92.1683915,
              21.1979338
            ],
            [
              92.1684388,
              21.1982492
            ],
            [
              92.1685714,
              21.1983452
            ],
            [
              92.1687752,
              21.1984514
            ],
            [
              92.1688259,
              21.1985806
            ],
            [
              92.1687725,
              21.1986752
            ],
            [
              92.1686148,
              21.1987673
            ],
            [
              92.1685149,
              21.198901
            ],
            [
              92.1685566,
              21.1990329
            ],
            [
              92.1686371,
              21.1990829
            ],
            [
              92.1688382,
              21.1990954
            ],
            [
              92.1689656,
              21.1991616
            ],
            [
              92.1690112,
              21.1992992
            ],
            [
              92.1689609,
              21.199415
            ],
            [
              92.1688621,
              21.1994754
            ],
            [
              92.1685418,
              21.1993806
            ],
            [
              92.1684225,
              21.1994617
            ],
            [
              92.1684621,
              21.1995768
            ],
            [
              92.1685928,
              21.1997118
            ],
            [
              92.1686365,
              21.1998045
            ],
            [
              92.1687484,
              21.1999206
            ],
            [
              92.1689747,
              21.1999156
            ],
            [
              92.169026,
              21.1998306
            ],
            [
              92.1690179,
              21.1997043
            ],
            [
              92.1690273,
              21.1995918
            ],
            [
              92.1691471,
              21.1995424
            ],
            [
              92.1693143,
              21.1996318
            ],
            [
              92.1694719,
              21.199663
            ],
            [
              92.1696778,
              21.199633
            ],
            [
              92.1700841,
              21.1994217
            ],
            [
              92.1701646,
              21.1994511
            ],
            [
              92.1702504,
              21.1995467
            ],
            [
              92.1702434,
              21.1996437
            ],
            [
              92.1701661,
              21.1997798
            ],
            [
              92.1699252,
              21.1999505
            ],
            [
              92.1698548,
              21.2000831
            ],
            [
              92.169702,
              21.200139
            ],
            [
              92.1695356,
              21.2001144
            ],
            [
              92.1694274,
              21.2001357
            ],
            [
              92.1693632,
              21.2002889
            ],
            [
              92.1693409,
              21.2005639
            ],
            [
              92.169252,
              21.2007374
            ],
            [
              92.1691333,
              21.2009333
            ],
            [
              92.1690246,
              21.2009846
            ],
            [
              92.1689147,
              21.2009771
            ],
            [
              92.1688346,
              21.2009326
            ],
            [
              92.1688007,
              21.2008346
            ],
            [
              92.1687229,
              21.2007658
            ],
            [
              92.1686106,
              21.2007973
            ],
            [
              92.1684961,
              21.2009163
            ],
            [
              92.168431,
              21.2010966
            ],
            [
              92.1683385,
              21.2012393
            ],
            [
              92.1680513,
              21.2012998
            ],
            [
              92.1676136,
              21.2014634
            ],
            [
              92.1673843,
              21.2014743
            ],
            [
              92.1672094,
              21.2013833
            ],
            [
              92.1671639,
              21.2012792
            ],
            [
              92.1672003,
              21.2011003
            ],
            [
              92.1671434,
              21.2009714
            ],
            [
              92.1670349,
              21.2009005
            ],
            [
              92.1668252,
              21.2008445
            ],
            [
              92.1666617,
              21.2007653
            ],
            [
              92.1665337,
              21.200603
            ],
            [
              92.1663273,
              21.2005031
            ],
            [
              92.1662264,
              21.2003858
            ],
            [
              92.1661925,
              21.200071
            ],
            [
              92.1660828,
              21.1999969
            ],
            [
              92.1659357,
              21.2000075
            ],
            [
              92.1657823,
              21.2001078
            ],
            [
              92.165539,
              21.2001948
            ],
            [
              92.1653001,
              21.2001203
            ],
            [
              92.1651113,
              21.200013
            ],
            [
              92.1647996,
              21.1997175
            ],
            [
              92.1645896,
              21.1996518
            ],
            [
              92.1639742,
              21.199705
            ],
            [
              92.1635194,
              21.1999093
            ],
            [
              92.1632733,
              21.1998377
            ],
            [
              92.1631466,
              21.1996791
            ],
            [
              92.163164,
              21.1989228
            ],
            [
              92.1630952,
              21.1987805
            ],
            [
              92.1629124,
              21.1987017
            ],
            [
              92.162579,
              21.1987382
            ],
            [
              92.1623554,
              21.1989718
            ],
            [
              92.1620624,
              21.1993908
            ],
            [
              92.1620985,
              21.1996386
            ],
            [
              92.1619895,
              21.1998688
            ],
            [
              92.1616359,
              21.1999745
            ],
            [
              92.1613519,
              21.1999713
            ],
            [
              92.1605488,
              21.1997914
            ],
            [
              92.1603715,
              21.1999195
            ],
            [
              92.1600164,
              21.1997994
            ],
            [
              92.1596773,
              21.199851
            ],
            [
              92.159608,
              21.1994509
            ],
            [
              92.1596842,
              21.1993025
            ],
            [
              92.1598711,
              21.1991605
            ],
            [
              92.1599126,
              21.1990056
            ],
            [
              92.1597665,
              21.1990154
            ],
            [
              92.159698,
              21.1989153
            ],
            [
              92.1599818,
              21.1987475
            ],
            [
              92.1600303,
              21.1984507
            ],
            [
              92.1599403,
              21.1983409
            ],
            [
              92.1600803,
              21.1982429
            ],
            [
              92.1600926,
              21.1981151
            ],
            [
              92.1602542,
              21.1980266
            ],
            [
              92.1603851,
              21.1978789
            ],
            [
              92.1604456,
              21.1976892
            ],
            [
              92.1603902,
              21.1974982
            ],
            [
              92.1603316,
              21.1975043
            ],
            [
              92.160196,
              21.1973435
            ],
            [
              92.1602141,
              21.1971676
            ],
            [
              92.1601126,
              21.197007
            ],
            [
              92.1599825,
              21.1968623
            ],
            [
              92.1599648,
              21.1968166
            ],
            [
              92.1599767,
              21.1967157
            ],
            [
              92.1599332,
              21.1965366
            ],
            [
              92.159877,
              21.1964136
            ],
            [
              92.1597465,
              21.1961928
            ],
            [
              92.1596526,
              21.1962019
            ],
            [
              92.1595364,
              21.1962109
            ],
            [
              92.1594915,
              21.196203
            ],
            [
              92.1593754,
              21.1961795
            ],
            [
              92.1593238,
              21.1961703
            ],
            [
              92.1592304,
              21.1958811
            ],
            [
              92.1593,
              21.1957704
            ],
            [
              92.1591362,
              21.1955527
            ],
            [
              92.1590581,
              21.1952463
            ],
            [
              92.1590184,
              21.1951242
            ],
            [
              92.1592486,
              21.1950401
            ],
            [
              92.1593694,
              21.1948695
            ],
            [
              92.159474,
              21.1947185
            ],
            [
              92.1598621,
              21.1943744
            ],
            [
              92.1603151,
              21.1941409
            ],
            [
              92.1605206,
              21.1940463
            ],
            [
              92.1606044,
              21.1939293
            ],
            [
              92.1607082,
              21.1936587
            ],
            [
              92.1608292,
              21.1935562
            ],
            [
              92.1608962,
              21.1935862
            ],
            [
              92.1609615,
              21.1935491
            ],
            [
              92.1611092,
              21.1933454
            ],
            [
              92.1611911,
              21.1931606
            ],
            [
              92.1613064,
              21.1930228
            ],
            [
              92.1614892,
              21.1928683
            ],
            [
              92.1617306,
              21.1927432
            ],
            [
              92.161753,
              21.192732
            ],
            [
              92.1618667,
              21.1926776
            ],
            [
              92.1618804,
              21.1926553
            ],
            [
              92.1620307,
              21.1925189
            ],
            [
              92.1621429,
              21.1923517
            ],
            [
              92.1620308,
              21.1919094
            ],
            [
              92.1619533,
              21.1915375
            ],
            [
              92.1624312,
              21.1914564
            ],
            [
              92.1623956,
              21.1909548
            ],
            [
              92.1624345,
              21.1909065
            ],
            [
              92.1626996,
              21.1909158
            ],
            [
              92.1632403,
              21.1909277
            ],
            [
              92.1635335,
              21.1907739
            ],
            [
              92.1638668,
              21.190584
            ],
            [
              92.163957,
              21.1905205
            ],
            [
              92.1640277,
              21.1904995
            ],
            [
              92.1643032,
              21.1904221
            ],
            [
              92.1643717,
              21.1904133
            ],
            [
              92.1646486,
              21.1903677
            ],
            [
              92.1651167,
              21.1902214
            ],
            [
              92.1652535,
              21.1903401
            ],
            [
              92.1654882,
              21.1903001
            ],
            [
              92.1656263,
              21.1902026
            ],
            [
              92.1656773,
              21.1900775
            ],
            [
              92.1660393,
              21.18998
            ],
            [
              92.1662633,
              21.1896674
            ],
            [
              92.1664311,
              21.1895668
            ]
          ]
        ]
      },
      "id": "relation/8063436"
    },
    {
      "type": "Feature",
      "properties": {
        "@id": "relation/8063570",
        "admin_level": "10",
        "boundary": "administrative",
        "name": "Camp 7",
        "place": "neighbourhood",
        "source:geometry": "Humanitarian Data Exchange - data.humdata.org shape2018-02-08",
        "source:name": "Humanitarian Data Exchange - data.humdata.org shape2018-02-08",
        "type": "boundary",
        "wikipedia:en": "Kutupalong refugee camp"
      },
      "geometry": {
        "type": "Polygon",
        "coordinates": [
          [
            [
              92.1591184,
              21.2000938
            ],
            [
              92.1595881,
              21.2002209
            ],
            [
              92.1599306,
              21.2002767
            ],
            [
              92.1601665,
              21.2001618
            ],
            [
              92.1603715,
              21.1999195
            ],
            [
              92.1605488,
              21.1997914
            ],
            [
              92.1613519,
              21.1999713
            ],
            [
              92.1616359,
              21.1999745
            ],
            [
              92.1619895,
              21.1998688
            ],
            [
              92.1620985,
              21.1996386
            ],
            [
              92.1620624,
              21.1993908
            ],
            [
              92.1623554,
              21.1989718
            ],
            [
              92.162579,
              21.1987382
            ],
            [
              92.1629124,
              21.1987017
            ],
            [
              92.1630952,
              21.1987805
            ],
            [
              92.163164,
              21.1989228
            ],
            [
              92.1631466,
              21.1996791
            ],
            [
              92.1632733,
              21.1998377
            ],
            [
              92.1635194,
              21.1999093
            ],
            [
              92.1639742,
              21.199705
            ],
            [
              92.1645896,
              21.1996518
            ],
            [
              92.1647996,
              21.1997175
            ],
            [
              92.1651113,
              21.200013
            ],
            [
              92.1653001,
              21.2001203
            ],
            [
              92.165539,
              21.2001948
            ],
            [
              92.1657823,
              21.2001078
            ],
            [
              92.1659357,
              21.2000075
            ],
            [
              92.1660828,
              21.1999969
            ],
            [
              92.1661925,
              21.200071
            ],
            [
              92.1662264,
              21.2003858
            ],
            [
              92.1663273,
              21.2005031
            ],
            [
              92.1665337,
              21.200603
            ],
            [
              92.1666617,
              21.2007653
            ],
            [
              92.1668252,
              21.2008445
            ],
            [
              92.1670349,
              21.2009005
            ],
            [
              92.1671434,
              21.2009714
            ],
            [
              92.1672003,
              21.2011003
            ],
            [
              92.1671639,
              21.2012792
            ],
            [
              92.1672094,
              21.2013833
            ],
            [
              92.1673843,
              21.2014743
            ],
            [
              92.1676136,
              21.2014634
            ],
            [
              92.1680513,
              21.2012998
            ],
            [
              92.1683385,
              21.2012393
            ],
            [
              92.168431,
              21.2010966
            ],
            [
              92.1684961,
              21.2009163
            ],
            [
              92.1686106,
              21.2007973
            ],
            [
              92.1687229,
              21.2007658
            ],
            [
              92.1688007,
              21.2008346
            ],
            [
              92.1688346,
              21.2009326
            ],
            [
              92.1689147,
              21.2009771
            ],
            [
              92.1690246,
              21.2009846
            ],
            [
              92.1691333,
              21.2009333
            ],
            [
              92.1699022,
              21.2010418
            ],
            [
              92.1700123,
              21.2011069
            ],
            [
              92.170168,
              21.201085
            ],
            [
              92.1703892,
              21.2012059
            ],
            [
              92.1703172,
              21.2021062
            ],
            [
              92.1704333,
              21.202494
            ],
            [
              92.1706481,
              21.2027636
            ],
            [
              92.1706502,
              21.2030182
            ],
            [
              92.1703117,
              21.2036595
            ],
            [
              92.1702429,
              21.2039052
            ],
            [
              92.1704192,
              21.2044732
            ],
            [
              92.1704587,
              21.2048714
            ],
            [
              92.1703851,
              21.2051753
            ],
            [
              92.1702771,
              21.2053603
            ],
            [
              92.1702714,
              21.2055283
            ],
            [
              92.1703869,
              21.2062847
            ],
            [
              92.1703296,
              21.2068362
            ],
            [
              92.1702241,
              21.2070894
            ],
            [
              92.1698092,
              21.2075573
            ],
            [
              92.169771,
              21.2077156
            ],
            [
              92.1689098,
              21.2082218
            ],
            [
              92.1685499,
              21.2087565
            ],
            [
              92.1683751,
              21.2093953
            ],
            [
              92.1680939,
              21.208574
            ],
            [
              92.1675695,
              21.2075563
            ],
            [
              92.1676487,
              21.2071974
            ],
            [
              92.1678445,
              21.2070061
            ],
            [
              92.1678404,
              21.2066761
            ],
            [
              92.1677506,
              21.2065735
            ],
            [
              92.167642,
              21.206536
            ],
            [
              92.1676132,
              21.2063803
            ],
            [
              92.1677318,
              21.2063547
            ],
            [
              92.1676313,
              21.2060922
            ],
            [
              92.1672538,
              21.2058545
            ],
            [
              92.1671806,
              21.2060343
            ],
            [
              92.166629,
              21.2060616
            ],
            [
              92.1665812,
              21.2059784
            ],
            [
              92.1661198,
              21.2057958
            ],
            [
              92.1659441,
              21.2055808
            ],
            [
              92.165638,
              21.2051813
            ],
            [
              92.165361,
              21.2053467
            ],
            [
              92.1651873,
              21.2055168
            ],
            [
              92.1648378,
              21.2054911
            ],
            [
              92.1646228,
              21.2051647
            ],
            [
              92.1644467,
              21.205128
            ],
            [
              92.164003,
              21.2051367
            ],
            [
              92.1638649,
              21.2052767
            ],
            [
              92.1634524,
              21.2054987
            ],
            [
              92.1630007,
              21.205529
            ],
            [
              92.162732,
              21.2054835
            ],
            [
              92.1626796,
              21.2053471
            ],
            [
              92.1629105,
              21.2048588
            ],
            [
              92.1630292,
              21.2047449
            ],
            [
              92.1629153,
              21.2046532
            ],
            [
              92.1628078,
              21.2046023
            ],
            [
              92.1626147,
              21.2045681
            ],
            [
              92.1623982,
              21.2045675
            ],
            [
              92.1622286,
              21.2045886
            ],
            [
              92.1620407,
              21.2046122
            ],
            [
              92.161926,
              21.2045606
            ],
            [
              92.1617161,
              21.2046218
            ],
            [
              92.1613731,
              21.204626
            ],
            [
              92.1610196,
              21.2043283
            ],
            [
              92.1608201,
              21.2043059
            ],
            [
              92.1604582,
              21.2043529
            ],
            [
              92.1604169,
              21.2042251
            ],
            [
              92.1604241,
              21.2041437
            ],
            [
              92.1602694,
              21.2041195
            ],
            [
              92.1600091,
              21.2040615
            ],
            [
              92.1598623,
              21.2040112
            ],
            [
              92.1599663,
              21.2037385
            ],
            [
              92.1598824,
              21.2035109
            ],
            [
              92.1597375,
              21.2033189
            ],
            [
              92.1596612,
              21.2029917
            ],
            [
              92.1596307,
              21.2027712
            ],
            [
              92.1592511,
              21.2026822
            ],
            [
              92.1589973,
              21.2022302
            ],
            [
              92.1588406,
              21.2015982
            ],
            [
              92.1591097,
              21.2012489
            ],
            [
              92.1589849,
              21.2006472
            ],
            [
              92.1591184,
              21.2000938
            ]
          ]
        ]
      },
      "id": "relation/8063570"
    },
    {
      "type": "Feature",
      "properties": {
        "@id": "relation/8063780",
        "admin_level": "10",
        "boundary": "administrative",
        "name": "Camp 6",
        "place": "neighbourhood",
        "source:geometry": "Humanitarian Data Exchange - data.humdata.org shape2018-02-08",
        "source:name": "Humanitarian Data Exchange - data.humdata.org shape2018-02-08",
        "type": "boundary",
        "wikipedia:en": "Kutupalong refugee camp"
      },
      "geometry": {
        "type": "Polygon",
        "coordinates": [
          [
            [
              92.1561698,
              21.2003189
            ],
            [
              92.1566339,
              21.2000588
            ],
            [
              92.1567846,
              21.1999579
            ],
            [
              92.157528,
              21.1994719
            ],
            [
              92.1577044,
              21.1994782
            ],
            [
              92.1578026,
              21.1995903
            ],
            [
              92.1578126,
              21.1999238
            ],
            [
              92.1578966,
              21.2000569
            ],
            [
              92.1582091,
              21.200131
            ],
            [
              92.1585069,
              21.1999807
            ],
            [
              92.15868,
              21.1999715
            ],
            [
              92.1591184,
              21.2000938
            ],
            [
              92.1589849,
              21.2006472
            ],
            [
              92.1591097,
              21.2012489
            ],
            [
              92.1588406,
              21.2015982
            ],
            [
              92.1589973,
              21.2022302
            ],
            [
              92.1592511,
              21.2026822
            ],
            [
              92.1596307,
              21.2027712
            ],
            [
              92.1596612,
              21.2029917
            ],
            [
              92.1597375,
              21.2033189
            ],
            [
              92.1598824,
              21.2035109
            ],
            [
              92.1599663,
              21.2037385
            ],
            [
              92.1598623,
              21.2040112
            ],
            [
              92.1600091,
              21.2040615
            ],
            [
              92.1599337,
              21.2042858
            ],
            [
              92.1597032,
              21.2043529
            ],
            [
              92.1594368,
              21.2042698
            ],
            [
              92.1591691,
              21.2042987
            ],
            [
              92.1589243,
              21.2043918
            ],
            [
              92.1591407,
              21.2046794
            ],
            [
              92.1594575,
              21.2048807
            ],
            [
              92.159548,
              21.2049977
            ],
            [
              92.1592368,
              21.2054206
            ],
            [
              92.1588988,
              21.205675
            ],
            [
              92.1585471,
              21.2060923
            ],
            [
              92.1578072,
              21.2061339
            ],
            [
              92.1574584,
              21.2066177
            ],
            [
              92.1571187,
              21.2067836
            ],
            [
              92.1569111,
              21.2066989
            ],
            [
              92.1567228,
              21.2065881
            ],
            [
              92.1566767,
              21.2066923
            ],
            [
              92.1568285,
              21.2067872
            ],
            [
              92.1568377,
              21.206868
            ],
            [
              92.1566905,
              21.2069258
            ],
            [
              92.1567395,
              21.2070148
            ],
            [
              92.1568362,
              21.2076221
            ],
            [
              92.1568119,
              21.2077375
            ],
            [
              92.1568745,
              21.2079828
            ],
            [
              92.1568832,
              21.2080821
            ],
            [
              92.1568701,
              21.2082024
            ],
            [
              92.1568356,
              21.208312
            ],
            [
              92.1566221,
              21.2085875
            ],
            [
              92.1565921,
              21.2087503
            ],
            [
              92.1565881,
              21.2088684
            ],
            [
              92.1565972,
              21.2090359
            ],
            [
              92.1563703,
              21.2090586
            ],
            [
              92.1561829,
              21.2091888
            ],
            [
              92.1558672,
              21.2091467
            ],
            [
              92.1558461,
              21.2088756
            ],
            [
              92.1561458,
              21.2082338
            ],
            [
              92.1559898,
              21.2079998
            ],
            [
              92.1558804,
              21.2073983
            ],
            [
              92.1557574,
              21.2072329
            ],
            [
              92.1555442,
              21.2071047
            ],
            [
              92.1552585,
              21.2071063
            ],
            [
              92.1551633,
              21.2071946
            ],
            [
              92.1550655,
              21.2071941
            ],
            [
              92.1550164,
              21.2071939
            ],
            [
              92.1548915,
              21.2070754
            ],
            [
              92.1548835,
              21.2070754
            ],
            [
              92.1547984,
              21.207075
            ],
            [
              92.1544467,
              21.2074819
            ],
            [
              92.1543708,
              21.2075699
            ],
            [
              92.154211,
              21.2075691
            ],
            [
              92.1540761,
              21.2076462
            ],
            [
              92.1537824,
              21.2072531
            ],
            [
              92.1537584,
              21.2070732
            ],
            [
              92.1537095,
              21.2069943
            ],
            [
              92.1536044,
              21.2069446
            ],
            [
              92.1535087,
              21.2067704
            ],
            [
              92.153546,
              21.206659
            ],
            [
              92.1534495,
              21.2063843
            ],
            [
              92.1533924,
              21.2062343
            ],
            [
              92.1534262,
              21.2061187
            ],
            [
              92.15349,
              21.2060588
            ],
            [
              92.1535889,
              21.2060929
            ],
            [
              92.1537611,
              21.2062725
            ],
            [
              92.1538359,
              21.2063395
            ],
            [
              92.1539454,
              21.206363
            ],
            [
              92.1541597,
              21.2063334
            ],
            [
              92.1545691,
              21.2061681
            ],
            [
              92.1546554,
              21.2060655
            ],
            [
              92.1546313,
              21.2053218
            ],
            [
              92.1545547,
              21.2050285
            ],
            [
              92.1544949,
              21.2049252
            ],
            [
              92.1544421,
              21.2048342
            ],
            [
              92.1544394,
              21.2047368
            ],
            [
              92.1545435,
              21.2044957
            ],
            [
              92.1545187,
              21.2043157
            ],
            [
              92.1544183,
              21.2041201
            ],
            [
              92.1544274,
              21.2040094
            ],
            [
              92.154528,
              21.2039675
            ],
            [
              92.1547117,
              21.2039916
            ],
            [
              92.1548425,
              21.2039364
            ],
            [
              92.1548703,
              21.2038277
            ],
            [
              92.154828,
              21.2036857
            ],
            [
              92.1547414,
              21.2035967
            ],
            [
              92.1545297,
              21.2035449
            ],
            [
              92.1544182,
              21.2034621
            ],
            [
              92.1543808,
              21.2033482
            ],
            [
              92.1543661,
              21.2029726
            ],
            [
              92.1544101,
              21.202815
            ],
            [
              92.1547928,
              21.2023614
            ],
            [
              92.1550775,
              21.2021422
            ],
            [
              92.1551643,
              21.201944
            ],
            [
              92.1553856,
              21.2018824
            ],
            [
              92.1555499,
              21.2020384
            ],
            [
              92.1556064,
              21.2020956
            ],
            [
              92.1557394,
              21.2020728
            ],
            [
              92.1561623,
              21.201545
            ],
            [
              92.1561829,
              21.2014188
            ],
            [
              92.155973,
              21.2009396
            ],
            [
              92.1559811,
              21.200597
            ],
            [
              92.1561698,
              21.2003189
            ]
          ]
        ]
      },
      "id": "relation/8063780"
    },
    {
      "type": "Feature",
      "properties": {
        "@id": "relation/8063913",
        "admin_level": "10",
        "boundary": "administrative",
        "name": "Camp 5",
        "place": "neighbourhood",
        "source:geometry": "Humanitarian Data Exchange - data.humdata.org shape2018-02-08",
        "source:name": "Humanitarian Data Exchange - data.humdata.org shape2018-02-08",
        "type": "boundary",
        "wikipedia:en": "Kutupalong refugee camp"
      },
      "geometry": {
        "type": "Polygon",
        "coordinates": [
          [
            [
              92.1466542,
              21.2015992
            ],
            [
              92.1466278,
              21.2015617
            ],
            [
              92.1464977,
              21.2013211
            ],
            [
              92.146467,
              21.2012702
            ],
            [
              92.146481,
              21.2011712
            ],
            [
              92.1464973,
              21.2010566
            ],
            [
              92.146798,
              21.2003794
            ],
            [
              92.1468891,
              21.1997125
            ],
            [
              92.1468548,
              21.1993767
            ],
            [
              92.1464041,
              21.1991248
            ],
            [
              92.1464331,
              21.1989201
            ],
            [
              92.1468625,
              21.1983303
            ],
            [
              92.1469635,
              21.197886
            ],
            [
              92.1470278,
              21.1977906
            ],
            [
              92.1472034,
              21.1977762
            ],
            [
              92.1475747,
              21.1979005
            ],
            [
              92.1476185,
              21.1979012
            ],
            [
              92.1478193,
              21.1977928
            ],
            [
              92.147873,
              21.1976619
            ],
            [
              92.1478201,
              21.1973248
            ],
            [
              92.1483261,
              21.1975191
            ],
            [
              92.148566,
              21.1975696
            ],
            [
              92.1488015,
              21.1976174
            ],
            [
              92.1493124,
              21.1979452
            ],
            [
              92.1497315,
              21.1978813
            ],
            [
              92.1499863,
              21.1978863
            ],
            [
              92.1503028,
              21.1982289
            ],
            [
              92.1510271,
              21.1988477
            ],
            [
              92.1516326,
              21.1993336
            ],
            [
              92.1517859,
              21.1996465
            ],
            [
              92.1517471,
              21.1999821
            ],
            [
              92.1514956,
              21.2002932
            ],
            [
              92.1516228,
              21.2005776
            ],
            [
              92.1518036,
              21.2007581
            ],
            [
              92.1520732,
              21.2008905
            ],
            [
              92.1522179,
              21.2007171
            ],
            [
              92.1524687,
              21.2008559
            ],
            [
              92.152572,
              21.2006983
            ],
            [
              92.15269,
              21.2007233
            ],
            [
              92.1526283,
              21.2008784
            ],
            [
              92.1527404,
              21.2008894
            ],
            [
              92.1529917,
              21.2006595
            ],
            [
              92.1531057,
              21.2006258
            ],
            [
              92.153366,
              21.2006933
            ],
            [
              92.1534035,
              21.2005108
            ],
            [
              92.1536127,
              21.2004707
            ],
            [
              92.1538259,
              21.200502
            ],
            [
              92.1538997,
              21.2004645
            ],
            [
              92.1538527,
              21.2003395
            ],
            [
              92.1538983,
              21.2003007
            ],
            [
              92.1541692,
              21.200377
            ],
            [
              92.1542637,
              21.2003172
            ],
            [
              92.1543879,
              21.2002294
            ],
            [
              92.1544281,
              21.2001107
            ],
            [
              92.154534,
              21.2001044
            ],
            [
              92.1545394,
              21.2002144
            ],
            [
              92.1546118,
              21.2002682
            ],
            [
              92.1548116,
              21.2002557
            ],
            [
              92.1550074,
              21.2003845
            ],
            [
              92.155159,
              21.2003607
            ],
            [
              92.1552542,
              21.2002032
            ],
            [
              92.155344,
              21.2001994
            ],
            [
              92.1554057,
              21.200467
            ],
            [
              92.1555425,
              21.2005058
            ],
            [
              92.1556766,
              21.2004858
            ],
            [
              92.1557021,
              21.2003082
            ],
            [
              92.155863,
              21.2002544
            ],
            [
              92.1561698,
              21.2003189
            ],
            [
              92.1559811,
              21.200597
            ],
            [
              92.155973,
              21.2009396
            ],
            [
              92.1561829,
              21.2014188
            ],
            [
              92.1561623,
              21.201545
            ],
            [
              92.1557394,
              21.2020728
            ],
            [
              92.1556064,
              21.2020956
            ],
            [
              92.1555499,
              21.2020384
            ],
            [
              92.1553856,
              21.2018824
            ],
            [
              92.1551643,
              21.201944
            ],
            [
              92.1550775,
              21.2021422
            ],
            [
              92.1547928,
              21.2023614
            ],
            [
              92.1544101,
              21.202815
            ],
            [
              92.1543661,
              21.2029726
            ],
            [
              92.1543808,
              21.2033482
            ],
            [
              92.1544182,
              21.2034621
            ],
            [
              92.1545297,
              21.2035449
            ],
            [
              92.1547414,
              21.2035967
            ],
            [
              92.154828,
              21.2036857
            ],
            [
              92.1548703,
              21.2038277
            ],
            [
              92.1548425,
              21.2039364
            ],
            [
              92.1547117,
              21.2039916
            ],
            [
              92.154528,
              21.2039675
            ],
            [
              92.1544274,
              21.2040094
            ],
            [
              92.1544183,
              21.2041201
            ],
            [
              92.1545187,
              21.2043157
            ],
            [
              92.1545435,
              21.2044957
            ],
            [
              92.1544394,
              21.2047368
            ],
            [
              92.1544421,
              21.2048342
            ],
            [
              92.1544949,
              21.2049252
            ],
            [
              92.1545547,
              21.2050285
            ],
            [
              92.1546313,
              21.2053218
            ],
            [
              92.1546554,
              21.2060655
            ],
            [
              92.1545691,
              21.2061681
            ],
            [
              92.1541597,
              21.2063334
            ],
            [
              92.1539454,
              21.206363
            ],
            [
              92.1538359,
              21.2063395
            ],
            [
              92.1537611,
              21.2062725
            ],
            [
              92.1535889,
              21.2060929
            ],
            [
              92.15349,
              21.2060588
            ],
            [
              92.1534262,
              21.2061187
            ],
            [
              92.1533924,
              21.2062343
            ],
            [
              92.1533042,
              21.206256
            ],
            [
              92.1532653,
              21.2063247
            ],
            [
              92.1531607,
              21.206326
            ],
            [
              92.1529569,
              21.2062084
            ],
            [
              92.1529207,
              21.2062385
            ],
            [
              92.1529193,
              21.206336
            ],
            [
              92.1528871,
              21.2064785
            ],
            [
              92.1528429,
              21.2066285
            ],
            [
              92.1527182,
              21.2067498
            ],
            [
              92.1525425,
              21.2067286
            ],
            [
              92.1524325,
              21.2067636
            ],
            [
              92.1522756,
              21.2068573
            ],
            [
              92.1521804,
              21.2068586
            ],
            [
              92.1521442,
              21.2068036
            ],
            [
              92.1521415,
              21.2067361
            ],
            [
              92.1520838,
              21.2066973
            ],
            [
              92.1519725,
              21.2067561
            ],
            [
              92.151892,
              21.2067386
            ],
            [
              92.1517847,
              21.2066548
            ],
            [
              92.1516815,
              21.206656
            ],
            [
              92.1516399,
              21.2065823
            ],
            [
              92.1516573,
              21.2064798
            ],
            [
              92.1517257,
              21.206451
            ],
            [
              92.1517941,
              21.206456
            ],
            [
              92.1518719,
              21.206516
            ],
            [
              92.1519551,
              21.206496
            ],
            [
              92.151943,
              21.206406
            ],
            [
              92.1518263,
              21.206281
            ],
            [
              92.1518236,
              21.2061959
            ],
            [
              92.1519135,
              21.2061247
            ],
            [
              92.1520825,
              21.2060459
            ],
            [
              92.1520959,
              21.2059771
            ],
            [
              92.1520878,
              21.2058996
            ],
            [
              92.1520248,
              21.2058934
            ],
            [
              92.1518853,
              21.2059696
            ],
            [
              92.1517928,
              21.2059359
            ],
            [
              92.1517727,
              21.2058721
            ],
            [
              92.151833,
              21.2058371
            ],
            [
              92.1519269,
              21.2058171
            ],
            [
              92.1519591,
              21.2057471
            ],
            [
              92.1519363,
              21.2056721
            ],
            [
              92.1518585,
              21.2056158
            ],
            [
              92.151652,
              21.2056196
            ],
            [
              92.1515447,
              21.2057108
            ],
            [
              92.1514803,
              21.2059859
            ],
            [
              92.1514374,
              21.2060297
            ],
            [
              92.1513838,
              21.2060197
            ],
            [
              92.1512751,
              21.2059321
            ],
            [
              92.1511437,
              21.2059496
            ],
            [
              92.1510136,
              21.2061109
            ],
            [
              92.1509211,
              21.2061709
            ],
            [
              92.1508111,
              21.2062022
            ],
            [
              92.150744,
              21.2063347
            ],
            [
              92.150677,
              21.2063797
            ],
            [
              92.1505938,
              21.2063772
            ],
            [
              92.1505013,
              21.2062922
            ],
            [
              92.15039,
              21.2061122
            ],
            [
              92.1501808,
              21.2060972
            ],
            [
              92.1499156,
              21.2061213
            ],
            [
              92.1498656,
              21.2061259
            ],
            [
              92.1497329,
              21.2060709
            ],
            [
              92.1497313,
              21.2060341
            ],
            [
              92.1497248,
              21.2058859
            ],
            [
              92.1496604,
              21.2057708
            ],
            [
              92.1495156,
              21.2057408
            ],
            [
              92.1493439,
              21.2057733
            ],
            [
              92.1493037,
              21.2056558
            ],
            [
              92.149234,
              21.2056558
            ],
            [
              92.1491039,
              21.2057371
            ],
            [
              92.1490301,
              21.2057333
            ],
            [
              92.1489765,
              21.2056771
            ],
            [
              92.149061,
              21.2055295
            ],
            [
              92.149065,
              21.2054433
            ],
            [
              92.1489805,
              21.2053933
            ],
            [
              92.1488303,
              21.205417
            ],
            [
              92.1487015,
              21.2053745
            ],
            [
              92.1486627,
              21.205302
            ],
            [
              92.1486492,
              21.2052345
            ],
            [
              92.1485527,
              21.2052207
            ],
            [
              92.1484521,
              21.205257
            ],
            [
              92.1484065,
              21.2052382
            ],
            [
              92.1483891,
              21.2051619
            ],
            [
              92.1483747,
              21.2050932
            ],
            [
              92.1483502,
              21.2049757
            ],
            [
              92.1483099,
              21.2048656
            ],
            [
              92.148229,
              21.2048451
            ],
            [
              92.1482268,
              21.2045781
            ],
            [
              92.1481758,
              21.204458
            ],
            [
              92.1480122,
              21.2043605
            ],
            [
              92.1479747,
              21.204213
            ],
            [
              92.1480444,
              21.2039704
            ],
            [
              92.148039,
              21.2038442
            ],
            [
              92.147803,
              21.2035153
            ],
            [
              92.1476635,
              21.2033365
            ],
            [
              92.1475549,
              21.2030489
            ],
            [
              92.1475669,
              21.2026175
            ],
            [
              92.1474436,
              21.2024976
            ],
            [
              92.1472143,
              21.202445
            ],
            [
              92.1469367,
              21.2023175
            ],
            [
              92.1467972,
              21.202205
            ],
            [
              92.1467168,
              21.2020526
            ],
            [
              92.1466718,
              21.2019473
            ],
            [
              92.1466823,
              21.2019193
            ],
            [
              92.1466542,
              21.2015992
            ]
          ]
        ]
      },
      "id": "relation/8063913"
    },
    {
      "type": "Feature",
      "properties": {
        "@id": "relation/8076963",
        "admin_level": "10",
        "boundary": "administrative",
        "name": "Camp 4",
        "place": "neighbourhood",
        "source:geometry": "Humanitarian Data Exchange - data.humdata.org shape2018-02-08",
        "source:name": "Humanitarian Data Exchange - data.humdata.org shape2018-02-08",
        "type": "boundary",
        "wikipedia:en": "Kutupalong refugee camp"
      },
      "geometry": {
        "type": "Polygon",
        "coordinates": [
          [
            [
              92.1394652,
              21.2019104
            ],
            [
              92.1396611,
              21.2019473
            ],
            [
              92.1398171,
              21.2019759
            ],
            [
              92.14003,
              21.202305
            ],
            [
              92.1402475,
              21.2022241
            ],
            [
              92.1406918,
              21.2021617
            ],
            [
              92.140859,
              21.2022222
            ],
            [
              92.1409854,
              21.2023151
            ],
            [
              92.1411463,
              21.2023872
            ],
            [
              92.1417373,
              21.2021336
            ],
            [
              92.1423091,
              21.20208
            ],
            [
              92.1431647,
              21.2026644
            ],
            [
              92.1434785,
              21.2029624
            ],
            [
              92.1436159,
              21.2029585
            ],
            [
              92.1436916,
              21.2029328
            ],
            [
              92.1439055,
              21.2029943
            ],
            [
              92.1441395,
              21.2029174
            ],
            [
              92.1448654,
              21.2031627
            ],
            [
              92.1452945,
              21.2032437
            ],
            [
              92.1451258,
              21.2028898
            ],
            [
              92.1450497,
              21.2025738
            ],
            [
              92.1450822,
              21.2025176
            ],
            [
              92.1451905,
              21.20233
            ],
            [
              92.1453486,
              21.2022469
            ],
            [
              92.1454413,
              21.2021771
            ],
            [
              92.1455438,
              21.2020984
            ],
            [
              92.1456313,
              21.2020287
            ],
            [
              92.1456903,
              21.2020517
            ],
            [
              92.1458453,
              21.2020473
            ],
            [
              92.1458809,
              21.2018962
            ],
            [
              92.1460343,
              21.2016343
            ],
            [
              92.1466542,
              21.2015992
            ],
            [
              92.1466823,
              21.2019193
            ],
            [
              92.1466718,
              21.2019473
            ],
            [
              92.1467168,
              21.2020526
            ],
            [
              92.1467972,
              21.202205
            ],
            [
              92.1469367,
              21.2023175
            ],
            [
              92.1472143,
              21.202445
            ],
            [
              92.1474436,
              21.2024976
            ],
            [
              92.1475669,
              21.2026175
            ],
            [
              92.1475549,
              21.2030489
            ],
            [
              92.1476635,
              21.2033365
            ],
            [
              92.147803,
              21.2035153
            ],
            [
              92.148039,
              21.2038442
            ],
            [
              92.1480444,
              21.2039704
            ],
            [
              92.1479747,
              21.204213
            ],
            [
              92.1480122,
              21.2043605
            ],
            [
              92.1481758,
              21.204458
            ],
            [
              92.1482268,
              21.2045781
            ],
            [
              92.148229,
              21.2048451
            ],
            [
              92.1482215,
              21.2049816
            ],
            [
              92.1482119,
              21.2051574
            ],
            [
              92.1482752,
              21.2054188
            ],
            [
              92.148444,
              21.2056975
            ],
            [
              92.1484741,
              21.2058322
            ],
            [
              92.148427,
              21.205916
            ],
            [
              92.1482702,
              21.2059737
            ],
            [
              92.1479247,
              21.2058571
            ],
            [
              92.1477628,
              21.2058659
            ],
            [
              92.1476576,
              21.2059187
            ],
            [
              92.1475192,
              21.2060801
            ],
            [
              92.1473814,
              21.2061746
            ],
            [
              92.1467739,
              21.2069704
            ],
            [
              92.1465861,
              21.2071597
            ],
            [
              92.1463176,
              21.2072726
            ],
            [
              92.1460972,
              21.207477
            ],
            [
              92.1459007,
              21.2077805
            ],
            [
              92.1459022,
              21.2078786
            ],
            [
              92.1459048,
              21.2080519
            ],
            [
              92.1459199,
              21.2083844
            ],
            [
              92.1459716,
              21.208627
            ],
            [
              92.14588,
              21.208913
            ],
            [
              92.1459071,
              21.2091343
            ],
            [
              92.1459443,
              21.2093574
            ],
            [
              92.1459658,
              21.2094757
            ],
            [
              92.1460436,
              21.2100392
            ],
            [
              92.1460797,
              21.2103969
            ],
            [
              92.1464277,
              21.2110364
            ],
            [
              92.1466609,
              21.2113107
            ],
            [
              92.1467354,
              21.211489
            ],
            [
              92.1467426,
              21.2117871
            ],
            [
              92.1465478,
              21.2122638
            ],
            [
              92.1466181,
              21.2124785
            ],
            [
              92.1470009,
              21.2129907
            ],
            [
              92.1469518,
              21.2141945
            ],
            [
              92.1467408,
              21.2145441
            ],
            [
              92.1465066,
              21.2148753
            ],
            [
              92.1459952,
              21.2152819
            ],
            [
              92.1458372,
              21.2152798
            ],
            [
              92.1458048,
              21.2152491
            ],
            [
              92.1457131,
              21.2152379
            ],
            [
              92.1455984,
              21.2152337
            ],
            [
              92.1454722,
              21.2152402
            ],
            [
              92.1453728,
              21.2152326
            ],
            [
              92.1452582,
              21.2152105
            ],
            [
              92.1451858,
              21.2151743
            ],
            [
              92.1450406,
              21.2151628
            ],
            [
              92.1449525,
              21.2151874
            ],
            [
              92.1448303,
              21.2151581
            ],
            [
              92.1446509,
              21.2151034
            ],
            [
              92.1444903,
              21.2150918
            ],
            [
              92.1443742,
              21.2150589
            ],
            [
              92.1441504,
              21.2146915
            ],
            [
              92.1438512,
              21.2145241
            ],
            [
              92.1435396,
              21.2146482
            ],
            [
              92.1432557,
              21.2146317
            ],
            [
              92.1429552,
              21.2146804
            ],
            [
              92.1427682,
              21.214579
            ],
            [
              92.1421313,
              21.2144249
            ],
            [
              92.141748,
              21.2145782
            ],
            [
              92.140959,
              21.2145819
            ],
            [
              92.1409544,
              21.2139653
            ],
            [
              92.1406798,
              21.2135311
            ],
            [
              92.1403789,
              21.2133518
            ],
            [
              92.1402744,
              21.2133361
            ],
            [
              92.1398857,
              21.2133129
            ],
            [
              92.1395263,
              21.2130947
            ],
            [
              92.1393925,
              21.2128687
            ],
            [
              92.1395328,
              21.2126694
            ],
            [
              92.1395304,
              21.2126015
            ],
            [
              92.1395362,
              21.2125291
            ],
            [
              92.1395414,
              21.2124677
            ],
            [
              92.1394806,
              21.2124004
            ],
            [
              92.1395219,
              21.2123242
            ],
            [
              92.1395328,
              21.2121999
            ],
            [
              92.1395123,
              21.2121212
            ],
            [
              92.1391962,
              21.2121728
            ],
            [
              92.1390048,
              21.2121958
            ],
            [
              92.1387246,
              21.2121704
            ],
            [
              92.1384832,
              21.2120377
            ],
            [
              92.1382804,
              21.2118335
            ],
            [
              92.1381398,
              21.2116525
            ],
            [
              92.1381374,
              21.2116494
            ],
            [
              92.1381033,
              21.2116055
            ],
            [
              92.1379773,
              21.2113539
            ],
            [
              92.1380009,
              21.2111695
            ],
            [
              92.1379653,
              21.2110949
            ],
            [
              92.1379429,
              21.2110478
            ],
            [
              92.1379334,
              21.2110279
            ],
            [
              92.1379023,
              21.2108957
            ],
            [
              92.137883,
              21.2108138
            ],
            [
              92.1378787,
              21.2107797
            ],
            [
              92.1378291,
              21.2105284
            ],
            [
              92.1377793,
              21.210325
            ],
            [
              92.1377164,
              21.2101812
            ],
            [
              92.1377432,
              21.2099543
            ],
            [
              92.1378221,
              21.2095483
            ],
            [
              92.1379006,
              21.2091902
            ],
            [
              92.1380045,
              21.208856
            ],
            [
              92.1381086,
              21.208498
            ],
            [
              92.1381658,
              21.2084417
            ],
            [
              92.138187,
              21.2083175
            ],
            [
              92.1382443,
              21.2081027
            ],
            [
              92.1382705,
              21.2079785
            ],
            [
              92.1382813,
              21.2078734
            ],
            [
              92.1382984,
              21.2078261
            ],
            [
              92.1383279,
              21.2077445
            ],
            [
              92.1383646,
              21.2075774
            ],
            [
              92.1383653,
              21.2074531
            ],
            [
              92.1383814,
              21.2073145
            ],
            [
              92.1384024,
              21.2072142
            ],
            [
              92.1385205,
              21.2070619
            ],
            [
              92.1385262,
              21.2069711
            ],
            [
              92.1385062,
              21.2068897
            ],
            [
              92.138481,
              21.2068465
            ],
            [
              92.1385273,
              21.2067798
            ],
            [
              92.1385827,
              21.2066843
            ],
            [
              92.1386766,
              21.2065224
            ],
            [
              92.1387128,
              21.206427
            ],
            [
              92.1387495,
              21.2062646
            ],
            [
              92.1387502,
              21.2061451
            ],
            [
              92.1387914,
              21.206064
            ],
            [
              92.1388024,
              21.2060102
            ],
            [
              92.1388177,
              21.2059351
            ],
            [
              92.138849,
              21.2058062
            ],
            [
              92.1389056,
              21.2057156
            ],
            [
              92.1389773,
              21.2056586
            ],
            [
              92.1390544,
              21.2055538
            ],
            [
              92.1391009,
              21.2054537
            ],
            [
              92.1391113,
              21.2054155
            ],
            [
              92.1391578,
              21.2053171
            ],
            [
              92.1390164,
              21.2050372
            ],
            [
              92.1390164,
              21.2048112
            ],
            [
              92.1391501,
              21.204554
            ],
            [
              92.1392672,
              21.2043125
            ],
            [
              92.1394448,
              21.2040832
            ],
            [
              92.1394407,
              21.2039925
            ],
            [
              92.1394413,
              21.2038825
            ],
            [
              92.1393857,
              21.2038057
            ],
            [
              92.139335,
              21.2037577
            ],
            [
              92.1392906,
              21.2034945
            ],
            [
              92.139291,
              21.2034276
            ],
            [
              92.1392,
              21.2032932
            ],
            [
              92.1391295,
              21.2031542
            ],
            [
              92.1390943,
              21.2030632
            ],
            [
              92.1390744,
              21.2029771
            ],
            [
              92.1390139,
              21.2028716
            ],
            [
              92.1389635,
              21.2027613
            ],
            [
              92.1389899,
              21.2026085
            ],
            [
              92.1390773,
              21.2024751
            ],
            [
              92.1391443,
              21.2023511
            ],
            [
              92.1392109,
              21.2023036
            ],
            [
              92.1392877,
              21.2022371
            ],
            [
              92.1394652,
              21.2019104
            ]
          ]
        ]
      },
      "id": "relation/8076963"
    },
    {
      "type": "Feature",
      "properties": {
        "@id": "relation/8077060",
        "admin_level": "10",
        "boundary": "administrative",
        "name": "Camp 3",
        "old_name": "Modur Chora",
        "place": "neighbourhood",
        "source:geometry": "Humanitarian Data Exchange - data.humdata.org shape2018-02-08",
        "source:name": "Humanitarian Data Exchange - data.humdata.org shape2018-02-08",
        "type": "boundary",
        "wikipedia:en": "Kutupalong refugee camp"
      },
      "geometry": {
        "type": "Polygon",
        "coordinates": [
          [
            [
              92.1469518,
              21.2141945
            ],
            [
              92.1470009,
              21.2129907
            ],
            [
              92.1466181,
              21.2124785
            ],
            [
              92.1465478,
              21.2122638
            ],
            [
              92.1467426,
              21.2117871
            ],
            [
              92.1467354,
              21.211489
            ],
            [
              92.1466609,
              21.2113107
            ],
            [
              92.1464277,
              21.2110364
            ],
            [
              92.1460797,
              21.2103969
            ],
            [
              92.1460436,
              21.2100392
            ],
            [
              92.1459658,
              21.2094757
            ],
            [
              92.1459443,
              21.2093574
            ],
            [
              92.1459071,
              21.2091343
            ],
            [
              92.14588,
              21.208913
            ],
            [
              92.1459716,
              21.208627
            ],
            [
              92.1459199,
              21.2083844
            ],
            [
              92.1459048,
              21.2080519
            ],
            [
              92.1459022,
              21.2078786
            ],
            [
              92.1459007,
              21.2077805
            ],
            [
              92.1460972,
              21.207477
            ],
            [
              92.1463176,
              21.2072726
            ],
            [
              92.1465861,
              21.2071597
            ],
            [
              92.1467739,
              21.2069704
            ],
            [
              92.1473814,
              21.2061746
            ],
            [
              92.1475192,
              21.2060801
            ],
            [
              92.1476576,
              21.2059187
            ],
            [
              92.1477628,
              21.2058659
            ],
            [
              92.1479247,
              21.2058571
            ],
            [
              92.1482702,
              21.2059737
            ],
            [
              92.148427,
              21.205916
            ],
            [
              92.1484741,
              21.2058322
            ],
            [
              92.148444,
              21.2056975
            ],
            [
              92.1482752,
              21.2054188
            ],
            [
              92.1482119,
              21.2051574
            ],
            [
              92.1482215,
              21.2049816
            ],
            [
              92.148229,
              21.2048451
            ],
            [
              92.1483099,
              21.2048656
            ],
            [
              92.1483502,
              21.2049757
            ],
            [
              92.1483747,
              21.2050932
            ],
            [
              92.1483891,
              21.2051619
            ],
            [
              92.1484065,
              21.2052382
            ],
            [
              92.1484521,
              21.205257
            ],
            [
              92.1485527,
              21.2052207
            ],
            [
              92.1486492,
              21.2052345
            ],
            [
              92.1486627,
              21.205302
            ],
            [
              92.1487015,
              21.2053745
            ],
            [
              92.1488303,
              21.205417
            ],
            [
              92.1489805,
              21.2053933
            ],
            [
              92.149065,
              21.2054433
            ],
            [
              92.149061,
              21.2055295
            ],
            [
              92.1489765,
              21.2056771
            ],
            [
              92.1490301,
              21.2057333
            ],
            [
              92.1491039,
              21.2057371
            ],
            [
              92.149234,
              21.2056558
            ],
            [
              92.1493037,
              21.2056558
            ],
            [
              92.1493439,
              21.2057733
            ],
            [
              92.1495156,
              21.2057408
            ],
            [
              92.1496604,
              21.2057708
            ],
            [
              92.1497248,
              21.2058859
            ],
            [
              92.1497313,
              21.2060341
            ],
            [
              92.1497329,
              21.2060709
            ],
            [
              92.1498656,
              21.2061259
            ],
            [
              92.1499156,
              21.2061213
            ],
            [
              92.1501808,
              21.2060972
            ],
            [
              92.15039,
              21.2061122
            ],
            [
              92.1505013,
              21.2062922
            ],
            [
              92.1505938,
              21.2063772
            ],
            [
              92.150677,
              21.2063797
            ],
            [
              92.150744,
              21.2063347
            ],
            [
              92.1508111,
              21.2062022
            ],
            [
              92.1509211,
              21.2061709
            ],
            [
              92.1510136,
              21.2061109
            ],
            [
              92.1511437,
              21.2059496
            ],
            [
              92.1512751,
              21.2059321
            ],
            [
              92.1513838,
              21.2060197
            ],
            [
              92.1514374,
              21.2060297
            ],
            [
              92.1514803,
              21.2059859
            ],
            [
              92.1515447,
              21.2057108
            ],
            [
              92.151652,
              21.2056196
            ],
            [
              92.1518585,
              21.2056158
            ],
            [
              92.1519363,
              21.2056721
            ],
            [
              92.1519591,
              21.2057471
            ],
            [
              92.1519269,
              21.2058171
            ],
            [
              92.151833,
              21.2058371
            ],
            [
              92.1517727,
              21.2058721
            ],
            [
              92.1517928,
              21.2059359
            ],
            [
              92.1518853,
              21.2059696
            ],
            [
              92.1520248,
              21.2058934
            ],
            [
              92.1520878,
              21.2058996
            ],
            [
              92.1520959,
              21.2059771
            ],
            [
              92.1520825,
              21.2060459
            ],
            [
              92.1519135,
              21.2061247
            ],
            [
              92.1518236,
              21.2061959
            ],
            [
              92.1518263,
              21.206281
            ],
            [
              92.151943,
              21.206406
            ],
            [
              92.1519551,
              21.206496
            ],
            [
              92.1518719,
              21.206516
            ],
            [
              92.1517941,
              21.206456
            ],
            [
              92.1517257,
              21.206451
            ],
            [
              92.1516573,
              21.2064798
            ],
            [
              92.1516399,
              21.2065823
            ],
            [
              92.1516815,
              21.206656
            ],
            [
              92.1517847,
              21.2066548
            ],
            [
              92.151892,
              21.2067386
            ],
            [
              92.1519725,
              21.2067561
            ],
            [
              92.1520838,
              21.2066973
            ],
            [
              92.1521415,
              21.2067361
            ],
            [
              92.1521442,
              21.2068036
            ],
            [
              92.1521804,
              21.2068586
            ],
            [
              92.1522756,
              21.2068573
            ],
            [
              92.1524325,
              21.2067636
            ],
            [
              92.1525425,
              21.2067286
            ],
            [
              92.1527182,
              21.2067498
            ],
            [
              92.1528429,
              21.2066285
            ],
            [
              92.1528871,
              21.2064785
            ],
            [
              92.1529193,
              21.206336
            ],
            [
              92.1529207,
              21.2062385
            ],
            [
              92.1529569,
              21.2062084
            ],
            [
              92.1531607,
              21.206326
            ],
            [
              92.1532653,
              21.2063247
            ],
            [
              92.1533042,
              21.206256
            ],
            [
              92.1533924,
              21.2062343
            ],
            [
              92.1534495,
              21.2063843
            ],
            [
              92.153546,
              21.206659
            ],
            [
              92.1535087,
              21.2067704
            ],
            [
              92.1536044,
              21.2069446
            ],
            [
              92.1537095,
              21.2069943
            ],
            [
              92.1537584,
              21.2070732
            ],
            [
              92.1537824,
              21.2072531
            ],
            [
              92.1535902,
              21.2074434
            ],
            [
              92.1534651,
              21.2076888
            ],
            [
              92.1534571,
              21.2079513
            ],
            [
              92.1531728,
              21.2085015
            ],
            [
              92.1528748,
              21.2086838
            ],
            [
              92.1526742,
              21.2088049
            ],
            [
              92.152167,
              21.2090066
            ],
            [
              92.1521106,
              21.2091378
            ],
            [
              92.1520541,
              21.2094132
            ],
            [
              92.1519463,
              21.2094958
            ],
            [
              92.1517599,
              21.2097689
            ],
            [
              92.1516654,
              21.2101681
            ],
            [
              92.1517121,
              21.2105178
            ],
            [
              92.1516411,
              21.2107225
            ],
            [
              92.151288,
              21.2108665
            ],
            [
              92.1511316,
              21.2108069
            ],
            [
              92.1508982,
              21.2108033
            ],
            [
              92.1506806,
              21.2109565
            ],
            [
              92.15007,
              21.2111278
            ],
            [
              92.149589,
              21.2110378
            ],
            [
              92.1493405,
              21.2110661
            ],
            [
              92.1492285,
              21.2112575
            ],
            [
              92.1491482,
              21.2115
            ],
            [
              92.1492948,
              21.2117596
            ],
            [
              92.1494938,
              21.2119267
            ],
            [
              92.1495571,
              21.2120227
            ],
            [
              92.1495842,
              21.212297
            ],
            [
              92.1493901,
              21.2128992
            ],
            [
              92.1493667,
              21.2132649
            ],
            [
              92.1491012,
              21.213885
            ],
            [
              92.1489617,
              21.2140201
            ],
            [
              92.1488357,
              21.213945
            ],
            [
              92.1483877,
              21.2138725
            ],
            [
              92.1480756,
              21.2138706
            ],
            [
              92.1474596,
              21.2138463
            ],
            [
              92.1473771,
              21.2140685
            ],
            [
              92.1471855,
              21.21424
            ],
            [
              92.1469518,
              21.2141945
            ]
          ]
        ]
      },
      "id": "relation/8077060"
    },
    {
      "type": "Feature",
      "properties": {
        "@id": "relation/8078032",
        "admin_level": "10",
        "boundary": "administrative",
        "name": "Camp 1W",
        "place": "neighbourhood",
        "source:geometry": "Humanitarian Data Exchange - data.humdata.org shape2018-02-08",
        "source:name": "Humanitarian Data Exchange - data.humdata.org shape2018-02-08",
        "type": "boundary",
        "wikipedia:en": "Kutupalong refugee camp"
      },
      "geometry": {
        "type": "Polygon",
        "coordinates": [
          [
            [
              92.1545347,
              21.2142976
            ],
            [
              92.154308,
              21.214362
            ],
            [
              92.1539275,
              21.2144941
            ],
            [
              92.153492,
              21.2146508
            ],
            [
              92.1529684,
              21.2148557
            ],
            [
              92.1525922,
              21.2150622
            ],
            [
              92.1518359,
              21.2159915
            ],
            [
              92.1515638,
              21.2163501
            ],
            [
              92.1514294,
              21.2167443
            ],
            [
              92.1513754,
              21.2169679
            ],
            [
              92.1514204,
              21.2173696
            ],
            [
              92.1513845,
              21.2178519
            ],
            [
              92.1512577,
              21.2180957
            ],
            [
              92.1510433,
              21.2183279
            ],
            [
              92.1507487,
              21.2187094
            ],
            [
              92.1499042,
              21.2187623
            ],
            [
              92.1495984,
              21.2185478
            ],
            [
              92.1495599,
              21.2181958
            ],
            [
              92.1492731,
              21.2181521
            ],
            [
              92.1491694,
              21.2179122
            ],
            [
              92.1492702,
              21.2176257
            ],
            [
              92.1498619,
              21.2175135
            ],
            [
              92.1502998,
              21.2176152
            ],
            [
              92.1502887,
              21.2173987
            ],
            [
              92.1498442,
              21.2172131
            ],
            [
              92.1495555,
              21.2172473
            ],
            [
              92.1495306,
              21.21668
            ],
            [
              92.1490641,
              21.216786
            ],
            [
              92.1488906,
              21.2168255
            ],
            [
              92.1486213,
              21.2168204
            ],
            [
              92.1480296,
              21.2167176
            ],
            [
              92.1477754,
              21.2166137
            ],
            [
              92.1478929,
              21.2163942
            ],
            [
              92.1481577,
              21.2161002
            ],
            [
              92.1481711,
              21.2158951
            ],
            [
              92.1476885,
              21.215705
            ],
            [
              92.1477093,
              21.2153219
            ],
            [
              92.1476013,
              21.2150217
            ],
            [
              92.1476557,
              21.2148389
            ],
            [
              92.1477325,
              21.2147666
            ],
            [
              92.1478229,
              21.2146814
            ],
            [
              92.1478744,
              21.2144644
            ],
            [
              92.1479574,
              21.2142223
            ],
            [
              92.1480756,
              21.2138706
            ],
            [
              92.1483877,
              21.2138725
            ],
            [
              92.1488357,
              21.213945
            ],
            [
              92.1489617,
              21.2140201
            ],
            [
              92.1491012,
              21.213885
            ],
            [
              92.1493667,
              21.2132649
            ],
            [
              92.1493901,
              21.2128992
            ],
            [
              92.1495842,
              21.212297
            ],
            [
              92.1495571,
              21.2120227
            ],
            [
              92.1494938,
              21.2119267
            ],
            [
              92.1492948,
              21.2117596
            ],
            [
              92.1491482,
              21.2115
            ],
            [
              92.1492285,
              21.2112575
            ],
            [
              92.1493405,
              21.2110661
            ],
            [
              92.149589,
              21.2110378
            ],
            [
              92.15007,
              21.2111278
            ],
            [
              92.1506806,
              21.2109565
            ],
            [
              92.1508982,
              21.2108033
            ],
            [
              92.1511316,
              21.2108069
            ],
            [
              92.151288,
              21.2108665
            ],
            [
              92.1516411,
              21.2107225
            ],
            [
              92.1517121,
              21.2105178
            ],
            [
              92.1516654,
              21.2101681
            ],
            [
              92.1517599,
              21.2097689
            ],
            [
              92.1519463,
              21.2094958
            ],
            [
              92.1520541,
              21.2094132
            ],
            [
              92.1521106,
              21.2091378
            ],
            [
              92.152167,
              21.2090066
            ],
            [
              92.1526742,
              21.2088049
            ],
            [
              92.1528187,
              21.2091966
            ],
            [
              92.1530306,
              21.2093291
            ],
            [
              92.1530271,
              21.2094863
            ],
            [
              92.1533154,
              21.2098888
            ],
            [
              92.1540041,
              21.2103534
            ],
            [
              92.1543171,
              21.2108786
            ],
            [
              92.1547723,
              21.210938
            ],
            [
              92.15499,
              21.2108935
            ],
            [
              92.1551354,
              21.2106315
            ],
            [
              92.155163,
              21.2103896
            ],
            [
              92.1554372,
              21.2101911
            ],
            [
              92.1557556,
              21.210161
            ],
            [
              92.1561483,
              21.2102425
            ],
            [
              92.1563137,
              21.2103706
            ],
            [
              92.1564684,
              21.2103551
            ],
            [
              92.1570128,
              21.2106294
            ],
            [
              92.1574367,
              21.2107682
            ],
            [
              92.1576011,
              21.2109106
            ],
            [
              92.1578051,
              21.2109127
            ],
            [
              92.157803,
              21.2113189
            ],
            [
              92.1578027,
              21.2117619
            ],
            [
              92.1579674,
              21.2122975
            ],
            [
              92.1579233,
              21.2127643
            ],
            [
              92.1578232,
              21.2130104
            ],
            [
              92.1576091,
              21.2130941
            ],
            [
              92.1571241,
              21.2131071
            ],
            [
              92.1566911,
              21.2133523
            ],
            [
              92.1564495,
              21.2135497
            ],
            [
              92.1562435,
              21.2140827
            ],
            [
              92.1556719,
              21.2141325
            ],
            [
              92.1549894,
              21.2141984
            ],
            [
              92.1545347,
              21.2142976
            ]
          ]
        ]
      },
      "id": "relation/8078032"
    },
    {
      "type": "Feature",
      "properties": {
        "@id": "relation/8078925",
        "admin_level": "10",
        "boundary": "administrative",
        "name": "Camp 1E",
        "old_name": "Lambashia",
        "place": "neighbourhood",
        "source:geometry": "Humanitarian Data Exchange - data.humdata.org shape2018-02-08",
        "source:name": "Humanitarian Data Exchange - data.humdata.org shape2018-02-08",
        "type": "boundary",
        "wikipedia:en": "Kutupalong refugee camp"
      },
      "geometry": {
        "type": "Polygon",
        "coordinates": [
          [
            [
              92.1603594,
              21.2114903
            ],
            [
              92.1604524,
              21.2120537
            ],
            [
              92.1607499,
              21.213006
            ],
            [
              92.1608707,
              21.2132175
            ],
            [
              92.1612785,
              21.213932
            ],
            [
              92.1612794,
              21.2139349
            ],
            [
              92.1617575,
              21.2154458
            ],
            [
              92.1614482,
              21.2154236
            ],
            [
              92.1612805,
              21.2155374
            ],
            [
              92.1610542,
              21.2155684
            ],
            [
              92.1608088,
              21.2155224
            ],
            [
              92.1606247,
              21.2153335
            ],
            [
              92.160609,
              21.2153769
            ],
            [
              92.1605653,
              21.2154388
            ],
            [
              92.1605565,
              21.2154391
            ],
            [
              92.1604854,
              21.2156356
            ],
            [
              92.1600235,
              21.2161101
            ],
            [
              92.1597112,
              21.2162316
            ],
            [
              92.1592924,
              21.2164722
            ],
            [
              92.1592507,
              21.2165262
            ],
            [
              92.1591301,
              21.216587
            ],
            [
              92.1583114,
              21.2167037
            ],
            [
              92.1582855,
              21.2170126
            ],
            [
              92.158155,
              21.2170784
            ],
            [
              92.1578846,
              21.2172968
            ],
            [
              92.1574432,
              21.2171349
            ],
            [
              92.1574107,
              21.216908
            ],
            [
              92.1572485,
              21.2167567
            ],
            [
              92.1571105,
              21.2168626
            ],
            [
              92.1573618,
              21.2177192
            ],
            [
              92.157159,
              21.2178831
            ],
            [
              92.1564618,
              21.2188734
            ],
            [
              92.1564323,
              21.2188957
            ],
            [
              92.1554058,
              21.218934
            ],
            [
              92.1548573,
              21.2194709
            ],
            [
              92.1548727,
              21.2200738
            ],
            [
              92.1545362,
              21.220328
            ],
            [
              92.1537319,
              21.2208556
            ],
            [
              92.1534465,
              21.221879
            ],
            [
              92.152194,
              21.2229185
            ],
            [
              92.1517285,
              21.2228434
            ],
            [
              92.1514031,
              21.2224035
            ],
            [
              92.1519661,
              21.2212156
            ],
            [
              92.1523986,
              21.2203896
            ],
            [
              92.1524302,
              21.2196522
            ],
            [
              92.1521244,
              21.2193277
            ],
            [
              92.1519767,
              21.2199767
            ],
            [
              92.1515864,
              21.2205568
            ],
            [
              92.1509008,
              21.2208813
            ],
            [
              92.1504694,
              21.2209315
            ],
            [
              92.150427,
              21.2208644
            ],
            [
              92.1503859,
              21.2208665
            ],
            [
              92.1501599,
              21.2208033
            ],
            [
              92.1501177,
              21.2198294
            ],
            [
              92.1502685,
              21.2196121
            ],
            [
              92.1501177,
              21.2189985
            ],
            [
              92.1499042,
              21.2187623
            ],
            [
              92.1507487,
              21.2187094
            ],
            [
              92.1510433,
              21.2183279
            ],
            [
              92.1512577,
              21.2180957
            ],
            [
              92.1513845,
              21.2178519
            ],
            [
              92.1514204,
              21.2173696
            ],
            [
              92.1513754,
              21.2169679
            ],
            [
              92.1514294,
              21.2167443
            ],
            [
              92.1515638,
              21.2163501
            ],
            [
              92.1518359,
              21.2159915
            ],
            [
              92.1525922,
              21.2150622
            ],
            [
              92.1529684,
              21.2148557
            ],
            [
              92.153492,
              21.2146508
            ],
            [
              92.1539275,
              21.2144941
            ],
            [
              92.154308,
              21.214362
            ],
            [
              92.1545347,
              21.2142976
            ],
            [
              92.1549894,
              21.2141984
            ],
            [
              92.1556719,
              21.2141325
            ],
            [
              92.1562435,
              21.2140827
            ],
            [
              92.1564495,
              21.2135497
            ],
            [
              92.1566911,
              21.2133523
            ],
            [
              92.1571241,
              21.2131071
            ],
            [
              92.1576091,
              21.2130941
            ],
            [
              92.1578232,
              21.2130104
            ],
            [
              92.1579233,
              21.2127643
            ],
            [
              92.1579674,
              21.2122975
            ],
            [
              92.1578027,
              21.2117619
            ],
            [
              92.157803,
              21.2113189
            ],
            [
              92.1582685,
              21.2114211
            ],
            [
              92.1582765,
              21.2115318
            ],
            [
              92.1584432,
              21.2115704
            ],
            [
              92.1585942,
              21.2113256
            ],
            [
              92.1587445,
              21.2112076
            ],
            [
              92.1590301,
              21.2110822
            ],
            [
              92.1595222,
              21.2110162
            ],
            [
              92.1599989,
              21.2110186
            ],
            [
              92.1602204,
              21.211089
            ],
            [
              92.1603594,
              21.2114903
            ]
          ]
        ]
      },
      "id": "relation/8078925"
    },
    {
      "type": "Feature",
      "properties": {
        "@id": "relation/8079543",
        "admin_level": "10",
        "boundary": "administrative",
        "name": "Camp 2E",
        "place": "neighbourhood",
        "source:geometry": "Humanitarian Data Exchange - data.humdata.org shape2018-02-08",
        "source:name": "Humanitarian Data Exchange - data.humdata.org shape2018-02-08",
        "type": "boundary",
        "wikipedia:en": "Kutupalong refugee camp"
      },
      "geometry": {
        "type": "Polygon",
        "coordinates": [
          [
            [
              92.1654888,
              21.2148255
            ],
            [
              92.1652716,
              21.2138262
            ],
            [
              92.1647322,
              21.2137385
            ],
            [
              92.1647796,
              21.2135196
            ],
            [
              92.1650176,
              21.2133758
            ],
            [
              92.1652086,
              21.2133333
            ],
            [
              92.1655887,
              21.21369
            ],
            [
              92.1656477,
              21.2139551
            ],
            [
              92.1662217,
              21.2139551
            ],
            [
              92.1660849,
              21.213655
            ],
            [
              92.1661949,
              21.213425
            ],
            [
              92.1664926,
              21.2134275
            ],
            [
              92.1665141,
              21.2130899
            ],
            [
              92.166844,
              21.2130149
            ],
            [
              92.1667086,
              21.2126263
            ],
            [
              92.1668846,
              21.2121242
            ],
            [
              92.1671343,
              21.2111897
            ],
            [
              92.1668631,
              21.2110697
            ],
            [
              92.1669738,
              21.2105823
            ],
            [
              92.1667663,
              21.2104188
            ],
            [
              92.1663579,
              21.2103029
            ],
            [
              92.1661882,
              21.2099558
            ],
            [
              92.1662535,
              21.2095972
            ],
            [
              92.1665798,
              21.2091416
            ],
            [
              92.1666865,
              21.2091091
            ],
            [
              92.1666285,
              21.2089481
            ],
            [
              92.1665557,
              21.2089453
            ],
            [
              92.1665007,
              21.2090041
            ],
            [
              92.1663466,
              21.2089176
            ],
            [
              92.16627,
              21.2089553
            ],
            [
              92.1659784,
              21.2086385
            ],
            [
              92.1658256,
              21.2085244
            ],
            [
              92.1657129,
              21.2085399
            ],
            [
              92.1655069,
              21.208489
            ],
            [
              92.1652097,
              21.2081849
            ],
            [
              92.1652622,
              21.2079096
            ],
            [
              92.1649789,
              21.2078664
            ],
            [
              92.1648216,
              21.2078738
            ],
            [
              92.1648124,
              21.207938
            ],
            [
              92.1647358,
              21.2079401
            ],
            [
              92.1646768,
              21.2078551
            ],
            [
              92.1642221,
              21.2078538
            ],
            [
              92.1637849,
              21.2079313
            ],
            [
              92.1634457,
              21.2081614
            ],
            [
              92.1628515,
              21.2080514
            ],
            [
              92.1624291,
              21.2078888
            ],
            [
              92.1622159,
              21.2081601
            ],
            [
              92.161788,
              21.2082214
            ],
            [
              92.1615654,
              21.2079013
            ],
            [
              92.1610625,
              21.20754
            ],
            [
              92.1607085,
              21.2073237
            ],
            [
              92.1600433,
              21.2069236
            ],
            [
              92.1587639,
              21.2065448
            ],
            [
              92.1585471,
              21.2060923
            ],
            [
              92.1588988,
              21.205675
            ],
            [
              92.1592368,
              21.2054206
            ],
            [
              92.159548,
              21.2049977
            ],
            [
              92.1594575,
              21.2048807
            ],
            [
              92.1591407,
              21.2046794
            ],
            [
              92.1589243,
              21.2043918
            ],
            [
              92.1591691,
              21.2042987
            ],
            [
              92.1594368,
              21.2042698
            ],
            [
              92.1597032,
              21.2043529
            ],
            [
              92.1599337,
              21.2042858
            ],
            [
              92.1600091,
              21.2040615
            ],
            [
              92.1602694,
              21.2041195
            ],
            [
              92.1604241,
              21.2041437
            ],
            [
              92.1604169,
              21.2042251
            ],
            [
              92.1604582,
              21.2043529
            ],
            [
              92.1608201,
              21.2043059
            ],
            [
              92.1610196,
              21.2043283
            ],
            [
              92.1613731,
              21.204626
            ],
            [
              92.1617161,
              21.2046218
            ],
            [
              92.161926,
              21.2045606
            ],
            [
              92.1620407,
              21.2046122
            ],
            [
              92.1622286,
              21.2045886
            ],
            [
              92.1623982,
              21.2045675
            ],
            [
              92.1626147,
              21.2045681
            ],
            [
              92.1628078,
              21.2046023
            ],
            [
              92.1629153,
              21.2046532
            ],
            [
              92.1630292,
              21.2047449
            ],
            [
              92.1629105,
              21.2048588
            ],
            [
              92.1626796,
              21.2053471
            ],
            [
              92.162732,
              21.2054835
            ],
            [
              92.1630007,
              21.205529
            ],
            [
              92.1634524,
              21.2054987
            ],
            [
              92.1638649,
              21.2052767
            ],
            [
              92.164003,
              21.2051367
            ],
            [
              92.1644467,
              21.205128
            ],
            [
              92.1646228,
              21.2051647
            ],
            [
              92.1648378,
              21.2054911
            ],
            [
              92.1651873,
              21.2055168
            ],
            [
              92.165361,
              21.2053467
            ],
            [
              92.165638,
              21.2051813
            ],
            [
              92.1659441,
              21.2055808
            ],
            [
              92.1661198,
              21.2057958
            ],
            [
              92.1665812,
              21.2059784
            ],
            [
              92.166629,
              21.2060616
            ],
            [
              92.1671806,
              21.2060343
            ],
            [
              92.1672538,
              21.2058545
            ],
            [
              92.1676313,
              21.2060922
            ],
            [
              92.1677318,
              21.2063547
            ],
            [
              92.1676132,
              21.2063803
            ],
            [
              92.167642,
              21.206536
            ],
            [
              92.1677506,
              21.2065735
            ],
            [
              92.1678404,
              21.2066761
            ],
            [
              92.1678445,
              21.2070061
            ],
            [
              92.1676487,
              21.2071974
            ],
            [
              92.1675695,
              21.2075563
            ],
            [
              92.1680939,
              21.208574
            ],
            [
              92.1683751,
              21.2093953
            ],
            [
              92.1682911,
              21.209913
            ],
            [
              92.1681342,
              21.2104344
            ],
            [
              92.1680886,
              21.2108545
            ],
            [
              92.1680912,
              21.211322
            ],
            [
              92.1679907,
              21.2120284
            ],
            [
              92.1678539,
              21.2127036
            ],
            [
              92.1677694,
              21.2132874
            ],
            [
              92.1674958,
              21.2136875
            ],
            [
              92.1670184,
              21.2141526
            ],
            [
              92.1654888,
              21.2148255
            ]
          ]
        ]
      },
      "id": "relation/8079543"
    },
    {
      "type": "Feature",
      "properties": {
        "@id": "relation/8079544",
        "admin_level": "10",
        "boundary": "administrative",
        "name": "Camp 2W",
        "place": "neighbourhood",
        "source:geometry": "Humanitarian Data Exchange - data.humdata.org shape2018-02-08",
        "source:name": "Humanitarian Data Exchange - data.humdata.org shape2018-02-08",
        "type": "boundary",
        "wikipedia:en": "Kutupalong refugee camp"
      },
      "geometry": {
        "type": "Polygon",
        "coordinates": [
          [
            [
              92.1537824,
              21.2072531
            ],
            [
              92.1540761,
              21.2076462
            ],
            [
              92.154211,
              21.2075691
            ],
            [
              92.1543708,
              21.2075699
            ],
            [
              92.1544467,
              21.2074819
            ],
            [
              92.1547984,
              21.207075
            ],
            [
              92.1548835,
              21.2070754
            ],
            [
              92.1548915,
              21.2070754
            ],
            [
              92.1550164,
              21.2071939
            ],
            [
              92.1550655,
              21.2071941
            ],
            [
              92.1551633,
              21.2071946
            ],
            [
              92.1552585,
              21.2071063
            ],
            [
              92.1555442,
              21.2071047
            ],
            [
              92.1557574,
              21.2072329
            ],
            [
              92.1558804,
              21.2073983
            ],
            [
              92.1559898,
              21.2079998
            ],
            [
              92.1561458,
              21.2082338
            ],
            [
              92.1558461,
              21.2088756
            ],
            [
              92.1558672,
              21.2091467
            ],
            [
              92.1561829,
              21.2091888
            ],
            [
              92.1563703,
              21.2090586
            ],
            [
              92.1565972,
              21.2090359
            ],
            [
              92.1565881,
              21.2088684
            ],
            [
              92.1565921,
              21.2087503
            ],
            [
              92.1566221,
              21.2085875
            ],
            [
              92.1568356,
              21.208312
            ],
            [
              92.1568701,
              21.2082024
            ],
            [
              92.1568832,
              21.2080821
            ],
            [
              92.1568745,
              21.2079828
            ],
            [
              92.1568119,
              21.2077375
            ],
            [
              92.1568362,
              21.2076221
            ],
            [
              92.1567395,
              21.2070148
            ],
            [
              92.1566905,
              21.2069258
            ],
            [
              92.1568377,
              21.206868
            ],
            [
              92.1568285,
              21.2067872
            ],
            [
              92.1566767,
              21.2066923
            ],
            [
              92.1567228,
              21.2065881
            ],
            [
              92.1569111,
              21.2066989
            ],
            [
              92.1571187,
              21.2067836
            ],
            [
              92.1574584,
              21.2066177
            ],
            [
              92.1578072,
              21.2061339
            ],
            [
              92.1585471,
              21.2060923
            ],
            [
              92.1587639,
              21.2065448
            ],
            [
              92.1600433,
              21.2069236
            ],
            [
              92.1607085,
              21.2073237
            ],
            [
              92.1610625,
              21.20754
            ],
            [
              92.1615654,
              21.2079013
            ],
            [
              92.161788,
              21.2082214
            ],
            [
              92.1622159,
              21.2081601
            ],
            [
              92.1624291,
              21.2078888
            ],
            [
              92.1628515,
              21.2080514
            ],
            [
              92.1634457,
              21.2081614
            ],
            [
              92.1637849,
              21.2079313
            ],
            [
              92.1642221,
              21.2078538
            ],
            [
              92.1646768,
              21.2078551
            ],
            [
              92.1647358,
              21.2079401
            ],
            [
              92.1648124,
              21.207938
            ],
            [
              92.1647653,
              21.2081951
            ],
            [
              92.1647143,
              21.2082139
            ],
            [
              92.1645993,
              21.2089668
            ],
            [
              92.1640356,
              21.2089315
            ],
            [
              92.1639091,
              21.2088933
            ],
            [
              92.163801,
              21.2091166
            ],
            [
              92.1637001,
              21.2093833
            ],
            [
              92.1633645,
              21.2094487
            ],
            [
              92.1631131,
              21.2094075
            ],
            [
              92.1628359,
              21.2094568
            ],
            [
              92.1626293,
              21.209485
            ],
            [
              92.1623226,
              21.2101056
            ],
            [
              92.162282,
              21.2103384
            ],
            [
              92.1621528,
              21.2105969
            ],
            [
              92.1620027,
              21.2105391
            ],
            [
              92.1615796,
              21.2105879
            ],
            [
              92.1615205,
              21.2105813
            ],
            [
              92.1612967,
              21.2105561
            ],
            [
              92.1611028,
              21.2106384
            ],
            [
              92.161041,
              21.2105256
            ],
            [
              92.1608104,
              21.2106094
            ],
            [
              92.1605941,
              21.2105754
            ],
            [
              92.1604416,
              21.2107119
            ],
            [
              92.1604376,
              21.2108895
            ],
            [
              92.1604657,
              21.2109795
            ],
            [
              92.1604738,
              21.2114733
            ],
            [
              92.1603594,
              21.2114903
            ],
            [
              92.1602204,
              21.211089
            ],
            [
              92.1599989,
              21.2110186
            ],
            [
              92.1595222,
              21.2110162
            ],
            [
              92.1590301,
              21.2110822
            ],
            [
              92.1587445,
              21.2112076
            ],
            [
              92.1585942,
              21.2113256
            ],
            [
              92.1584432,
              21.2115704
            ],
            [
              92.1582765,
              21.2115318
            ],
            [
              92.1582685,
              21.2114211
            ],
            [
              92.157803,
              21.2113189
            ],
            [
              92.1578051,
              21.2109127
            ],
            [
              92.1576011,
              21.2109106
            ],
            [
              92.1574367,
              21.2107682
            ],
            [
              92.1570128,
              21.2106294
            ],
            [
              92.1564684,
              21.2103551
            ],
            [
              92.1563137,
              21.2103706
            ],
            [
              92.1561483,
              21.2102425
            ],
            [
              92.1557556,
              21.210161
            ],
            [
              92.1554372,
              21.2101911
            ],
            [
              92.155163,
              21.2103896
            ],
            [
              92.1551354,
              21.2106315
            ],
            [
              92.15499,
              21.2108935
            ],
            [
              92.1547723,
              21.210938
            ],
            [
              92.1543171,
              21.2108786
            ],
            [
              92.1540041,
              21.2103534
            ],
            [
              92.1533154,
              21.2098888
            ],
            [
              92.1530271,
              21.2094863
            ],
            [
              92.1530306,
              21.2093291
            ],
            [
              92.1528187,
              21.2091966
            ],
            [
              92.1526742,
              21.2088049
            ],
            [
              92.1528748,
              21.2086838
            ],
            [
              92.1531728,
              21.2085015
            ],
            [
              92.1534571,
              21.2079513
            ],
            [
              92.1534651,
              21.2076888
            ],
            [
              92.1535902,
              21.2074434
            ],
            [
              92.1537824,
              21.2072531
            ]
          ]
        ]
      },
      "id": "relation/8079544"
    },
    {
      "type": "Feature",
      "properties": {
        "@id": "relation/9571778",
        "addr:postcode": "5351",
        "admin_level": "10",
        "border_type": "Village",
        "boundary": "administrative",
        "name": "দক্ষিণ বালাপাড়া",
        "name:bn": "দক্ষিণ বালাপাড়া",
        "name:en": "Dakshin Balapara",
        "type": "boundary"
      },
      "geometry": {
        "type": "Polygon",
        "coordinates": [
          [
            [
              88.9075532,
              26.199984
            ],
            [
              88.9076914,
              26.1999724
            ],
            [
              88.9078316,
              26.2000083
            ],
            [
              88.9082896,
              26.2001256
            ],
            [
              88.9085192,
              26.2001829
            ],
            [
              88.9087572,
              26.2002118
            ],
            [
              88.9090888,
              26.200238
            ],
            [
              88.9091532,
              26.2002589
            ],
            [
              88.9093387,
              26.2002914
            ],
            [
              88.9098238,
              26.200468
            ],
            [
              88.9102596,
              26.2006194
            ],
            [
              88.9106111,
              26.2007077
            ],
            [
              88.9106884,
              26.2007834
            ],
            [
              88.9106954,
              26.2008969
            ],
            [
              88.9106743,
              26.2011492
            ],
            [
              88.9107446,
              26.2015403
            ],
            [
              88.910829,
              26.2019187
            ],
            [
              88.9109766,
              26.2021457
            ],
            [
              88.9110076,
              26.2022278
            ],
            [
              88.9109286,
              26.2023592
            ],
            [
              88.910794,
              26.2024292
            ],
            [
              88.9106178,
              26.2025624
            ],
            [
              88.9104858,
              26.2026626
            ],
            [
              88.9103907,
              26.2026947
            ],
            [
              88.9103048,
              26.2026947
            ],
            [
              88.9101975,
              26.202685
            ],
            [
              88.9100688,
              26.2026802
            ],
            [
              88.9099883,
              26.2026802
            ],
            [
              88.9099326,
              26.2027174
            ],
            [
              88.9099186,
              26.2028006
            ],
            [
              88.9099151,
              26.2040599
            ],
            [
              88.9099055,
              26.2042524
            ],
            [
              88.9099099,
              26.204339
            ],
            [
              88.9099345,
              26.2044557
            ],
            [
              88.9099109,
              26.204695
            ],
            [
              88.9098703,
              26.2049135
            ],
            [
              88.9098489,
              26.2049616
            ],
            [
              88.9098401,
              26.2050086
            ],
            [
              88.9097858,
              26.2050284
            ],
            [
              88.9097161,
              26.2050627
            ],
            [
              88.9096879,
              26.2052697
            ],
            [
              88.9096802,
              26.2054805
            ],
            [
              88.9097214,
              26.205559
            ],
            [
              88.9097725,
              26.2056555
            ],
            [
              88.9098252,
              26.2057779
            ],
            [
              88.90977,
              26.2058842
            ],
            [
              88.9097201,
              26.2059772
            ],
            [
              88.9097147,
              26.2063526
            ],
            [
              88.9096987,
              26.2064055
            ],
            [
              88.9096611,
              26.2064248
            ],
            [
              88.9093017,
              26.2064585
            ],
            [
              88.9093392,
              26.206651
            ],
            [
              88.9075363,
              26.2078435
            ],
            [
              88.9070535,
              26.2084884
            ],
            [
              88.9065277,
              26.2092103
            ],
            [
              88.9062059,
              26.2106542
            ],
            [
              88.9056695,
              26.2126082
            ],
            [
              88.9046002,
              26.2131797
            ],
            [
              88.9038921,
              26.2139752
            ],
            [
              88.9020336,
              26.2155048
            ],
            [
              88.9016583,
              26.215748
            ],
            [
              88.9013876,
              26.2159562
            ],
            [
              88.9009578,
              26.2162955
            ],
            [
              88.9008795,
              26.2163595
            ],
            [
              88.9006227,
              26.2165692
            ],
            [
              88.90005,
              26.2170323
            ],
            [
              88.8998654,
              26.2172256
            ],
            [
              88.8997727,
              26.2173214
            ],
            [
              88.8994963,
              26.2176073
            ],
            [
              88.8991826,
              26.2179535
            ],
            [
              88.8988791,
              26.218362
            ],
            [
              88.8986971,
              26.2186838
            ],
            [
              88.898508,
              26.2189609
            ],
            [
              88.8983002,
              26.2192425
            ],
            [
              88.8981465,
              26.2195349
            ],
            [
              88.8978898,
              26.220057
            ],
            [
              88.8977923,
              26.2202732
            ],
            [
              88.8977146,
              26.2204435
            ],
            [
              88.8976781,
              26.2205264
            ],
            [
              88.897416,
              26.2210279
            ],
            [
              88.8970222,
              26.2217141
            ],
            [
              88.896813,
              26.22211
            ],
            [
              88.8966196,
              26.2228888
            ],
            [
              88.8965617,
              26.223146
            ],
            [
              88.8964844,
              26.2232578
            ],
            [
              88.8963249,
              26.2233812
            ],
            [
              88.8959703,
              26.2236467
            ],
            [
              88.8955149,
              26.2239361
            ],
            [
              88.8952146,
              26.2241623
            ],
            [
              88.89425,
              26.2246286
            ],
            [
              88.8938141,
              26.2245769
            ],
            [
              88.8930577,
              26.2248223
            ],
            [
              88.8918883,
              26.2249426
            ],
            [
              88.8914484,
              26.2248656
            ],
            [
              88.8929021,
              26.2226087
            ],
            [
              88.8936317,
              26.2219061
            ],
            [
              88.8906169,
              26.2218676
            ],
            [
              88.8878059,
              26.2217521
            ],
            [
              88.886379,
              26.2215499
            ],
            [
              88.8856387,
              26.220318
            ],
            [
              88.883728,
              26.2196405
            ],
            [
              88.8817227,
              26.2187972
            ],
            [
              88.8795769,
              26.2197308
            ],
            [
              88.878032,
              26.2196827
            ],
            [
              88.877576,
              26.2186481
            ],
            [
              88.8748026,
              26.2163717
            ],
            [
              88.8774771,
              26.214625
            ],
            [
              88.8783216,
              26.2133012
            ],
            [
              88.8793423,
              26.2119299
            ],
            [
              88.8794929,
              26.2112851
            ],
            [
              88.8793838,
              26.2085654
            ],
            [
              88.8839943,
              26.2073749
            ],
            [
              88.884824,
              26.2071894
            ],
            [
              88.8854145,
              26.2070464
            ],
            [
              88.885898,
              26.2067943
            ],
            [
              88.8866724,
              26.2063287
            ],
            [
              88.8869913,
              26.2061164
            ],
            [
              88.8869409,
              26.2058292
            ],
            [
              88.8868499,
              26.2057566
            ],
            [
              88.88682,
              26.2056426
            ],
            [
              88.8867892,
              26.205457
            ],
            [
              88.8867436,
              26.2048851
            ],
            [
              88.8867183,
              26.2046218
            ],
            [
              88.8867993,
              26.2042587
            ],
            [
              88.886946,
              26.2038683
            ],
            [
              88.8871969,
              26.2035442
            ],
            [
              88.8873861,
              26.2032919
            ],
            [
              88.8875274,
              26.2031628
            ],
            [
              88.8876143,
              26.2030951
            ],
            [
              88.887641,
              26.2031322
            ],
            [
              88.8878882,
              26.2029237
            ],
            [
              88.8881499,
              26.2027496
            ],
            [
              88.8882392,
              26.2026591
            ],
            [
              88.8883866,
              26.2026742
            ],
            [
              88.8884777,
              26.2026863
            ],
            [
              88.8886022,
              26.2026685
            ],
            [
              88.8888294,
              26.2026814
            ],
            [
              88.8890104,
              26.2026566
            ],
            [
              88.8891587,
              26.2026613
            ],
            [
              88.8893351,
              26.2026792
            ],
            [
              88.8896213,
              26.2026923
            ],
            [
              88.8900493,
              26.2027388
            ],
            [
              88.8906122,
              26.2028225
            ],
            [
              88.8911399,
              26.2028603
            ],
            [
              88.8910755,
              26.2030697
            ],
            [
              88.8912982,
              26.2031291
            ],
            [
              88.891675,
              26.203194
            ],
            [
              88.8919506,
              26.2031994
            ],
            [
              88.8925208,
              26.2030859
            ],
            [
              88.8932306,
              26.2028669
            ],
            [
              88.8936097,
              26.2027558
            ],
            [
              88.8938482,
              26.2026346
            ],
            [
              88.8941682,
              26.2023855
            ],
            [
              88.89454,
              26.2021435
            ],
            [
              88.8948955,
              26.2019404
            ],
            [
              88.895175,
              26.2017882
            ],
            [
              88.89541,
              26.20169
            ],
            [
              88.8956453,
              26.2016356
            ],
            [
              88.895949,
              26.2016274
            ],
            [
              88.8964007,
              26.2016074
            ],
            [
              88.8965167,
              26.2015715
            ],
            [
              88.8967712,
              26.2016358
            ],
            [
              88.8970088,
              26.2017458
            ],
            [
              88.8972191,
              26.2017959
            ],
            [
              88.8975139,
              26.2017896
            ],
            [
              88.8979956,
              26.2018079
            ],
            [
              88.8985215,
              26.2018179
            ],
            [
              88.8992158,
              26.2019083
            ],
            [
              88.8997857,
              26.2018581
            ],
            [
              88.9004257,
              26.2018347
            ],
            [
              88.900828,
              26.2018058
            ],
            [
              88.9009552,
              26.2017744
            ],
            [
              88.9011472,
              26.2017304
            ],
            [
              88.9013071,
              26.2016827
            ],
            [
              88.9013953,
              26.201643
            ],
            [
              88.9014865,
              26.2015933
            ],
            [
              88.9015281,
              26.2015504
            ],
            [
              88.9015898,
              26.2015119
            ],
            [
              88.901626,
              26.2014637
            ],
            [
              88.9017012,
              26.2012583
            ],
            [
              88.9017808,
              26.2011841
            ],
            [
              88.901846,
              26.2011196
            ],
            [
              88.9019233,
              26.2010433
            ],
            [
              88.902077,
              26.2009162
            ],
            [
              88.9022018,
              26.2008915
            ],
            [
              88.9023457,
              26.2008594
            ],
            [
              88.9025034,
              26.200885
            ],
            [
              88.9026771,
              26.2008927
            ],
            [
              88.902874,
              26.200981
            ],
            [
              88.9029372,
              26.2010757
            ],
            [
              88.9030989,
              26.2011955
            ],
            [
              88.903352,
              26.2012901
            ],
            [
              88.9036472,
              26.2013153
            ],
            [
              88.9040409,
              26.2013784
            ],
            [
              88.9045048,
              26.2013532
            ],
            [
              88.9048085,
              26.2013663
            ],
            [
              88.9049788,
              26.2013302
            ],
            [
              88.9051151,
              26.2012808
            ],
            [
              88.905499,
              26.2012785
            ],
            [
              88.9059168,
              26.2008808
            ],
            [
              88.9060576,
              26.2007588
            ],
            [
              88.9064005,
              26.2004615
            ],
            [
              88.9064949,
              26.2003797
            ],
            [
              88.9068502,
              26.200107
            ],
            [
              88.9070248,
              26.1999731
            ],
            [
              88.9071017,
              26.1999211
            ],
            [
              88.9071927,
              26.1998988
            ],
            [
              88.9075532,
              26.199984
            ]
          ]
        ]
      },
      "id": "relation/9571778"
    },
    {
      "type": "Feature",
      "properties": {
        "@id": "relation/12910363",
        "admin_level": "10",
        "boundary": "administrative",
        "name": "Camp 20 Extension",
        "type": "boundary"
      },
      "geometry": {
        "type": "Polygon",
        "coordinates": [
          [
            [
              92.1352455,
              21.2005863
            ],
            [
              92.1333868,
              21.200261
            ],
            [
              92.1318354,
              21.1997068
            ],
            [
              92.1299729,
              21.1988817
            ],
            [
              92.1300336,
              21.1977147
            ],
            [
              92.1302232,
              21.1961586
            ],
            [
              92.1309288,
              21.1947581
            ],
            [
              92.1314371,
              21.1934707
            ],
            [
              92.132393,
              21.1922824
            ],
            [
              92.1323398,
              21.1918085
            ],
            [
              92.1341075,
              21.1898279
            ],
            [
              92.1342691,
              21.188113
            ],
            [
              92.1346049,
              21.1861719
            ],
            [
              92.134839,
              21.1852813
            ],
            [
              92.1358269,
              21.1847619
            ],
            [
              92.1360147,
              21.1854772
            ],
            [
              92.1364868,
              21.1858673
            ],
            [
              92.1369219,
              21.18607
            ],
            [
              92.1366477,
              21.1864525
            ],
            [
              92.1367872,
              21.1869177
            ],
            [
              92.1378936,
              21.1874464
            ],
            [
              92.1379487,
              21.1876811
            ],
            [
              92.1380616,
              21.188217
            ],
            [
              92.1379055,
              21.1885061
            ],
            [
              92.1378053,
              21.1887164
            ],
            [
              92.137689,
              21.1889069
            ],
            [
              92.1373368,
              21.1893888
            ],
            [
              92.1373236,
              21.1897587
            ],
            [
              92.1374893,
              21.1900841
            ],
            [
              92.1372485,
              21.190599
            ],
            [
              92.1374562,
              21.1910983
            ],
            [
              92.1376743,
              21.1913429
            ],
            [
              92.1376777,
              21.1915243
            ],
            [
              92.1373669,
              21.1917438
            ],
            [
              92.1372239,
              21.1917863
            ],
            [
              92.1370018,
              21.1916894
            ],
            [
              92.1367872,
              21.1918069
            ],
            [
              92.1367308,
              21.191982
            ],
            [
              92.1368462,
              21.1922695
            ],
            [
              92.1371412,
              21.1929223
            ],
            [
              92.1372878,
              21.1930231
            ],
            [
              92.1373221,
              21.1931462
            ],
            [
              92.1372136,
              21.1932974
            ],
            [
              92.1369887,
              21.1934678
            ],
            [
              92.1369696,
              21.193545
            ],
            [
              92.1370715,
              21.1940101
            ],
            [
              92.137162,
              21.1943338
            ],
            [
              92.1371051,
              21.1949352
            ],
            [
              92.1371489,
              21.1951723
            ],
            [
              92.1372506,
              21.1953751
            ],
            [
              92.1373638,
              21.1954455
            ],
            [
              92.1374094,
              21.1955556
            ],
            [
              92.1374131,
              21.1958342
            ],
            [
              92.1369615,
              21.1962005
            ],
            [
              92.1368875,
              21.1969876
            ],
            [
              92.1368259,
              21.1970967
            ],
            [
              92.1369904,
              21.1974105
            ],
            [
              92.1375161,
              21.19743
            ],
            [
              92.1374976,
              21.1980447
            ],
            [
              92.1369184,
              21.1986652
            ],
            [
              92.1364007,
              21.1981596
            ],
            [
              92.1358523,
              21.1983377
            ],
            [
              92.1355442,
              21.1987341
            ],
            [
              92.1355997,
              21.1990214
            ],
            [
              92.1353778,
              21.1994695
            ],
            [
              92.1354641,
              21.1998084
            ],
            [
              92.1354374,
              21.2002988
            ],
            [
              92.1352455,
              21.2005863
            ]
          ]
        ]
      },
      "id": "relation/12910363"
    },
    {
      "type": "Feature",
      "properties": {
        "@id": "relation/12913169",
        "admin_level": "10",
        "boundary": "administrative",
        "name": "ক্যাম্প ২১",
        "name:en": "Camp 21",
        "type": "boundary"
      },
      "geometry": {
        "type": "Polygon",
        "coordinates": [
          [
            [
              92.159881,
              21.1330308
            ],
            [
              92.1598944,
              21.1330183
            ],
            [
              92.159948,
              21.132942
            ],
            [
              92.1598575,
              21.132709
            ],
            [
              92.1598086,
              21.1324629
            ],
            [
              92.1598465,
              21.132314
            ],
            [
              92.1599534,
              21.1322953
            ],
            [
              92.1601291,
              21.1324103
            ],
            [
              92.1604121,
              21.1323829
            ],
            [
              92.1606107,
              21.1323619
            ],
            [
              92.1606931,
              21.1323303
            ],
            [
              92.1607838,
              21.1323156
            ],
            [
              92.1609646,
              21.1322477
            ],
            [
              92.1610686,
              21.1321934
            ],
            [
              92.1611791,
              21.1322734
            ],
            [
              92.1609948,
              21.132421
            ],
            [
              92.1608312,
              21.132725
            ],
            [
              92.1601928,
              21.1331768
            ],
            [
              92.1600271,
              21.1333335
            ],
            [
              92.1599246,
              21.1339572
            ],
            [
              92.1597321,
              21.1340422
            ],
            [
              92.1596028,
              21.1340597
            ],
            [
              92.1595189,
              21.134101
            ],
            [
              92.1595497,
              21.1342167
            ],
            [
              92.1595189,
              21.1342429
            ],
            [
              92.1591682,
              21.1343661
            ],
            [
              92.1593043,
              21.1345319
            ],
            [
              92.1593848,
              21.1344668
            ],
            [
              92.1595605,
              21.1345188
            ],
            [
              92.1596175,
              21.1345327
            ],
            [
              92.1596744,
              21.1346714
            ],
            [
              92.1597762,
              21.1346927
            ],
            [
              92.1599437,
              21.1348601
            ],
            [
              92.1599409,
              21.1352395
            ],
            [
              92.1600932,
              21.135444
            ],
            [
              92.1601297,
              21.1355565
            ],
            [
              92.1600543,
              21.135599
            ],
            [
              92.1600547,
              21.1356491
            ],
            [
              92.1600728,
              21.1356835
            ],
            [
              92.1601405,
              21.1357394
            ],
            [
              92.1601223,
              21.1358023
            ],
            [
              92.1600773,
              21.1358703
            ],
            [
              92.1599588,
              21.1358847
            ],
            [
              92.1598656,
              21.1359041
            ],
            [
              92.1597647,
              21.1359149
            ],
            [
              92.1596662,
              21.1359735
            ],
            [
              92.1596057,
              21.1360149
            ],
            [
              92.1594886,
              21.1360188
            ],
            [
              92.1593894,
              21.1360272
            ],
            [
              92.1591857,
              21.136209
            ],
            [
              92.1590928,
              21.1362962
            ],
            [
              92.159026,
              21.1363585
            ],
            [
              92.1589761,
              21.1363288
            ],
            [
              92.1587903,
              21.1361912
            ],
            [
              92.1587317,
              21.1361368
            ],
            [
              92.1586316,
              21.1360174
            ],
            [
              92.1585832,
              21.1359868
            ],
            [
              92.1584547,
              21.1360248
            ],
            [
              92.158358,
              21.1360308
            ],
            [
              92.1582212,
              21.1360136
            ],
            [
              92.1581496,
              21.1360098
            ],
            [
              92.15811,
              21.1359919
            ],
            [
              92.1580928,
              21.1359565
            ],
            [
              92.1580906,
              21.1358574
            ],
            [
              92.1580752,
              21.1357696
            ],
            [
              92.1580122,
              21.1357097
            ],
            [
              92.1579258,
              21.1356798
            ],
            [
              92.1578159,
              21.1356524
            ],
            [
              92.1577119,
              21.1356397
            ],
            [
              92.1576779,
              21.1356336
            ],
            [
              92.1576427,
              21.1356194
            ],
            [
              92.1576279,
              21.1355845
            ],
            [
              92.1576416,
              21.1354402
            ],
            [
              92.1576486,
              21.1353308
            ],
            [
              92.157638,
              21.1352868
            ],
            [
              92.157556,
              21.1352228
            ],
            [
              92.157343,
              21.1350742
            ],
            [
              92.1573299,
              21.1351007
            ],
            [
              92.1572945,
              21.1351702
            ],
            [
              92.1572742,
              21.1352299
            ],
            [
              92.1572568,
              21.1352588
            ],
            [
              92.1571936,
              21.1353212
            ],
            [
              92.1571633,
              21.1353473
            ],
            [
              92.157054,
              21.1355027
            ],
            [
              92.1570215,
              21.1355461
            ],
            [
              92.1569964,
              21.1355703
            ],
            [
              92.1569681,
              21.1356102
            ],
            [
              92.1561822,
              21.1357828
            ],
            [
              92.1557745,
              21.1357828
            ],
            [
              92.1556485,
              21.1356577
            ],
            [
              92.1553051,
              21.1358403
            ],
            [
              92.1549068,
              21.1362549
            ],
            [
              92.154927,
              21.1365258
            ],
            [
              92.1548331,
              21.1366384
            ],
            [
              92.1541974,
              21.1369136
            ],
            [
              92.1540445,
              21.1368135
            ],
            [
              92.1540794,
              21.136153
            ],
            [
              92.1544683,
              21.1357077
            ],
            [
              92.1547338,
              21.1355726
            ],
            [
              92.155222,
              21.1352699
            ],
            [
              92.1552435,
              21.1349935
            ],
            [
              92.1554234,
              21.1348437
            ],
            [
              92.1559335,
              21.1349236
            ],
            [
              92.1561719,
              21.1348177
            ],
            [
              92.1565468,
              21.134822
            ],
            [
              92.1567435,
              21.1347614
            ],
            [
              92.156918,
              21.1347534
            ],
            [
              92.1569842,
              21.1347246
            ],
            [
              92.1567571,
              21.1345655
            ],
            [
              92.1567152,
              21.1345249
            ],
            [
              92.1566584,
              21.1343847
            ],
            [
              92.1566414,
              21.1342678
            ],
            [
              92.1566098,
              21.1341966
            ],
            [
              92.1565144,
              21.1341165
            ],
            [
              92.1564781,
              21.1340692
            ],
            [
              92.1564625,
              21.1338759
            ],
            [
              92.1564588,
              21.133831
            ],
            [
              92.1563541,
              21.133666
            ],
            [
              92.1562629,
              21.1335969
            ],
            [
              92.1561371,
              21.1335584
            ],
            [
              92.1559958,
              21.1335115
            ],
            [
              92.1559477,
              21.1334619
            ],
            [
              92.1558978,
              21.1333908
            ],
            [
              92.1558436,
              21.1333414
            ],
            [
              92.1557988,
              21.1333061
            ],
            [
              92.155603,
              21.1332928
            ],
            [
              92.155442,
              21.1332901
            ],
            [
              92.1553794,
              21.1332067
            ],
            [
              92.1553142,
              21.1331299
            ],
            [
              92.1552097,
              21.1330527
            ],
            [
              92.155096,
              21.1329368
            ],
            [
              92.1550646,
              21.1327725
            ],
            [
              92.1550171,
              21.1326459
            ],
            [
              92.154963,
              21.1325344
            ],
            [
              92.1549133,
              21.132344
            ],
            [
              92.1549088,
              21.1322599
            ],
            [
              92.1549246,
              21.1321339
            ],
            [
              92.1549209,
              21.1320501
            ],
            [
              92.1549186,
              21.1320371
            ],
            [
              92.154954,
              21.1319477
            ],
            [
              92.1549702,
              21.1318013
            ],
            [
              92.1551073,
              21.1317665
            ],
            [
              92.1551565,
              21.1316995
            ],
            [
              92.1551603,
              21.1315335
            ],
            [
              92.1551812,
              21.1313782
            ],
            [
              92.15519,
              21.1313427
            ],
            [
              92.1551692,
              21.1312792
            ],
            [
              92.1551487,
              21.1310827
            ],
            [
              92.1551207,
              21.1309151
            ],
            [
              92.155159,
              21.1306779
            ],
            [
              92.1551757,
              21.1304414
            ],
            [
              92.1552395,
              21.1303438
            ],
            [
              92.1554071,
              21.1301193
            ],
            [
              92.1554366,
              21.1295295
            ],
            [
              92.1555579,
              21.12933
            ],
            [
              92.1556538,
              21.1291079
            ],
            [
              92.1566275,
              21.1280721
            ],
            [
              92.1573973,
              21.1277844
            ],
            [
              92.1578774,
              21.127636
            ],
            [
              92.1580256,
              21.1275876
            ],
            [
              92.158195,
              21.1276175
            ],
            [
              92.1586855,
              21.1275576
            ],
            [
              92.1593687,
              21.1277894
            ],
            [
              92.1595269,
              21.1283198
            ],
            [
              92.1594653,
              21.1287326
            ],
            [
              92.1587384,
              21.1284949
            ],
            [
              92.1583629,
              21.1282998
            ],
            [
              92.1577419,
              21.1283236
            ],
            [
              92.1575649,
              21.12844
            ],
            [
              92.1574107,
              21.1286025
            ],
            [
              92.1578506,
              21.1286901
            ],
            [
              92.1580759,
              21.1286626
            ],
            [
              92.1581724,
              21.1286363
            ],
            [
              92.1583374,
              21.1286413
            ],
            [
              92.1584621,
              21.1287764
            ],
            [
              92.1585278,
              21.1288202
            ],
            [
              92.1587867,
              21.1288902
            ],
            [
              92.1589395,
              21.1289415
            ],
            [
              92.1590227,
              21.1290078
            ],
            [
              92.1592614,
              21.1290191
            ],
            [
              92.1594429,
              21.1290767
            ],
            [
              92.1596202,
              21.129255
            ],
            [
              92.1596831,
              21.1292874
            ],
            [
              92.1597972,
              21.1293412
            ],
            [
              92.1598331,
              21.1293819
            ],
            [
              92.1598864,
              21.1294494
            ],
            [
              92.1600781,
              21.129557
            ],
            [
              92.1601626,
              21.1295695
            ],
            [
              92.1601479,
              21.1294807
            ],
            [
              92.1600486,
              21.1291667
            ],
            [
              92.1600107,
              21.1289377
            ],
            [
              92.1599708,
              21.1286963
            ],
            [
              92.1598335,
              21.1282654
            ],
            [
              92.1600473,
              21.1279821
            ],
            [
              92.1598019,
              21.1276743
            ],
            [
              92.1603558,
              21.1274602
            ],
            [
              92.1609702,
              21.127688
            ],
            [
              92.1610069,
              21.1280444
            ],
            [
              92.1611878,
              21.1283366
            ],
            [
              92.161258,
              21.1284889
            ],
            [
              92.1612237,
              21.1286345
            ],
            [
              92.1611592,
              21.1288326
            ],
            [
              92.1610984,
              21.1291354
            ],
            [
              92.1609119,
              21.1294123
            ],
            [
              92.1607747,
              21.1294721
            ],
            [
              92.1606755,
              21.1295354
            ],
            [
              92.1603971,
              21.1294434
            ],
            [
              92.1602243,
              21.1294907
            ],
            [
              92.1602444,
              21.129607
            ],
            [
              92.1601579,
              21.1297434
            ],
            [
              92.1601609,
              21.1299269
            ],
            [
              92.1602194,
              21.1301016
            ],
            [
              92.1602491,
              21.1301887
            ],
            [
              92.1602813,
              21.1302646
            ],
            [
              92.1603974,
              21.1304151
            ],
            [
              92.1604887,
              21.1304673
            ],
            [
              92.1605076,
              21.1305761
            ],
            [
              92.1604572,
              21.1307167
            ],
            [
              92.1604314,
              21.130925
            ],
            [
              92.160522,
              21.1310093
            ],
            [
              92.1606615,
              21.1308892
            ],
            [
              92.1609592,
              21.1305915
            ],
            [
              92.161096,
              21.1305778
            ],
            [
              92.1612141,
              21.1303338
            ],
            [
              92.1614467,
              21.1299329
            ],
            [
              92.1618727,
              21.1300371
            ],
            [
              92.161947,
              21.130013
            ],
            [
              92.1620589,
              21.1300986
            ],
            [
              92.1623245,
              21.1299861
            ],
            [
              92.1627134,
              21.1301011
            ],
            [
              92.1627241,
              21.1303513
            ],
            [
              92.1628073,
              21.1307316
            ],
            [
              92.1625766,
              21.1311019
            ],
            [
              92.1622843,
              21.1309968
            ],
            [
              92.1620643,
              21.1310168
            ],
            [
              92.1619517,
              21.1309918
            ],
            [
              92.1618909,
              21.1310018
            ],
            [
              92.1619758,
              21.1311419
            ],
            [
              92.1623298,
              21.1311594
            ],
            [
              92.1624452,
              21.131272
            ],
            [
              92.1624854,
              21.1314321
            ],
            [
              92.1629065,
              21.13188
            ],
            [
              92.1628963,
              21.1320833
            ],
            [
              92.1628945,
              21.1321426
            ],
            [
              92.1631989,
              21.1320901
            ],
            [
              92.1634457,
              21.1319951
            ],
            [
              92.163797,
              21.1320126
            ],
            [
              92.164017,
              21.1318374
            ],
            [
              92.1643013,
              21.1314934
            ],
            [
              92.1642946,
              21.1313333
            ],
            [
              92.1642999,
              21.1310856
            ],
            [
              92.164017,
              21.1311006
            ],
            [
              92.1638319,
              21.1312057
            ],
            [
              92.1638279,
              21.1313483
            ],
            [
              92.1633558,
              21.131611
            ],
            [
              92.1632164,
              21.1316911
            ],
            [
              92.1627473,
              21.1313054
            ],
            [
              92.1641242,
              21.1306916
            ],
            [
              92.1647143,
              21.1299811
            ],
            [
              92.1653795,
              21.1300111
            ],
            [
              92.1661377,
              21.1303363
            ],
            [
              92.1657658,
              21.1314221
            ],
            [
              92.1642838,
              21.1327506
            ],
            [
              92.1641135,
              21.1334824
            ],
            [
              92.1642154,
              21.134039
            ],
            [
              92.1635006,
              21.1340565
            ],
            [
              92.1631291,
              21.133782
            ],
            [
              92.1631793,
              21.1337123
            ],
            [
              92.1632646,
              21.1335975
            ],
            [
              92.163223,
              21.1333442
            ],
            [
              92.163559,
              21.1332228
            ],
            [
              92.1636066,
              21.1329808
            ],
            [
              92.1637474,
              21.132912
            ],
            [
              92.1637031,
              21.132553
            ],
            [
              92.1634966,
              21.1326093
            ],
            [
              92.1634054,
              21.1322327
            ],
            [
              92.1632753,
              21.132244
            ],
            [
              92.163223,
              21.1321602
            ],
            [
              92.1628904,
              21.1322352
            ],
            [
              92.1628888,
              21.1322329
            ],
            [
              92.1628824,
              21.1323603
            ],
            [
              92.162354,
              21.1323978
            ],
            [
              92.1623728,
              21.1321026
            ],
            [
              92.1623567,
              21.1320026
            ],
            [
              92.162295,
              21.1319225
            ],
            [
              92.1621877,
              21.131885
            ],
            [
              92.1619436,
              21.131905
            ],
            [
              92.1617478,
              21.131945
            ],
            [
              92.1616539,
              21.1318975
            ],
            [
              92.1615627,
              21.1316823
            ],
            [
              92.1614521,
              21.131469
            ],
            [
              92.1613448,
              21.1314522
            ],
            [
              92.1612415,
              21.1314459
            ],
            [
              92.1610692,
              21.1313896
            ],
            [
              92.1605247,
              21.1311995
            ],
            [
              92.1603692,
              21.1309568
            ],
            [
              92.1602914,
              21.130918
            ],
            [
              92.1602297,
              21.1307879
            ],
            [
              92.1600983,
              21.1306503
            ],
            [
              92.1600191,
              21.130614
            ],
            [
              92.1597268,
              21.130255
            ],
            [
              92.1597026,
              21.1301362
            ],
            [
              92.1596195,
              21.1300636
            ],
            [
              92.1594907,
              21.1300636
            ],
            [
              92.159425,
              21.1303526
            ],
            [
              92.1592487,
              21.1303701
            ],
            [
              92.1591628,
              21.1303057
            ],
            [
              92.15879,
              21.1301812
            ],
            [
              92.1587558,
              21.1302187
            ],
            [
              92.1586955,
              21.1302663
            ],
            [
              92.1586272,
              21.130241
            ],
            [
              92.1585513,
              21.1301781
            ],
            [
              92.1584259,
              21.1302075
            ],
            [
              92.1583374,
              21.1301462
            ],
            [
              92.1582844,
              21.1299967
            ],
            [
              92.1585184,
              21.1298747
            ],
            [
              92.1584353,
              21.1296683
            ],
            [
              92.158208,
              21.1298234
            ],
            [
              92.1581251,
              21.1298616
            ],
            [
              92.1580393,
              21.129897
            ],
            [
              92.1579988,
              21.1298955
            ],
            [
              92.1579831,
              21.1298483
            ],
            [
              92.1579713,
              21.1297503
            ],
            [
              92.158039,
              21.1296333
            ],
            [
              92.1581241,
              21.1295557
            ],
            [
              92.1580383,
              21.1294794
            ],
            [
              92.1579974,
              21.1295013
            ],
            [
              92.1579927,
              21.1296039
            ],
            [
              92.1579082,
              21.1296752
            ],
            [
              92.1578288,
              21.1297764
            ],
            [
              92.1578216,
              21.1297942
            ],
            [
              92.1577904,
              21.1299744
            ],
            [
              92.1577466,
              21.1300386
            ],
            [
              92.1576421,
              21.1301088
            ],
            [
              92.1575033,
              21.1300715
            ],
            [
              92.1574273,
              21.1301266
            ],
            [
              92.1573524,
              21.1302016
            ],
            [
              92.1572548,
              21.1302415
            ],
            [
              92.157112,
              21.1302451
            ],
            [
              92.1570772,
              21.1301625
            ],
            [
              92.157154,
              21.1300925
            ],
            [
              92.1571789,
              21.130021
            ],
            [
              92.1571112,
              21.1300082
            ],
            [
              92.1570262,
              21.13003
            ],
            [
              92.1568696,
              21.1302788
            ],
            [
              92.1568394,
              21.1303307
            ],
            [
              92.1568233,
              21.1303782
            ],
            [
              92.156881,
              21.1304839
            ],
            [
              92.1569289,
              21.1305145
            ],
            [
              92.1569427,
              21.1305465
            ],
            [
              92.1570308,
              21.1305573
            ],
            [
              92.157082,
              21.1305743
            ],
            [
              92.1571304,
              21.1304964
            ],
            [
              92.1574395,
              21.130357
            ],
            [
              92.1575287,
              21.1304039
            ],
            [
              92.1577228,
              21.1303373
            ],
            [
              92.1577487,
              21.1302338
            ],
            [
              92.1580819,
              21.130114
            ],
            [
              92.1581439,
              21.1302201
            ],
            [
              92.1581349,
              21.1303688
            ],
            [
              92.1580724,
              21.1305309
            ],
            [
              92.1580309,
              21.1305884
            ],
            [
              92.1580195,
              21.1306991
            ],
            [
              92.157992,
              21.1308955
            ],
            [
              92.1578606,
              21.131095
            ],
            [
              92.1579934,
              21.1311407
            ],
            [
              92.158057,
              21.1311111
            ],
            [
              92.1580861,
              21.1310895
            ],
            [
              92.1582556,
              21.1310787
            ],
            [
              92.1584306,
              21.1310631
            ],
            [
              92.1584588,
              21.1310131
            ],
            [
              92.1585184,
              21.1309024
            ],
            [
              92.1586472,
              21.1309074
            ],
            [
              92.1587182,
              21.1309956
            ],
            [
              92.158753,
              21.1310194
            ],
            [
              92.1588296,
              21.1310294
            ],
            [
              92.1590867,
              21.1308418
            ],
            [
              92.1592174,
              21.1310914
            ],
            [
              92.1589295,
              21.1312701
            ],
            [
              92.1589644,
              21.1315712
            ],
            [
              92.1590539,
              21.1316992
            ],
            [
              92.1590736,
              21.13199
            ],
            [
              92.1590361,
              21.1323003
            ],
            [
              92.159138,
              21.1324479
            ],
            [
              92.1593499,
              21.1323578
            ],
            [
              92.1595806,
              21.1325354
            ],
            [
              92.159881,
              21.1330308
            ]
          ]
        ]
      },
      "id": "relation/12913169"
    },
    {
      "type": "Feature",
      "properties": {
        "@id": "relation/12913817",
        "admin_level": "10",
        "boundary": "administrative",
        "name": "Camp 27",
        "source:geometry": "Humanitarian Data Exchange",
        "source:name": "Humanitarian Data Exchange",
        "type": "boundary"
      },
      "geometry": {
        "type": "Polygon",
        "coordinates": [
          [
            [
              92.2533719,
              20.9426088
            ],
            [
              92.2531455,
              20.9426167
            ],
            [
              92.2528482,
              20.9426326
            ],
            [
              92.2525306,
              20.9426369
            ],
            [
              92.2524372,
              20.9425925
            ],
            [
              92.2522949,
              20.9425384
            ],
            [
              92.2520959,
              20.94244
            ],
            [
              92.2519577,
              20.9423935
            ],
            [
              92.251826,
              20.94228
            ],
            [
              92.2517125,
              20.9421744
            ],
            [
              92.2516032,
              20.9420572
            ],
            [
              92.2515405,
              20.9419671
            ],
            [
              92.2514863,
              20.9418043
            ],
            [
              92.2514685,
              20.9416971
            ],
            [
              92.2514551,
              20.9415364
            ],
            [
              92.2514861,
              20.9414409
            ],
            [
              92.2517011,
              20.9411894
            ],
            [
              92.2517785,
              20.9411859
            ],
            [
              92.251935,
              20.9412421
            ],
            [
              92.252065,
              20.9412943
            ],
            [
              92.2521524,
              20.9413233
            ],
            [
              92.2522212,
              20.941334
            ],
            [
              92.2522326,
              20.9412457
            ],
            [
              92.252304,
              20.941207
            ],
            [
              92.2523992,
              20.9411951
            ],
            [
              92.2524765,
              20.941207
            ],
            [
              92.2525687,
              20.9412487
            ],
            [
              92.2526133,
              20.9412903
            ],
            [
              92.252655,
              20.9413498
            ],
            [
              92.2527085,
              20.9413736
            ],
            [
              92.2527888,
              20.9413944
            ],
            [
              92.2528542,
              20.9414717
            ],
            [
              92.2529227,
              20.9414688
            ],
            [
              92.253,
              20.9414331
            ],
            [
              92.2530654,
              20.941445
            ],
            [
              92.2532171,
              20.9414807
            ],
            [
              92.2532915,
              20.9415134
            ],
            [
              92.2533807,
              20.9415163
            ],
            [
              92.2534164,
              20.9414807
            ],
            [
              92.2534432,
              20.9414152
            ],
            [
              92.2535145,
              20.9414093
            ],
            [
              92.2535919,
              20.9413706
            ],
            [
              92.2536841,
              20.9413617
            ],
            [
              92.2537436,
              20.9414063
            ],
            [
              92.2537584,
              20.9414747
            ],
            [
              92.2537822,
              20.9415223
            ],
            [
              92.2538387,
              20.9415431
            ],
            [
              92.2538982,
              20.9415312
            ],
            [
              92.2539577,
              20.9414926
            ],
            [
              92.2540321,
              20.9414747
            ],
            [
              92.2540826,
              20.9414717
            ],
            [
              92.254151,
              20.9414301
            ],
            [
              92.2542373,
              20.9414182
            ],
            [
              92.2543087,
              20.9414271
            ],
            [
              92.2544068,
              20.9414331
            ],
            [
              92.2545109,
              20.9414212
            ],
            [
              92.2545764,
              20.9414033
            ],
            [
              92.2546031,
              20.9413528
            ],
            [
              92.2546716,
              20.9413171
            ],
            [
              92.254737,
              20.9412962
            ],
            [
              92.2547727,
              20.9412338
            ],
            [
              92.254847,
              20.941207
            ],
            [
              92.2549065,
              20.9411684
            ],
            [
              92.2550374,
              20.9409824
            ],
            [
              92.2551459,
              20.9409111
            ],
            [
              92.2552413,
              20.9409175
            ],
            [
              92.2555017,
              20.9410083
            ],
            [
              92.2556605,
              20.9410419
            ],
            [
              92.2558072,
              20.9409611
            ],
            [
              92.2558877,
              20.9409044
            ],
            [
              92.2559761,
              20.9408288
            ],
            [
              92.2559052,
              20.9407427
            ],
            [
              92.2558934,
              20.9405574
            ],
            [
              92.2558049,
              20.9404434
            ],
            [
              92.2556021,
              20.9402692
            ],
            [
              92.2554249,
              20.9400832
            ],
            [
              92.2552921,
              20.9399213
            ],
            [
              92.2552227,
              20.9398194
            ],
            [
              92.2552105,
              20.9396998
            ],
            [
              92.2552173,
              20.9396221
            ],
            [
              92.2554088,
              20.9392853
            ],
            [
              92.2554135,
              20.9389178
            ],
            [
              92.2554257,
              20.9387654
            ],
            [
              92.2554796,
              20.9386796
            ],
            [
              92.2555755,
              20.938576
            ],
            [
              92.2556901,
              20.9385586
            ],
            [
              92.2559254,
              20.9385823
            ],
            [
              92.2560628,
              20.9385781
            ],
            [
              92.2562107,
              20.9385118
            ],
            [
              92.2563388,
              20.9383498
            ],
            [
              92.2564919,
              20.9382645
            ],
            [
              92.2567649,
              20.9379969
            ],
            [
              92.2569595,
              20.9379667
            ],
            [
              92.2571784,
              20.9378661
            ],
            [
              92.2572682,
              20.9381139
            ],
            [
              92.2573237,
              20.9382145
            ],
            [
              92.2574865,
              20.93822
            ],
            [
              92.2575939,
              20.9381153
            ],
            [
              92.2576053,
              20.9378763
            ],
            [
              92.2576508,
              20.9376491
            ],
            [
              92.2578161,
              20.9374326
            ],
            [
              92.2579183,
              20.9373374
            ],
            [
              92.2580507,
              20.9373332
            ],
            [
              92.2581575,
              20.937348
            ],
            [
              92.2592877,
              20.937312
            ],
            [
              92.2594258,
              20.9369883
            ],
            [
              92.2596012,
              20.9369357
            ],
            [
              92.2597016,
              20.9366829
            ],
            [
              92.2598359,
              20.93654
            ],
            [
              92.2599382,
              20.936421
            ],
            [
              92.2601045,
              20.9362424
            ],
            [
              92.2600115,
              20.9359071
            ],
            [
              92.260032,
              20.9354369
            ],
            [
              92.2600034,
              20.9350657
            ],
            [
              92.2600796,
              20.9345232
            ],
            [
              92.2601938,
              20.9340854
            ],
            [
              92.2604698,
              20.9337522
            ],
            [
              92.2607042,
              20.9337561
            ],
            [
              92.2609502,
              20.9337276
            ],
            [
              92.2613773,
              20.9338083
            ],
            [
              92.2615072,
              20.9340263
            ],
            [
              92.2615893,
              20.9335084
            ],
            [
              92.2617406,
              20.9326688
            ],
            [
              92.2617592,
              20.9325254
            ],
            [
              92.2617812,
              20.9321715
            ],
            [
              92.2618412,
              20.9317537
            ],
            [
              92.2618494,
              20.9312349
            ],
            [
              92.2619167,
              20.9312275
            ],
            [
              92.2619537,
              20.9309699
            ],
            [
              92.2623954,
              20.9309873
            ],
            [
              92.2631649,
              20.9311413
            ],
            [
              92.2634032,
              20.9305802
            ],
            [
              92.2634815,
              20.9300377
            ],
            [
              92.2634748,
              20.9297303
            ],
            [
              92.2635689,
              20.9292964
            ],
            [
              92.2634017,
              20.9291594
            ],
            [
              92.2632573,
              20.9290297
            ],
            [
              92.2629148,
              20.9288203
            ],
            [
              92.2627476,
              20.9286689
            ],
            [
              92.2623964,
              20.9286746
            ],
            [
              92.2620752,
              20.9288023
            ],
            [
              92.26187,
              20.9289127
            ],
            [
              92.2619165,
              20.9279083
            ],
            [
              92.2621282,
              20.9275695
            ],
            [
              92.2622561,
              20.9273093
            ],
            [
              92.2623258,
              20.9265948
            ],
            [
              92.2625352,
              20.9262522
            ],
            [
              92.2625637,
              20.925919
            ],
            [
              92.2625066,
              20.9255288
            ],
            [
              92.2634774,
              20.9241773
            ],
            [
              92.2642008,
              20.9236824
            ],
            [
              92.2648195,
              20.9233397
            ],
            [
              92.2654286,
              20.9218073
            ],
            [
              92.2657808,
              20.920551
            ],
            [
              92.2671799,
              20.9185618
            ],
            [
              92.2679223,
              20.9187045
            ],
            [
              92.2684362,
              20.9190662
            ],
            [
              92.268598,
              20.9193993
            ],
            [
              92.2684458,
              20.91978
            ],
            [
              92.2686266,
              20.9201893
            ],
            [
              92.2684648,
              20.9204177
            ],
            [
              92.2681602,
              20.9209222
            ],
            [
              92.2674749,
              20.9222071
            ],
            [
              92.2670847,
              20.9228067
            ],
            [
              92.2668563,
              20.9229114
            ],
            [
              92.2666659,
              20.9233492
            ],
            [
              92.2664609,
              20.9239917
            ],
            [
              92.2667675,
              20.9240081
            ],
            [
              92.2669526,
              20.9243443
            ],
            [
              92.2669438,
              20.9245027
            ],
            [
              92.2667966,
              20.9249467
            ],
            [
              92.2667173,
              20.925556
            ],
            [
              92.266594,
              20.9258064
            ],
            [
              92.2664559,
              20.9259564
            ],
            [
              92.2664464,
              20.9263365
            ],
            [
              92.2662472,
              20.9268011
            ],
            [
              92.266077,
              20.9272665
            ],
            [
              92.2660369,
              20.9276608
            ],
            [
              92.2655656,
              20.9288206
            ],
            [
              92.2655451,
              20.9296718
            ],
            [
              92.2651771,
              20.9296617
            ],
            [
              92.2650149,
              20.9303124
            ],
            [
              92.2649175,
              20.9307244
            ],
            [
              92.2648132,
              20.9312379
            ],
            [
              92.2647576,
              20.9314126
            ],
            [
              92.2647069,
              20.9316454
            ],
            [
              92.2646977,
              20.9319538
            ],
            [
              92.2646702,
              20.9321114
            ],
            [
              92.2647465,
              20.932134
            ],
            [
              92.2646922,
              20.9323131
            ],
            [
              92.2645815,
              20.932309
            ],
            [
              92.2645384,
              20.9325276
            ],
            [
              92.264416,
              20.9329503
            ],
            [
              92.2643718,
              20.9331859
            ],
            [
              92.2641589,
              20.9331283
            ],
            [
              92.2641362,
              20.9330972
            ],
            [
              92.2641699,
              20.9329539
            ],
            [
              92.263799,
              20.9328399
            ],
            [
              92.2636874,
              20.9327725
            ],
            [
              92.2635398,
              20.9331584
            ],
            [
              92.2632798,
              20.9347893
            ],
            [
              92.2631947,
              20.9350406
            ],
            [
              92.2631662,
              20.9350431
            ],
            [
              92.2629016,
              20.9362697
            ],
            [
              92.2626066,
              20.9370311
            ],
            [
              92.2625184,
              20.9372199
            ],
            [
              92.2619503,
              20.9382881
            ],
            [
              92.2613877,
              20.9393815
            ],
            [
              92.2611717,
              20.9398467
            ],
            [
              92.2611183,
              20.9398393
            ],
            [
              92.2614333,
              20.9399179
            ],
            [
              92.2612414,
              20.9405249
            ],
            [
              92.2615758,
              20.9406111
            ],
            [
              92.2612084,
              20.9425524
            ],
            [
              92.2611884,
              20.9425991
            ],
            [
              92.2611195,
              20.9430875
            ],
            [
              92.2614303,
              20.9431127
            ],
            [
              92.2614295,
              20.9432776
            ],
            [
              92.2613674,
              20.9434997
            ],
            [
              92.2613497,
              20.9439944
            ],
            [
              92.2613102,
              20.9442668
            ],
            [
              92.2612714,
              20.9443885
            ],
            [
              92.2611719,
              20.9444311
            ],
            [
              92.2609429,
              20.9444373
            ],
            [
              92.2608453,
              20.9444181
            ],
            [
              92.2608648,
              20.9447691
            ],
            [
              92.2611789,
              20.945226
            ],
            [
              92.2612099,
              20.9452441
            ],
            [
              92.261345,
              20.9452571
            ],
            [
              92.2615253,
              20.9453037
            ],
            [
              92.2616905,
              20.9453673
            ],
            [
              92.2616742,
              20.9454472
            ],
            [
              92.261654,
              20.9455034
            ],
            [
              92.2616504,
              20.9457735
            ],
            [
              92.2620699,
              20.9460699
            ],
            [
              92.2619678,
              20.9467815
            ],
            [
              92.2618087,
              20.9467638
            ],
            [
              92.2616258,
              20.9467341
            ],
            [
              92.2613999,
              20.9467077
            ],
            [
              92.2613034,
              20.946705
            ],
            [
              92.2612154,
              20.9467244
            ],
            [
              92.2611862,
              20.9467869
            ],
            [
              92.2611263,
              20.9469968
            ],
            [
              92.2611173,
              20.9471769
            ],
            [
              92.2611077,
              20.9474506
            ],
            [
              92.2609969,
              20.9474213
            ],
            [
              92.260566,
              20.9480595
            ],
            [
              92.2603794,
              20.9482431
            ],
            [
              92.2602483,
              20.9483049
            ],
            [
              92.2601079,
              20.9482899
            ],
            [
              92.2599471,
              20.9482469
            ],
            [
              92.2598274,
              20.9481956
            ],
            [
              92.2594114,
              20.9481447
            ],
            [
              92.2590795,
              20.9482979
            ],
            [
              92.258993,
              20.9481573
            ],
            [
              92.2589053,
              20.9478701
            ],
            [
              92.2589453,
              20.9475116
            ],
            [
              92.2589725,
              20.9471412
            ],
            [
              92.2589562,
              20.9468352
            ],
            [
              92.258875,
              20.946787
            ],
            [
              92.2587222,
              20.9468246
            ],
            [
              92.258579,
              20.9469626
            ],
            [
              92.2581902,
              20.9473578
            ],
            [
              92.257965,
              20.9476245
            ],
            [
              92.2576682,
              20.9479388
            ],
            [
              92.2575198,
              20.948115
            ],
            [
              92.2573768,
              20.9482005
            ],
            [
              92.2572291,
              20.9482237
            ],
            [
              92.2571175,
              20.9481468
            ],
            [
              92.2570673,
              20.9480031
            ],
            [
              92.2571093,
              20.9477451
            ],
            [
              92.2572478,
              20.9475258
            ],
            [
              92.2574525,
              20.9473115
            ],
            [
              92.2575685,
              20.9469953
            ],
            [
              92.2575651,
              20.9469164
            ],
            [
              92.2574627,
              20.9467761
            ],
            [
              92.2573404,
              20.9468186
            ],
            [
              92.2569496,
              20.9471109
            ],
            [
              92.2567698,
              20.9471926
            ],
            [
              92.2565674,
              20.9471989
            ],
            [
              92.2563313,
              20.947101
            ],
            [
              92.2561792,
              20.946982
            ],
            [
              92.2561072,
              20.9468777
            ],
            [
              92.2561001,
              20.9467594
            ],
            [
              92.2561121,
              20.9466519
            ],
            [
              92.2562193,
              20.946595
            ],
            [
              92.2564104,
              20.9465312
            ],
            [
              92.2565253,
              20.9464529
            ],
            [
              92.2566025,
              20.9463301
            ],
            [
              92.2565933,
              20.9462524
            ],
            [
              92.2565618,
              20.9461955
            ],
            [
              92.2565143,
              20.9461505
            ],
            [
              92.2564667,
              20.9461204
            ],
            [
              92.256276,
              20.9461016
            ],
            [
              92.2561491,
              20.9460234
            ],
            [
              92.2558948,
              20.9459904
            ],
            [
              92.2555482,
              20.9459317
            ],
            [
              92.2552932,
              20.9458105
            ],
            [
              92.255106,
              20.945689
            ],
            [
              92.2551688,
              20.9455687
            ],
            [
              92.2551999,
              20.9454667
            ],
            [
              92.2552444,
              20.9453476
            ],
            [
              92.2552642,
              20.9453086
            ],
            [
              92.2552755,
              20.9452456
            ],
            [
              92.2553026,
              20.9451964
            ],
            [
              92.2553259,
              20.9451678
            ],
            [
              92.2553396,
              20.94513
            ],
            [
              92.2553936,
              20.9448284
            ],
            [
              92.2554141,
              20.9446231
            ],
            [
              92.2554344,
              20.9444775
            ],
            [
              92.2554546,
              20.9440978
            ],
            [
              92.2554813,
              20.9438959
            ],
            [
              92.2555414,
              20.9435967
            ],
            [
              92.2555604,
              20.9434187
            ],
            [
              92.2555244,
              20.9433741
            ],
            [
              92.2554696,
              20.9432501
            ],
            [
              92.2553728,
              20.9432303
            ],
            [
              92.2552849,
              20.943186
            ],
            [
              92.2552381,
              20.9431743
            ],
            [
              92.2551149,
              20.9431634
            ],
            [
              92.2549804,
              20.9431754
            ],
            [
              92.2549335,
              20.9431738
            ],
            [
              92.2548892,
              20.9431766
            ],
            [
              92.2548663,
              20.9431964
            ],
            [
              92.2548255,
              20.9432191
            ],
            [
              92.2547584,
              20.9432831
            ],
            [
              92.2547143,
              20.9433104
            ],
            [
              92.2546947,
              20.9433165
            ],
            [
              92.2546654,
              20.9433194
            ],
            [
              92.2546086,
              20.9432748
            ],
            [
              92.2545649,
              20.943218
            ],
            [
              92.2545342,
              20.9431597
            ],
            [
              92.2544908,
              20.9430417
            ],
            [
              92.2544797,
              20.9429805
            ],
            [
              92.2544898,
              20.94293
            ],
            [
              92.2545193,
              20.9428904
            ],
            [
              92.2545522,
              20.9428247
            ],
            [
              92.2546093,
              20.9427898
            ],
            [
              92.2546633,
              20.9427457
            ],
            [
              92.2546994,
              20.9426953
            ],
            [
              92.2547013,
              20.9426479
            ],
            [
              92.2546787,
              20.942605
            ],
            [
              92.2546348,
              20.9425803
            ],
            [
              92.2545941,
              20.9425801
            ],
            [
              92.2545419,
              20.9425921
            ],
            [
              92.2544244,
              20.9426452
            ],
            [
              92.2543857,
              20.9426585
            ],
            [
              92.2543103,
              20.9426737
            ],
            [
              92.2542647,
              20.9426705
            ],
            [
              92.2542321,
              20.9426642
            ],
            [
              92.2541395,
              20.942624
            ],
            [
              92.2540924,
              20.9425963
            ],
            [
              92.254047,
              20.942564
            ],
            [
              92.2540015,
              20.9425454
            ],
            [
              92.2539722,
              20.9425407
            ],
            [
              92.25392,
              20.9425496
            ],
            [
              92.2538189,
              20.9425752
            ],
            [
              92.2537373,
              20.9426039
            ],
            [
              92.253695,
              20.9426114
            ],
            [
              92.2535937,
              20.9426061
            ],
            [
              92.2533718,
              20.9426071
            ],
            [
              92.2533719,
              20.9426088
            ]
          ]
        ]
      },
      "id": "relation/12913817"
    },
    {
      "type": "Feature",
      "properties": {
        "@id": "relation/12913818",
        "admin_level": "10",
        "boundary": "administrative",
        "name": "Camp 26",
        "source:geometry": "Humanitarian Data Exchange",
        "source:name": "Humanitarian Data Exchange",
        "type": "boundary"
      },
      "geometry": {
        "type": "Polygon",
        "coordinates": [
          [
            [
              92.2521788,
              20.9636376
            ],
            [
              92.2515665,
              20.9647706
            ],
            [
              92.2513861,
              20.9650974
            ],
            [
              92.250968,
              20.965538
            ],
            [
              92.2492855,
              20.9672855
            ],
            [
              92.2488947,
              20.9672257
            ],
            [
              92.2485167,
              20.9670582
            ],
            [
              92.2484718,
              20.9669924
            ],
            [
              92.2484334,
              20.9668967
            ],
            [
              92.2483953,
              20.9668433
            ],
            [
              92.2483822,
              20.9668357
            ],
            [
              92.2482935,
              20.9668208
            ],
            [
              92.2482107,
              20.9668539
            ],
            [
              92.2480242,
              20.9669997
            ],
            [
              92.2479194,
              20.9670706
            ],
            [
              92.2478038,
              20.967172
            ],
            [
              92.2477673,
              20.9671974
            ],
            [
              92.2476187,
              20.9672001
            ],
            [
              92.2474141,
              20.9671133
            ],
            [
              92.2473705,
              20.9670705
            ],
            [
              92.2473103,
              20.9670383
            ],
            [
              92.2472258,
              20.9670214
            ],
            [
              92.2469536,
              20.9670135
            ],
            [
              92.2467478,
              20.9669859
            ],
            [
              92.2466488,
              20.9669514
            ],
            [
              92.2466235,
              20.9669325
            ],
            [
              92.2465849,
              20.9668885
            ],
            [
              92.2464195,
              20.9667815
            ],
            [
              92.2462101,
              20.9666863
            ],
            [
              92.2461447,
              20.9666863
            ],
            [
              92.2460769,
              20.9666946
            ],
            [
              92.245979,
              20.9667343
            ],
            [
              92.2459135,
              20.9667949
            ],
            [
              92.2458267,
              20.9669805
            ],
            [
              92.2458136,
              20.9671519
            ],
            [
              92.2458277,
              20.9673495
            ],
            [
              92.2458234,
              20.9673958
            ],
            [
              92.245796,
              20.9674529
            ],
            [
              92.2456758,
              20.9675243
            ],
            [
              92.2451722,
              20.9675895
            ],
            [
              92.2450355,
              20.9677018
            ],
            [
              92.2449402,
              20.9678265
            ],
            [
              92.2448099,
              20.967864
            ],
            [
              92.2446018,
              20.967859
            ],
            [
              92.244474,
              20.9678766
            ],
            [
              92.2443311,
              20.9679679
            ],
            [
              92.2442183,
              20.9681013
            ],
            [
              92.2440668,
              20.9683739
            ],
            [
              92.2438816,
              20.9683739
            ],
            [
              92.2437219,
              20.9683681
            ],
            [
              92.2436091,
              20.9682874
            ],
            [
              92.2435901,
              20.9681446
            ],
            [
              92.2435828,
              20.9680346
            ],
            [
              92.2435881,
              20.9680166
            ],
            [
              92.2435977,
              20.9679051
            ],
            [
              92.2435958,
              20.9677947
            ],
            [
              92.2435825,
              20.9677452
            ],
            [
              92.2435539,
              20.9677014
            ],
            [
              92.2434854,
              20.9676672
            ],
            [
              92.2434104,
              20.9676495
            ],
            [
              92.2432319,
              20.9676343
            ],
            [
              92.2430472,
              20.9675982
            ],
            [
              92.2429349,
              20.9675563
            ],
            [
              92.2429006,
              20.967503
            ],
            [
              92.242893,
              20.9674135
            ],
            [
              92.2429216,
              20.9672993
            ],
            [
              92.2429559,
              20.9672155
            ],
            [
              92.2429669,
              20.9671634
            ],
            [
              92.2429228,
              20.9670948
            ],
            [
              92.2429014,
              20.9670848
            ],
            [
              92.2428211,
              20.9669917
            ],
            [
              92.2428039,
              20.9669384
            ],
            [
              92.2427811,
              20.9668356
            ],
            [
              92.2427145,
              20.9667652
            ],
            [
              92.2426543,
              20.9666916
            ],
            [
              92.2426324,
              20.9666061
            ],
            [
              92.2427034,
              20.9664322
            ],
            [
              92.24273,
              20.9662169
            ],
            [
              92.2428128,
              20.9659353
            ],
            [
              92.2429163,
              20.9656648
            ],
            [
              92.2431045,
              20.9654374
            ],
            [
              92.2432921,
              20.9650735
            ],
            [
              92.2435302,
              20.9647433
            ],
            [
              92.2437191,
              20.964313
            ],
            [
              92.2439755,
              20.9639316
            ],
            [
              92.2442202,
              20.963359
            ],
            [
              92.2443327,
              20.9629606
            ],
            [
              92.2443872,
              20.9629234
            ],
            [
              92.2444729,
              20.9628021
            ],
            [
              92.2445942,
              20.9626165
            ],
            [
              92.2446371,
              20.9624951
            ],
            [
              92.2446576,
              20.9623588
            ],
            [
              92.2446514,
              20.9623524
            ],
            [
              92.2446371,
              20.9622167
            ],
            [
              92.2447162,
              20.9619006
            ],
            [
              92.2448588,
              20.9618868
            ],
            [
              92.2450574,
              20.9618543
            ],
            [
              92.2452202,
              20.9618814
            ],
            [
              92.2453644,
              20.9620136
            ],
            [
              92.2455487,
              20.9620931
            ],
            [
              92.2456186,
              20.9621113
            ],
            [
              92.2456243,
              20.9622398
            ],
            [
              92.2455633,
              20.9623531
            ],
            [
              92.24548,
              20.9624753
            ],
            [
              92.2454476,
              20.9625857
            ],
            [
              92.2455048,
              20.9625949
            ],
            [
              92.245578,
              20.9626012
            ],
            [
              92.2457458,
              20.9627454
            ],
            [
              92.2458095,
              20.9627997
            ],
            [
              92.2458092,
              20.9628864
            ],
            [
              92.2458025,
              20.9631329
            ],
            [
              92.2460449,
              20.9631639
            ],
            [
              92.2460579,
              20.9631784
            ],
            [
              92.2459956,
              20.9632483
            ],
            [
              92.2461141,
              20.9633589
            ],
            [
              92.2460755,
              20.9634567
            ],
            [
              92.2460843,
              20.9637245
            ],
            [
              92.2460679,
              20.9639467
            ],
            [
              92.2460676,
              20.9640117
            ],
            [
              92.2460746,
              20.964036
            ],
            [
              92.2461336,
              20.9640426
            ],
            [
              92.2461721,
              20.9640542
            ],
            [
              92.2462302,
              20.9640718
            ],
            [
              92.2462629,
              20.9641436
            ],
            [
              92.2463085,
              20.9641988
            ],
            [
              92.2463346,
              20.9642213
            ],
            [
              92.2463617,
              20.9642445
            ],
            [
              92.2465549,
              20.9642883
            ],
            [
              92.2466261,
              20.9642934
            ],
            [
              92.2466615,
              20.9643318
            ],
            [
              92.2466764,
              20.9644108
            ],
            [
              92.2467719,
              20.9646646
            ],
            [
              92.2467766,
              20.9647387
            ],
            [
              92.2468271,
              20.9648226
            ],
            [
              92.2469136,
              20.964823
            ],
            [
              92.246965,
              20.96473
            ],
            [
              92.2470364,
              20.9646873
            ],
            [
              92.2470648,
              20.9646181
            ],
            [
              92.2470631,
              20.9644484
            ],
            [
              92.2470739,
              20.9643289
            ],
            [
              92.2470844,
              20.9642572
            ],
            [
              92.2470899,
              20.964176
            ],
            [
              92.2470547,
              20.9640969
            ],
            [
              92.2469735,
              20.9640508
            ],
            [
              92.2468705,
              20.9640238
            ],
            [
              92.2468623,
              20.9639905
            ],
            [
              92.2468641,
              20.963936
            ],
            [
              92.2468109,
              20.9638798
            ],
            [
              92.246721,
              20.9638536
            ],
            [
              92.2466447,
              20.9638389
            ],
            [
              92.2466362,
              20.963704
            ],
            [
              92.2466642,
              20.9635937
            ],
            [
              92.2467167,
              20.9634778
            ],
            [
              92.2467141,
              20.9634017
            ],
            [
              92.2467359,
              20.9633086
            ],
            [
              92.2467697,
              20.9632657
            ],
            [
              92.2467807,
              20.9632084
            ],
            [
              92.2467407,
              20.9631785
            ],
            [
              92.2467945,
              20.9631287
            ],
            [
              92.246877,
              20.9629163
            ],
            [
              92.2469202,
              20.9629213
            ],
            [
              92.246964,
              20.962893
            ],
            [
              92.2470215,
              20.9627861
            ],
            [
              92.2470711,
              20.962769
            ],
            [
              92.2471166,
              20.962596
            ],
            [
              92.2471916,
              20.9624103
            ],
            [
              92.2471755,
              20.962321
            ],
            [
              92.2471859,
              20.9621207
            ],
            [
              92.2473185,
              20.9621178
            ],
            [
              92.2473736,
              20.96206
            ],
            [
              92.2474206,
              20.9620668
            ],
            [
              92.2475758,
              20.9620428
            ],
            [
              92.2477029,
              20.962041
            ],
            [
              92.2476124,
              20.961802
            ],
            [
              92.2475523,
              20.961564
            ],
            [
              92.2473445,
              20.9614308
            ],
            [
              92.2471676,
              20.9613524
            ],
            [
              92.2469392,
              20.9612731
            ],
            [
              92.2466026,
              20.9611408
            ],
            [
              92.2460136,
              20.9611144
            ],
            [
              92.2458693,
              20.9612202
            ],
            [
              92.2456236,
              20.9610826
            ],
            [
              92.2452225,
              20.9608943
            ],
            [
              92.2451007,
              20.9608221
            ],
            [
              92.2449434,
              20.9607162
            ],
            [
              92.244832,
              20.9606105
            ],
            [
              92.244838,
              20.9604241
            ],
            [
              92.2448445,
              20.9604125
            ],
            [
              92.2449202,
              20.9602762
            ],
            [
              92.2450888,
              20.9601383
            ],
            [
              92.2453081,
              20.9599967
            ],
            [
              92.2455151,
              20.9597611
            ],
            [
              92.2455579,
              20.9596255
            ],
            [
              92.2456579,
              20.9595256
            ],
            [
              92.2459862,
              20.9594114
            ],
            [
              92.2460576,
              20.9592971
            ],
            [
              92.246079,
              20.9589759
            ],
            [
              92.246079,
              20.9588903
            ],
            [
              92.2460933,
              20.9587618
            ],
            [
              92.2461433,
              20.9586832
            ],
            [
              92.2461939,
              20.9584532
            ],
            [
              92.2462203,
              20.958262
            ],
            [
              92.246335,
              20.9582327
            ],
            [
              92.2465008,
              20.9581617
            ],
            [
              92.2466348,
              20.9580846
            ],
            [
              92.2467243,
              20.9579893
            ],
            [
              92.246916,
              20.9578229
            ],
            [
              92.2470927,
              20.9578052
            ],
            [
              92.2471498,
              20.9576981
            ],
            [
              92.2471569,
              20.9576482
            ],
            [
              92.2471569,
              20.9575697
            ],
            [
              92.2471926,
              20.9574126
            ],
            [
              92.247214,
              20.9573412
            ],
            [
              92.2472997,
              20.9572484
            ],
            [
              92.2473497,
              20.9571271
            ],
            [
              92.2473925,
              20.9570485
            ],
            [
              92.2475017,
              20.9572394
            ],
            [
              92.2476463,
              20.9573476
            ],
            [
              92.2477144,
              20.9574554
            ],
            [
              92.2477144,
              20.9574626
            ],
            [
              92.2477678,
              20.95747
            ],
            [
              92.2478823,
              20.9574705
            ],
            [
              92.2480573,
              20.9576004
            ],
            [
              92.2481182,
              20.9576365
            ],
            [
              92.2482095,
              20.9577015
            ],
            [
              92.2482801,
              20.9577514
            ],
            [
              92.248178,
              20.9579312
            ],
            [
              92.247891,
              20.9580614
            ],
            [
              92.2476234,
              20.9581439
            ],
            [
              92.2474555,
              20.9583399
            ],
            [
              92.2474308,
              20.9584659
            ],
            [
              92.2473202,
              20.9586551
            ],
            [
              92.2471945,
              20.958622
            ],
            [
              92.2470991,
              20.9586072
            ],
            [
              92.2470499,
              20.9589856
            ],
            [
              92.2469272,
              20.9591043
            ],
            [
              92.2468911,
              20.9596597
            ],
            [
              92.2469512,
              20.9601622
            ],
            [
              92.2471195,
              20.9604532
            ],
            [
              92.2472638,
              20.9606383
            ],
            [
              92.2473599,
              20.9606912
            ],
            [
              92.2473779,
              20.9608473
            ],
            [
              92.2475403,
              20.9608499
            ],
            [
              92.2478817,
              20.9608984
            ],
            [
              92.2481261,
              20.9608852
            ],
            [
              92.2482617,
              20.9608334
            ],
            [
              92.2483128,
              20.9607858
            ],
            [
              92.2485756,
              20.9602172
            ],
            [
              92.2488463,
              20.9602892
            ],
            [
              92.2488866,
              20.960268
            ],
            [
              92.2489948,
              20.9601622
            ],
            [
              92.2491391,
              20.9598184
            ],
            [
              92.2491752,
              20.9596597
            ],
            [
              92.2492126,
              20.9595773
            ],
            [
              92.2492541,
              20.9595938
            ],
            [
              92.2493054,
              20.9594551
            ],
            [
              92.2493512,
              20.9593983
            ],
            [
              92.249392,
              20.9593181
            ],
            [
              92.249462,
              20.9593124
            ],
            [
              92.2496219,
              20.9593468
            ],
            [
              92.249656,
              20.9593424
            ],
            [
              92.2497275,
              20.9593249
            ],
            [
              92.2498851,
              20.959339
            ],
            [
              92.2499171,
              20.9592845
            ],
            [
              92.2499494,
              20.959183
            ],
            [
              92.2499498,
              20.9590994
            ],
            [
              92.2499754,
              20.9590726
            ],
            [
              92.2502742,
              20.9591217
            ],
            [
              92.2505583,
              20.9591011
            ],
            [
              92.2507414,
              20.9590368
            ],
            [
              92.250818,
              20.9589893
            ],
            [
              92.2510322,
              20.9588994
            ],
            [
              92.2510732,
              20.9588375
            ],
            [
              92.2510227,
              20.9587655
            ],
            [
              92.2507796,
              20.9585254
            ],
            [
              92.2507393,
              20.9584392
            ],
            [
              92.2507095,
              20.9582813
            ],
            [
              92.250618,
              20.9582617
            ],
            [
              92.2505336,
              20.958101
            ],
            [
              92.2505291,
              20.9579671
            ],
            [
              92.2505299,
              20.9578141
            ],
            [
              92.2505512,
              20.9576181
            ],
            [
              92.2506951,
              20.9575482
            ],
            [
              92.2508593,
              20.9575399
            ],
            [
              92.2509356,
              20.9575545
            ],
            [
              92.2511955,
              20.9574911
            ],
            [
              92.2513638,
              20.9574166
            ],
            [
              92.2515543,
              20.9574927
            ],
            [
              92.2516862,
              20.9575229
            ],
            [
              92.2518055,
              20.9576444
            ],
            [
              92.2518816,
              20.9576949
            ],
            [
              92.2519047,
              20.9576269
            ],
            [
              92.2520275,
              20.9574998
            ],
            [
              92.2520718,
              20.9574132
            ],
            [
              92.2520937,
              20.9573015
            ],
            [
              92.252131,
              20.9571711
            ],
            [
              92.252168,
              20.9571067
            ],
            [
              92.2522309,
              20.9570324
            ],
            [
              92.2522804,
              20.9569164
            ],
            [
              92.2523869,
              20.9565432
            ],
            [
              92.2524318,
              20.9564628
            ],
            [
              92.2525115,
              20.9564272
            ],
            [
              92.252643,
              20.9562225
            ],
            [
              92.2527493,
              20.9562577
            ],
            [
              92.2528523,
              20.9559766
            ],
            [
              92.2526807,
              20.9558714
            ],
            [
              92.2526516,
              20.9558404
            ],
            [
              92.252612,
              20.9557774
            ],
            [
              92.2525837,
              20.9556514
            ],
            [
              92.252638,
              20.9556008
            ],
            [
              92.2526827,
              20.9555651
            ],
            [
              92.2528038,
              20.9555149
            ],
            [
              92.2528675,
              20.9555062
            ],
            [
              92.2529567,
              20.9554767
            ],
            [
              92.2530493,
              20.9554054
            ],
            [
              92.2531096,
              20.9554429
            ],
            [
              92.2532107,
              20.9554433
            ],
            [
              92.2532905,
              20.9554051
            ],
            [
              92.2533032,
              20.9554016
            ],
            [
              92.2533586,
              20.9554016
            ],
            [
              92.2533917,
              20.9553773
            ],
            [
              92.2534643,
              20.9553574
            ],
            [
              92.253491,
              20.9552078
            ],
            [
              92.2534465,
              20.9551081
            ],
            [
              92.2534465,
              20.9549503
            ],
            [
              92.2535177,
              20.9548423
            ],
            [
              92.2535711,
              20.9547924
            ],
            [
              92.2536837,
              20.954504
            ],
            [
              92.2537479,
              20.9543758
            ],
            [
              92.253796,
              20.9542984
            ],
            [
              92.2537548,
              20.9542743
            ],
            [
              92.2536214,
              20.9542289
            ],
            [
              92.2535356,
              20.9542046
            ],
            [
              92.2533639,
              20.9541889
            ],
            [
              92.2533752,
              20.9538393
            ],
            [
              92.2533022,
              20.9538091
            ],
            [
              92.2531369,
              20.9537905
            ],
            [
              92.2531766,
              20.9534858
            ],
            [
              92.2532259,
              20.9530286
            ],
            [
              92.2532405,
              20.953015
            ],
            [
              92.2532263,
              20.9526511
            ],
            [
              92.2521684,
              20.9525453
            ],
            [
              92.2512909,
              20.9525982
            ],
            [
              92.2507499,
              20.952942
            ],
            [
              92.250798,
              20.9534445
            ],
            [
              92.2500527,
              20.9535767
            ],
            [
              92.24968,
              20.9534709
            ],
            [
              92.2495598,
              20.9535503
            ],
            [
              92.2494997,
              20.9537883
            ],
            [
              92.249632,
              20.953947
            ],
            [
              92.2498363,
              20.9540792
            ],
            [
              92.2498003,
              20.9542908
            ],
            [
              92.2498604,
              20.9546346
            ],
            [
              92.2498537,
              20.9546833
            ],
            [
              92.2498524,
              20.9546922
            ],
            [
              92.2498051,
              20.9547173
            ],
            [
              92.2497486,
              20.9547228
            ],
            [
              92.2497271,
              20.9547342
            ],
            [
              92.249718,
              20.9547913
            ],
            [
              92.2494672,
              20.9548686
            ],
            [
              92.2494367,
              20.9548589
            ],
            [
              92.2493982,
              20.9548166
            ],
            [
              92.24936,
              20.9547323
            ],
            [
              92.2491383,
              20.954719
            ],
            [
              92.2491097,
              20.9547129
            ],
            [
              92.2490855,
              20.9546623
            ],
            [
              92.2490551,
              20.9546315
            ],
            [
              92.2490145,
              20.9546122
            ],
            [
              92.2487816,
              20.9545703
            ],
            [
              92.2487125,
              20.954547
            ],
            [
              92.2486739,
              20.9545239
            ],
            [
              92.2486639,
              20.9544933
            ],
            [
              92.2486643,
              20.9544225
            ],
            [
              92.2485489,
              20.9544002
            ],
            [
              92.2483818,
              20.9543199
            ],
            [
              92.2483533,
              20.9543274
            ],
            [
              92.2483146,
              20.9543253
            ],
            [
              92.2482659,
              20.9542964
            ],
            [
              92.248211,
              20.9542955
            ],
            [
              92.2481634,
              20.9542717
            ],
            [
              92.2479993,
              20.9540933
            ],
            [
              92.2479207,
              20.9540005
            ],
            [
              92.2479726,
              20.953885
            ],
            [
              92.2480175,
              20.9537676
            ],
            [
              92.2480692,
              20.9536488
            ],
            [
              92.2481247,
              20.95349
            ],
            [
              92.2481265,
              20.9531386
            ],
            [
              92.2481657,
              20.9529237
            ],
            [
              92.248314,
              20.9528813
            ],
            [
              92.2483483,
              20.9529046
            ],
            [
              92.2483901,
              20.952939
            ],
            [
              92.2486342,
              20.9529735
            ],
            [
              92.2487306,
              20.9530313
            ],
            [
              92.2487097,
              20.953146
            ],
            [
              92.2487294,
              20.9532799
            ],
            [
              92.2488108,
              20.9532803
            ],
            [
              92.2489025,
              20.9532711
            ],
            [
              92.2489328,
              20.9533143
            ],
            [
              92.2490627,
              20.953057
            ],
            [
              92.2491303,
              20.952923
            ],
            [
              92.2494461,
              20.952867
            ],
            [
              92.2497629,
              20.9526198
            ],
            [
              92.2500592,
              20.9524011
            ],
            [
              92.2503283,
              20.9522792
            ],
            [
              92.2504747,
              20.9522619
            ],
            [
              92.2506399,
              20.9523045
            ],
            [
              92.2508311,
              20.9522396
            ],
            [
              92.2508956,
              20.9520725
            ],
            [
              92.250979,
              20.9519235
            ],
            [
              92.2510684,
              20.9518581
            ],
            [
              92.2511268,
              20.9516193
            ],
            [
              92.2507894,
              20.9515119
            ],
            [
              92.2503706,
              20.951283
            ],
            [
              92.2502186,
              20.9511508
            ],
            [
              92.2497601,
              20.9512325
            ],
            [
              92.2495373,
              20.9509698
            ],
            [
              92.2488852,
              20.9506191
            ],
            [
              92.2489634,
              20.9502489
            ],
            [
              92.2493072,
              20.9501906
            ],
            [
              92.2496894,
              20.9502521
            ],
            [
              92.2497326,
              20.9501602
            ],
            [
              92.2497742,
              20.9500353
            ],
            [
              92.2497742,
              20.949958
            ],
            [
              92.2497088,
              20.9498866
            ],
            [
              92.2496136,
              20.9498688
            ],
            [
              92.2495422,
              20.9498509
            ],
            [
              92.2495363,
              20.9497319
            ],
            [
              92.2495006,
              20.9496308
            ],
            [
              92.2494471,
              20.9495713
            ],
            [
              92.2495125,
              20.9494761
            ],
            [
              92.2495303,
              20.9494048
            ],
            [
              92.2495303,
              20.9492977
            ],
            [
              92.2495184,
              20.9492025
            ],
            [
              92.2494827,
              20.9491192
            ],
            [
              92.2494471,
              20.9490003
            ],
            [
              92.2493757,
              20.9488099
            ],
            [
              92.2494233,
              20.9487385
            ],
            [
              92.2495422,
              20.9487564
            ],
            [
              92.2496553,
              20.9486671
            ],
            [
              92.2496969,
              20.9485719
            ],
            [
              92.2497326,
              20.9485125
            ],
            [
              92.2498397,
              20.9484649
            ],
            [
              92.2499527,
              20.9484827
            ],
            [
              92.2500833,
              20.9485205
            ],
            [
              92.2501434,
              20.9483536
            ],
            [
              92.2503289,
              20.9481572
            ],
            [
              92.2505584,
              20.9481091
            ],
            [
              92.250667,
              20.9480918
            ],
            [
              92.2508236,
              20.9479866
            ],
            [
              92.2508715,
              20.9479116
            ],
            [
              92.2509398,
              20.9478354
            ],
            [
              92.2510063,
              20.9477699
            ],
            [
              92.2509504,
              20.9476362
            ],
            [
              92.2510622,
              20.9475343
            ],
            [
              92.2510837,
              20.947488
            ],
            [
              92.2511478,
              20.9474271
            ],
            [
              92.2512292,
              20.9473379
            ],
            [
              92.2511913,
              20.947318
            ],
            [
              92.2510128,
              20.9472823
            ],
            [
              92.2510069,
              20.9471068
            ],
            [
              92.250998,
              20.9470027
            ],
            [
              92.2509653,
              20.9468361
            ],
            [
              92.2509682,
              20.9467142
            ],
            [
              92.2510783,
              20.9466785
            ],
            [
              92.2511794,
              20.9467142
            ],
            [
              92.2512359,
              20.9467439
            ],
            [
              92.2513489,
              20.9467588
            ],
            [
              92.2514025,
              20.9467053
            ],
            [
              92.251462,
              20.9467142
            ],
            [
              92.2515066,
              20.9467439
            ],
            [
              92.2515809,
              20.9467648
            ],
            [
              92.2516315,
              20.9466934
            ],
            [
              92.2515809,
              20.9466339
            ],
            [
              92.251575,
              20.9465565
            ],
            [
              92.2516553,
              20.9464971
            ],
            [
              92.2516761,
              20.9464405
            ],
            [
              92.2517237,
              20.9464049
            ],
            [
              92.2518129,
              20.9462651
            ],
            [
              92.2519022,
              20.9461818
            ],
            [
              92.2519617,
              20.9460509
            ],
            [
              92.2520747,
              20.9460152
            ],
            [
              92.2521163,
              20.9459795
            ],
            [
              92.2521015,
              20.9459171
            ],
            [
              92.2520896,
              20.9458338
            ],
            [
              92.2521728,
              20.9457059
            ],
            [
              92.2522264,
              20.9456077
            ],
            [
              92.2522335,
              20.9454487
            ],
            [
              92.2523287,
              20.9453208
            ],
            [
              92.2523924,
              20.9452177
            ],
            [
              92.252528,
              20.945178
            ],
            [
              92.2526963,
              20.9451943
            ],
            [
              92.2527647,
              20.9451765
            ],
            [
              92.2528034,
              20.945114
            ],
            [
              92.2528748,
              20.9450902
            ],
            [
              92.2529819,
              20.9450991
            ],
            [
              92.253086,
              20.9450932
            ],
            [
              92.2531608,
              20.94512
            ],
            [
              92.2531715,
              20.945034
            ],
            [
              92.2532123,
              20.9450055
            ],
            [
              92.2533551,
              20.9449487
            ],
            [
              92.2534011,
              20.9449107
            ],
            [
              92.2534216,
              20.9448725
            ],
            [
              92.2534778,
              20.9448345
            ],
            [
              92.2535546,
              20.944744
            ],
            [
              92.2535908,
              20.9446198
            ],
            [
              92.2536657,
              20.9444726
            ],
            [
              92.253628,
              20.9443738
            ],
            [
              92.2536478,
              20.9442335
            ],
            [
              92.2537181,
              20.9441651
            ],
            [
              92.2537563,
              20.9441652
            ],
            [
              92.2537911,
              20.9441953
            ],
            [
              92.2538293,
              20.9441954
            ],
            [
              92.2538835,
              20.9441688
            ],
            [
              92.253922,
              20.9440942
            ],
            [
              92.2539604,
              20.9440846
            ],
            [
              92.2539579,
              20.9440211
            ],
            [
              92.2539044,
              20.9438926
            ],
            [
              92.253833,
              20.9438498
            ],
            [
              92.253733,
              20.9438391
            ],
            [
              92.2536224,
              20.9438641
            ],
            [
              92.2535617,
              20.9438641
            ],
            [
              92.2535518,
              20.9438067
            ],
            [
              92.2535475,
              20.943782
            ],
            [
              92.2535903,
              20.9436999
            ],
            [
              92.2535617,
              20.9436356
            ],
            [
              92.2534939,
              20.9436356
            ],
            [
              92.253419,
              20.9437142
            ],
            [
              92.2533333,
              20.9437499
            ],
            [
              92.2532833,
              20.9437356
            ],
            [
              92.2532822,
              20.9437004
            ],
            [
              92.2532798,
              20.9436214
            ],
            [
              92.2532583,
              20.9435678
            ],
            [
              92.2532708,
              20.9435266
            ],
            [
              92.253294,
              20.94345
            ],
            [
              92.2533083,
              20.9433251
            ],
            [
              92.2532405,
              20.9433073
            ],
            [
              92.2531191,
              20.9433073
            ],
            [
              92.2530656,
              20.9432644
            ],
            [
              92.2531299,
              20.9431502
            ],
            [
              92.2531477,
              20.9430396
            ],
            [
              92.2531227,
              20.9429611
            ],
            [
              92.2531763,
              20.9428932
            ],
            [
              92.2532905,
              20.9427933
            ],
            [
              92.2533797,
              20.9427433
            ],
            [
              92.2533719,
              20.9426088
            ],
            [
              92.2533718,
              20.9426071
            ],
            [
              92.2535937,
              20.9426061
            ],
            [
              92.253695,
              20.9426114
            ],
            [
              92.2537373,
              20.9426039
            ],
            [
              92.2538189,
              20.9425752
            ],
            [
              92.25392,
              20.9425496
            ],
            [
              92.2539722,
              20.9425407
            ],
            [
              92.2540015,
              20.9425454
            ],
            [
              92.254047,
              20.942564
            ],
            [
              92.2540924,
              20.9425963
            ],
            [
              92.2541395,
              20.942624
            ],
            [
              92.2542321,
              20.9426642
            ],
            [
              92.2542647,
              20.9426705
            ],
            [
              92.2543103,
              20.9426737
            ],
            [
              92.2543857,
              20.9426585
            ],
            [
              92.2544244,
              20.9426452
            ],
            [
              92.2545419,
              20.9425921
            ],
            [
              92.2545941,
              20.9425801
            ],
            [
              92.2546348,
              20.9425803
            ],
            [
              92.2546787,
              20.942605
            ],
            [
              92.2547013,
              20.9426479
            ],
            [
              92.2546994,
              20.9426953
            ],
            [
              92.2546633,
              20.9427457
            ],
            [
              92.2546093,
              20.9427898
            ],
            [
              92.2545522,
              20.9428247
            ],
            [
              92.2545193,
              20.9428904
            ],
            [
              92.2544898,
              20.94293
            ],
            [
              92.2544797,
              20.9429805
            ],
            [
              92.2544908,
              20.9430417
            ],
            [
              92.2545342,
              20.9431597
            ],
            [
              92.2545649,
              20.943218
            ],
            [
              92.2546086,
              20.9432748
            ],
            [
              92.2546654,
              20.9433194
            ],
            [
              92.2546947,
              20.9433165
            ],
            [
              92.2547143,
              20.9433104
            ],
            [
              92.2547584,
              20.9432831
            ],
            [
              92.2548255,
              20.9432191
            ],
            [
              92.2548663,
              20.9431964
            ],
            [
              92.2548892,
              20.9431766
            ],
            [
              92.2549335,
              20.9431738
            ],
            [
              92.2549804,
              20.9431754
            ],
            [
              92.2551149,
              20.9431634
            ],
            [
              92.2552381,
              20.9431743
            ],
            [
              92.2552849,
              20.943186
            ],
            [
              92.2553728,
              20.9432303
            ],
            [
              92.2554696,
              20.9432501
            ],
            [
              92.2555244,
              20.9433741
            ],
            [
              92.2555604,
              20.9434187
            ],
            [
              92.2555414,
              20.9435967
            ],
            [
              92.2554813,
              20.9438959
            ],
            [
              92.2554546,
              20.9440978
            ],
            [
              92.2554344,
              20.9444775
            ],
            [
              92.2554141,
              20.9446231
            ],
            [
              92.2553936,
              20.9448284
            ],
            [
              92.2553396,
              20.94513
            ],
            [
              92.2553259,
              20.9451678
            ],
            [
              92.2553026,
              20.9451964
            ],
            [
              92.2552755,
              20.9452456
            ],
            [
              92.2552642,
              20.9453086
            ],
            [
              92.2552444,
              20.9453476
            ],
            [
              92.2551999,
              20.9454667
            ],
            [
              92.2551688,
              20.9455687
            ],
            [
              92.255106,
              20.945689
            ],
            [
              92.2552932,
              20.9458105
            ],
            [
              92.2555482,
              20.9459317
            ],
            [
              92.2558948,
              20.9459904
            ],
            [
              92.2561491,
              20.9460234
            ],
            [
              92.256276,
              20.9461016
            ],
            [
              92.2564667,
              20.9461204
            ],
            [
              92.2565143,
              20.9461505
            ],
            [
              92.2565618,
              20.9461955
            ],
            [
              92.2565933,
              20.9462524
            ],
            [
              92.2566025,
              20.9463301
            ],
            [
              92.2565253,
              20.9464529
            ],
            [
              92.2564104,
              20.9465312
            ],
            [
              92.2562193,
              20.946595
            ],
            [
              92.2561121,
              20.9466519
            ],
            [
              92.2561001,
              20.9467594
            ],
            [
              92.2561072,
              20.9468777
            ],
            [
              92.2561792,
              20.946982
            ],
            [
              92.2563313,
              20.947101
            ],
            [
              92.2565674,
              20.9471989
            ],
            [
              92.2567698,
              20.9471926
            ],
            [
              92.2569496,
              20.9471109
            ],
            [
              92.2573404,
              20.9468186
            ],
            [
              92.2574627,
              20.9467761
            ],
            [
              92.2575651,
              20.9469164
            ],
            [
              92.2575685,
              20.9469953
            ],
            [
              92.2574525,
              20.9473115
            ],
            [
              92.2572478,
              20.9475258
            ],
            [
              92.2571093,
              20.9477451
            ],
            [
              92.2570673,
              20.9480031
            ],
            [
              92.2571175,
              20.9481468
            ],
            [
              92.2572291,
              20.9482237
            ],
            [
              92.2573768,
              20.9482005
            ],
            [
              92.2575198,
              20.948115
            ],
            [
              92.2576682,
              20.9479388
            ],
            [
              92.257965,
              20.9476245
            ],
            [
              92.2581902,
              20.9473578
            ],
            [
              92.258579,
              20.9469626
            ],
            [
              92.2587222,
              20.9468246
            ],
            [
              92.258875,
              20.946787
            ],
            [
              92.2589562,
              20.9468352
            ],
            [
              92.2589725,
              20.9471412
            ],
            [
              92.2589453,
              20.9475116
            ],
            [
              92.2589053,
              20.9478701
            ],
            [
              92.258993,
              20.9481573
            ],
            [
              92.2590795,
              20.9482979
            ],
            [
              92.2590485,
              20.9484452
            ],
            [
              92.2590863,
              20.9485171
            ],
            [
              92.2592131,
              20.9486073
            ],
            [
              92.2594796,
              20.9487459
            ],
            [
              92.2592414,
              20.9493186
            ],
            [
              92.2592603,
              20.9493426
            ],
            [
              92.2597918,
              20.949431
            ],
            [
              92.2597176,
              20.9496745
            ],
            [
              92.2592796,
              20.9506518
            ],
            [
              92.2585982,
              20.9506518
            ],
            [
              92.2585084,
              20.9508221
            ],
            [
              92.2584055,
              20.9510487
            ],
            [
              92.2583285,
              20.9511859
            ],
            [
              92.2582513,
              20.9513588
            ],
            [
              92.2578773,
              20.9512474
            ],
            [
              92.2575823,
              20.9511596
            ],
            [
              92.2575588,
              20.9511526
            ],
            [
              92.2572473,
              20.9511035
            ],
            [
              92.2571831,
              20.9512227
            ],
            [
              92.2570155,
              20.9516583
            ],
            [
              92.2568833,
              20.9519239
            ],
            [
              92.2563183,
              20.9533001
            ],
            [
              92.2565863,
              20.9533718
            ],
            [
              92.2565499,
              20.9535199
            ],
            [
              92.2564776,
              20.9537395
            ],
            [
              92.2564413,
              20.9538732
            ],
            [
              92.2566802,
              20.9539364
            ],
            [
              92.2566848,
              20.9540368
            ],
            [
              92.2566587,
              20.9541706
            ],
            [
              92.2566226,
              20.9542708
            ],
            [
              92.2565024,
              20.9543202
            ],
            [
              92.2559221,
              20.9542026
            ],
            [
              92.2554667,
              20.9552501
            ],
            [
              92.2552047,
              20.9558824
            ],
            [
              92.2555674,
              20.955949
            ],
            [
              92.2555179,
              20.9561735
            ],
            [
              92.2554844,
              20.9562594
            ],
            [
              92.2552583,
              20.9562264
            ],
            [
              92.2550719,
              20.9562026
            ],
            [
              92.2550082,
              20.9563563
            ],
            [
              92.2549403,
              20.9566725
            ],
            [
              92.2564035,
              20.9568124
            ],
            [
              92.2563472,
              20.9574694
            ],
            [
              92.2562127,
              20.9584294
            ],
            [
              92.2555718,
              20.958392
            ],
            [
              92.2555371,
              20.9587007
            ],
            [
              92.2552316,
              20.9600343
            ],
            [
              92.2552508,
              20.9601532
            ],
            [
              92.2555202,
              20.9601424
            ],
            [
              92.2555633,
              20.9601593
            ],
            [
              92.2555836,
              20.9601881
            ],
            [
              92.2555854,
              20.9603264
            ],
            [
              92.2555814,
              20.9604558
            ],
            [
              92.2555471,
              20.9605124
            ],
            [
              92.2554892,
              20.9608139
            ],
            [
              92.2553209,
              20.961525
            ],
            [
              92.2549405,
              20.9615144
            ],
            [
              92.2546906,
              20.9614918
            ],
            [
              92.2542949,
              20.9615322
            ],
            [
              92.2541084,
              20.9615825
            ],
            [
              92.2534001,
              20.9615211
            ],
            [
              92.2533462,
              20.9615051
            ],
            [
              92.2532873,
              20.9616779
            ],
            [
              92.2531896,
              20.961921
            ],
            [
              92.253067,
              20.9621296
            ],
            [
              92.2529907,
              20.9621949
            ],
            [
              92.2527695,
              20.9625587
            ],
            [
              92.2524761,
              20.9630696
            ],
            [
              92.2524001,
              20.9632146
            ],
            [
              92.2522355,
              20.9635104
            ],
            [
              92.2521788,
              20.9636376
            ]
          ]
        ]
      },
      "id": "relation/12913818"
    },
    {
      "type": "Feature",
      "properties": {
        "@id": "relation/12913819",
        "admin_level": "10",
        "boundary": "administrative",
        "name": "Camp 24",
        "source:geometry": "Humanitarian Data Exchange",
        "source:name": "Humanitarian Data Exchange",
        "type": "boundary"
      },
      "geometry": {
        "type": "Polygon",
        "coordinates": [
          [
            [
              92.2430129,
              20.9755996
            ],
            [
              92.2430174,
              20.9755267
            ],
            [
              92.2430382,
              20.9754436
            ],
            [
              92.242914,
              20.9752448
            ],
            [
              92.2427661,
              20.9751001
            ],
            [
              92.2426892,
              20.9749069
            ],
            [
              92.2427424,
              20.9747964
            ],
            [
              92.2428548,
              20.9746639
            ],
            [
              92.2429376,
              20.9744927
            ],
            [
              92.2429956,
              20.9740151
            ],
            [
              92.2427474,
              20.9738996
            ],
            [
              92.2427016,
              20.9738925
            ],
            [
              92.2425794,
              20.973757
            ],
            [
              92.2424038,
              20.9736572
            ],
            [
              92.2423275,
              20.9735788
            ],
            [
              92.2421672,
              20.9734862
            ],
            [
              92.2420069,
              20.9734576
            ],
            [
              92.2418618,
              20.9734576
            ],
            [
              92.2416862,
              20.973422
            ],
            [
              92.2415107,
              20.9732295
            ],
            [
              92.2414878,
              20.9731084
            ],
            [
              92.2415646,
              20.9728655
            ],
            [
              92.2416404,
              20.9727947
            ],
            [
              92.2417931,
              20.9727805
            ],
            [
              92.2419534,
              20.9727805
            ],
            [
              92.2419916,
              20.9727377
            ],
            [
              92.2419611,
              20.9726664
            ],
            [
              92.2419153,
              20.9725809
            ],
            [
              92.2418847,
              20.9724882
            ],
            [
              92.241816,
              20.9724526
            ],
            [
              92.2417626,
              20.9723029
            ],
            [
              92.2418084,
              20.9722245
            ],
            [
              92.2418771,
              20.972146
            ],
            [
              92.2419458,
              20.9721461
            ],
            [
              92.2419992,
              20.972089
            ],
            [
              92.2419611,
              20.971975
            ],
            [
              92.2419,
              20.9718609
            ],
            [
              92.241816,
              20.971754
            ],
            [
              92.2419153,
              20.9716257
            ],
            [
              92.241801,
              20.971493
            ],
            [
              92.2417486,
              20.9713669
            ],
            [
              92.2417581,
              20.9713169
            ],
            [
              92.2418057,
              20.9712669
            ],
            [
              92.2418414,
              20.9712384
            ],
            [
              92.2419009,
              20.9712193
            ],
            [
              92.2419152,
              20.9711004
            ],
            [
              92.2419247,
              20.9709766
            ],
            [
              92.2419556,
              20.9709029
            ],
            [
              92.2420056,
              20.9708648
            ],
            [
              92.2420856,
              20.9708582
            ],
            [
              92.2420909,
              20.9708468
            ],
            [
              92.2421825,
              20.9707398
            ],
            [
              92.2422054,
              20.9706543
            ],
            [
              92.2422026,
              20.9706495
            ],
            [
              92.2422026,
              20.9705193
            ],
            [
              92.2421663,
              20.970368
            ],
            [
              92.2420986,
              20.9701919
            ],
            [
              92.2421937,
              20.9700489
            ],
            [
              92.2422082,
              20.9699451
            ],
            [
              92.2421928,
              20.9698202
            ],
            [
              92.2421928,
              20.9697227
            ],
            [
              92.2421856,
              20.9695763
            ],
            [
              92.2421928,
              20.969524
            ],
            [
              92.242355,
              20.9693229
            ],
            [
              92.2423659,
              20.9691811
            ],
            [
              92.2424106,
              20.9690682
            ],
            [
              92.2425092,
              20.9684925
            ],
            [
              92.2425233,
              20.9684555
            ],
            [
              92.2424129,
              20.96838
            ],
            [
              92.24232,
              20.9683233
            ],
            [
              92.2420616,
              20.968175
            ],
            [
              92.2420263,
              20.9681273
            ],
            [
              92.2421078,
              20.9679567
            ],
            [
              92.2421985,
              20.9678706
            ],
            [
              92.2423169,
              20.9677829
            ],
            [
              92.2424537,
              20.9679044
            ],
            [
              92.2425859,
              20.9680028
            ],
            [
              92.2426997,
              20.9680535
            ],
            [
              92.2429764,
              20.9681161
            ],
            [
              92.2431732,
              20.9679203
            ],
            [
              92.2432989,
              20.9677585
            ],
            [
              92.2433674,
              20.9677014
            ],
            [
              92.2434131,
              20.9676729
            ],
            [
              92.2434854,
              20.9676672
            ],
            [
              92.2435539,
              20.9677014
            ],
            [
              92.2435825,
              20.9677452
            ],
            [
              92.2435958,
              20.9677947
            ],
            [
              92.2435977,
              20.9679051
            ],
            [
              92.2435881,
              20.9680166
            ],
            [
              92.2435828,
              20.9680346
            ],
            [
              92.2435901,
              20.9681446
            ],
            [
              92.2436091,
              20.9682874
            ],
            [
              92.2437219,
              20.9683681
            ],
            [
              92.2438816,
              20.9683739
            ],
            [
              92.2440668,
              20.9683739
            ],
            [
              92.2442183,
              20.9681013
            ],
            [
              92.2443311,
              20.9679679
            ],
            [
              92.244474,
              20.9678766
            ],
            [
              92.2446018,
              20.967859
            ],
            [
              92.2448099,
              20.967864
            ],
            [
              92.2449402,
              20.9678265
            ],
            [
              92.2450355,
              20.9677018
            ],
            [
              92.2451722,
              20.9675895
            ],
            [
              92.2456758,
              20.9675243
            ],
            [
              92.245796,
              20.9674529
            ],
            [
              92.2458234,
              20.9673958
            ],
            [
              92.2458277,
              20.9673495
            ],
            [
              92.2458136,
              20.9671519
            ],
            [
              92.2458267,
              20.9669805
            ],
            [
              92.2459135,
              20.9667949
            ],
            [
              92.245979,
              20.9667343
            ],
            [
              92.2460769,
              20.9666946
            ],
            [
              92.2461447,
              20.9666863
            ],
            [
              92.2462101,
              20.9666863
            ],
            [
              92.2464195,
              20.9667815
            ],
            [
              92.2465849,
              20.9668885
            ],
            [
              92.2466235,
              20.9669325
            ],
            [
              92.2466488,
              20.9669514
            ],
            [
              92.2467478,
              20.9669859
            ],
            [
              92.2469536,
              20.9670135
            ],
            [
              92.2472258,
              20.9670214
            ],
            [
              92.2473103,
              20.9670383
            ],
            [
              92.2473705,
              20.9670705
            ],
            [
              92.2474141,
              20.9671133
            ],
            [
              92.2476187,
              20.9672001
            ],
            [
              92.2477673,
              20.9671974
            ],
            [
              92.2478038,
              20.967172
            ],
            [
              92.2479194,
              20.9670706
            ],
            [
              92.2480242,
              20.9669997
            ],
            [
              92.2482107,
              20.9668539
            ],
            [
              92.2482935,
              20.9668208
            ],
            [
              92.2483822,
              20.9668357
            ],
            [
              92.2483953,
              20.9668433
            ],
            [
              92.2484334,
              20.9668967
            ],
            [
              92.2484718,
              20.9669924
            ],
            [
              92.2485167,
              20.9670582
            ],
            [
              92.2488947,
              20.9672257
            ],
            [
              92.2492855,
              20.9672855
            ],
            [
              92.250968,
              20.965538
            ],
            [
              92.2513861,
              20.9650974
            ],
            [
              92.2515665,
              20.9647706
            ],
            [
              92.2521788,
              20.9636376
            ],
            [
              92.2524658,
              20.9637069
            ],
            [
              92.2520759,
              20.964836
            ],
            [
              92.251493,
              20.9659425
            ],
            [
              92.2513502,
              20.966811
            ],
            [
              92.2517785,
              20.966918
            ],
            [
              92.2517071,
              20.9676438
            ],
            [
              92.2520569,
              20.9677009
            ],
            [
              92.2520355,
              20.9678579
            ],
            [
              92.2525138,
              20.9679579
            ],
            [
              92.2526565,
              20.9679722
            ],
            [
              92.2526637,
              20.9678508
            ],
            [
              92.2528921,
              20.9678579
            ],
            [
              92.2529778,
              20.9688216
            ],
            [
              92.2529706,
              20.9690786
            ],
            [
              92.2529635,
              20.9691571
            ],
            [
              92.2526994,
              20.9691785
            ],
            [
              92.2527065,
              20.969357
            ],
            [
              92.2532276,
              20.9692785
            ],
            [
              92.2532562,
              20.9696782
            ],
            [
              92.253249,
              20.9699067
            ],
            [
              92.2532193,
              20.9705029
            ],
            [
              92.2532312,
              20.970729
            ],
            [
              92.2531241,
              20.9708242
            ],
            [
              92.2531776,
              20.9713179
            ],
            [
              92.2537606,
              20.9712227
            ],
            [
              92.2537903,
              20.9714012
            ],
            [
              92.2538022,
              20.971883
            ],
            [
              92.253915,
              20.9726903
            ],
            [
              92.2540513,
              20.9726209
            ],
            [
              92.254432,
              20.9725852
            ],
            [
              92.254664,
              20.9727102
            ],
            [
              92.254664,
              20.9728589
            ],
            [
              92.2546105,
              20.9730254
            ],
            [
              92.2545321,
              20.9732158
            ],
            [
              92.2545008,
              20.9732889
            ],
            [
              92.2543781,
              20.9732632
            ],
            [
              92.254251,
              20.9732861
            ],
            [
              92.2541682,
              20.9733175
            ],
            [
              92.2541211,
              20.9733446
            ],
            [
              92.2540811,
              20.9733974
            ],
            [
              92.2540658,
              20.9734951
            ],
            [
              92.2540696,
              20.973615
            ],
            [
              92.2540924,
              20.973754
            ],
            [
              92.2540924,
              20.9738739
            ],
            [
              92.2540167,
              20.9741241
            ],
            [
              92.2538625,
              20.9745067
            ],
            [
              92.2536703,
              20.9748684
            ],
            [
              92.2535389,
              20.9750226
            ],
            [
              92.2534057,
              20.9751368
            ],
            [
              92.25325,
              20.9752076
            ],
            [
              92.253233,
              20.9757431
            ],
            [
              92.2532239,
              20.9757567
            ],
            [
              92.2528093,
              20.9757202
            ],
            [
              92.2520668,
              20.9756391
            ],
            [
              92.2517462,
              20.9756186
            ],
            [
              92.2512169,
              20.9755912
            ],
            [
              92.2509242,
              20.9755851
            ],
            [
              92.2506844,
              20.9755888
            ],
            [
              92.2501146,
              20.9756306
            ],
            [
              92.249674,
              20.9756812
            ],
            [
              92.2494703,
              20.9756986
            ],
            [
              92.2499985,
              20.9765351
            ],
            [
              92.2498447,
              20.9766093
            ],
            [
              92.2497788,
              20.9766329
            ],
            [
              92.2495653,
              20.9767187
            ],
            [
              92.2492673,
              20.9768429
            ],
            [
              92.2490997,
              20.9768901
            ],
            [
              92.2489693,
              20.9768876
            ],
            [
              92.24872,
              20.9768604
            ],
            [
              92.2484367,
              20.9768707
            ],
            [
              92.2483145,
              20.9768906
            ],
            [
              92.2482014,
              20.9769016
            ],
            [
              92.2480893,
              20.9769174
            ],
            [
              92.2479651,
              20.9769286
            ],
            [
              92.2479327,
              20.9769284
            ],
            [
              92.2477987,
              20.9769996
            ],
            [
              92.247728,
              20.9770527
            ],
            [
              92.247583,
              20.9770665
            ],
            [
              92.2475269,
              20.9770546
            ],
            [
              92.2474251,
              20.9770696
            ],
            [
              92.2473381,
              20.9770592
            ],
            [
              92.2472329,
              20.9770243
            ],
            [
              92.2471757,
              20.9770193
            ],
            [
              92.2465415,
              20.9772022
            ],
            [
              92.2463522,
              20.9771028
            ],
            [
              92.2462398,
              20.9768212
            ],
            [
              92.2461427,
              20.9767255
            ],
            [
              92.2459075,
              20.9768115
            ],
            [
              92.245709,
              20.9769405
            ],
            [
              92.2454964,
              20.976989
            ],
            [
              92.2452436,
              20.976943
            ],
            [
              92.2450587,
              20.9767416
            ],
            [
              92.2449175,
              20.9766941
            ],
            [
              92.2449495,
              20.9765962
            ],
            [
              92.2446647,
              20.9765444
            ],
            [
              92.2445969,
              20.9765502
            ],
            [
              92.2444859,
              20.9765502
            ],
            [
              92.2443996,
              20.9765157
            ],
            [
              92.2443193,
              20.9764551
            ],
            [
              92.2442117,
              20.9763597
            ],
            [
              92.2439918,
              20.9761369
            ],
            [
              92.2439259,
              20.9760138
            ],
            [
              92.2438694,
              20.9758776
            ],
            [
              92.2438694,
              20.9756446
            ],
            [
              92.2438359,
              20.9755613
            ],
            [
              92.2437188,
              20.9756094
            ],
            [
              92.243521,
              20.9757721
            ],
            [
              92.2433177,
              20.97581
            ],
            [
              92.2433188,
              20.9758065
            ],
            [
              92.243118,
              20.975769
            ],
            [
              92.2430157,
              20.9756154
            ],
            [
              92.2430129,
              20.9755996
            ]
          ]
        ]
      },
      "id": "relation/12913819"
    },
    {
      "type": "Feature",
      "properties": {
        "@id": "relation/12913820",
        "admin_level": "10",
        "boundary": "administrative",
        "name": "Camp 25",
        "source:geometry": "Humanitarian Data Exchange",
        "source:name": "Humanitarian Data Exchange",
        "type": "boundary"
      },
      "geometry": {
        "type": "MultiPolygon",
        "coordinates": [
          [
            [
              [
                92.2430129,
                20.9755996
              ],
              [
                92.2430157,
                20.9756154
              ],
              [
                92.243118,
                20.975769
              ],
              [
                92.2433188,
                20.9758065
              ],
              [
                92.2433177,
                20.97581
              ],
              [
                92.243521,
                20.9757721
              ],
              [
                92.2437188,
                20.9756094
              ],
              [
                92.2438359,
                20.9755613
              ],
              [
                92.2438694,
                20.9756446
              ],
              [
                92.2438694,
                20.9758776
              ],
              [
                92.2439259,
                20.9760138
              ],
              [
                92.2439918,
                20.9761369
              ],
              [
                92.2442117,
                20.9763597
              ],
              [
                92.2443193,
                20.9764551
              ],
              [
                92.2443996,
                20.9765157
              ],
              [
                92.2444859,
                20.9765502
              ],
              [
                92.2445969,
                20.9765502
              ],
              [
                92.2446647,
                20.9765444
              ],
              [
                92.2449495,
                20.9765962
              ],
              [
                92.2449175,
                20.9766941
              ],
              [
                92.2450587,
                20.9767416
              ],
              [
                92.2452436,
                20.976943
              ],
              [
                92.2454964,
                20.976989
              ],
              [
                92.245709,
                20.9769405
              ],
              [
                92.2459075,
                20.9768115
              ],
              [
                92.2461427,
                20.9767255
              ],
              [
                92.2462398,
                20.9768212
              ],
              [
                92.2463522,
                20.9771028
              ],
              [
                92.2465415,
                20.9772022
              ],
              [
                92.2471757,
                20.9770193
              ],
              [
                92.2472329,
                20.9770243
              ],
              [
                92.2473381,
                20.9770592
              ],
              [
                92.2474251,
                20.9770696
              ],
              [
                92.2475269,
                20.9770546
              ],
              [
                92.247583,
                20.9770665
              ],
              [
                92.247728,
                20.9770527
              ],
              [
                92.2477987,
                20.9769996
              ],
              [
                92.2479327,
                20.9769284
              ],
              [
                92.2479651,
                20.9769286
              ],
              [
                92.2480893,
                20.9769174
              ],
              [
                92.2482014,
                20.9769016
              ],
              [
                92.2483145,
                20.9768906
              ],
              [
                92.2484367,
                20.9768707
              ],
              [
                92.24872,
                20.9768604
              ],
              [
                92.2489693,
                20.9768876
              ],
              [
                92.2490997,
                20.9768901
              ],
              [
                92.2492673,
                20.9768429
              ],
              [
                92.2495653,
                20.9767187
              ],
              [
                92.2497788,
                20.9766329
              ],
              [
                92.2498447,
                20.9766093
              ],
              [
                92.2499985,
                20.9765351
              ],
              [
                92.2494703,
                20.9756986
              ],
              [
                92.249674,
                20.9756812
              ],
              [
                92.2501146,
                20.9756306
              ],
              [
                92.2506844,
                20.9755888
              ],
              [
                92.2509242,
                20.9755851
              ],
              [
                92.2512169,
                20.9755912
              ],
              [
                92.2517462,
                20.9756186
              ],
              [
                92.2520668,
                20.9756391
              ],
              [
                92.2528093,
                20.9757202
              ],
              [
                92.2532239,
                20.9757567
              ],
              [
                92.253233,
                20.9757431
              ],
              [
                92.25325,
                20.9752076
              ],
              [
                92.2534057,
                20.9751368
              ],
              [
                92.2535389,
                20.9750226
              ],
              [
                92.2536703,
                20.9748684
              ],
              [
                92.2538625,
                20.9745067
              ],
              [
                92.2540167,
                20.9741241
              ],
              [
                92.2540924,
                20.9738739
              ],
              [
                92.2540924,
                20.973754
              ],
              [
                92.2540696,
                20.973615
              ],
              [
                92.2540658,
                20.9734951
              ],
              [
                92.2540811,
                20.9733974
              ],
              [
                92.2541211,
                20.9733446
              ],
              [
                92.2541682,
                20.9733175
              ],
              [
                92.254251,
                20.9732861
              ],
              [
                92.2543781,
                20.9732632
              ],
              [
                92.2545008,
                20.9732889
              ],
              [
                92.2546667,
                20.9734293
              ],
              [
                92.2547952,
                20.9736911
              ],
              [
                92.2548951,
                20.9740289
              ],
              [
                92.2548428,
                20.9742907
              ],
              [
                92.2546905,
                20.9746476
              ],
              [
                92.2547428,
                20.9748284
              ],
              [
                92.2548403,
                20.97487
              ],
              [
                92.2551688,
                20.974857
              ],
              [
                92.2555019,
                20.9747594
              ],
              [
                92.2556946,
                20.9746524
              ],
              [
                92.2558612,
                20.9744977
              ],
              [
                92.2560063,
                20.9742764
              ],
              [
                92.2561241,
                20.9741836
              ],
              [
                92.2563383,
                20.9741265
              ],
              [
                92.2567091,
                20.9741736
              ],
              [
                92.2564791,
                20.9746449
              ],
              [
                92.2559131,
                20.9758476
              ],
              [
                92.2554813,
                20.9766919
              ],
              [
                92.2549883,
                20.9775647
              ],
              [
                92.2531402,
                20.9806942
              ],
              [
                92.2528472,
                20.9807348
              ],
              [
                92.2523248,
                20.980858
              ],
              [
                92.2520675,
                20.9808837
              ],
              [
                92.2518771,
                20.980382
              ],
              [
                92.251834,
                20.9802559
              ],
              [
                92.2517703,
                20.9802676
              ],
              [
                92.2517643,
                20.980253
              ],
              [
                92.2517697,
                20.9802677
              ],
              [
                92.2512909,
                20.9803341
              ],
              [
                92.2503026,
                20.9803927
              ],
              [
                92.2488815,
                20.9807251
              ],
              [
                92.2486599,
                20.9807669
              ],
              [
                92.2483444,
                20.9807272
              ],
              [
                92.2481337,
                20.9806959
              ],
              [
                92.2480484,
                20.9809644
              ],
              [
                92.2480253,
                20.9809966
              ],
              [
                92.2478232,
                20.9809384
              ],
              [
                92.2476898,
                20.9808911
              ],
              [
                92.2475026,
                20.9808876
              ],
              [
                92.2474375,
                20.9809582
              ],
              [
                92.2473265,
                20.981015
              ],
              [
                92.247341,
                20.9811729
              ],
              [
                92.247348,
                20.9813018
              ],
              [
                92.2473246,
                20.981375
              ],
              [
                92.2472986,
                20.9814155
              ],
              [
                92.247168,
                20.9814274
              ],
              [
                92.24708,
                20.9817794
              ],
              [
                92.2470158,
                20.9819046
              ],
              [
                92.2468937,
                20.9819772
              ],
              [
                92.2466691,
                20.9824618
              ],
              [
                92.2466502,
                20.9824702
              ],
              [
                92.2464783,
                20.9829021
              ],
              [
                92.2463352,
                20.9831956
              ],
              [
                92.2463187,
                20.9832224
              ],
              [
                92.2460306,
                20.9846456
              ],
              [
                92.2449613,
                20.9852899
              ],
              [
                92.244476,
                20.9858138
              ],
              [
                92.2426932,
                20.9855495
              ],
              [
                92.2424431,
                20.9839776
              ],
              [
                92.241968,
                20.9828843
              ],
              [
                92.2417257,
                20.9828901
              ],
              [
                92.2412999,
                20.9829674
              ],
              [
                92.2409615,
                20.982467
              ],
              [
                92.2409721,
                20.9824501
              ],
              [
                92.240379,
                20.9821221
              ],
              [
                92.2403321,
                20.9821211
              ],
              [
                92.2402647,
                20.9818047
              ],
              [
                92.240389,
                20.9809059
              ],
              [
                92.2403863,
                20.9806258
              ],
              [
                92.2402714,
                20.9803347
              ],
              [
                92.2400517,
                20.980147
              ],
              [
                92.2400003,
                20.9799091
              ],
              [
                92.2398002,
                20.9796512
              ],
              [
                92.2395169,
                20.9793478
              ],
              [
                92.2392847,
                20.9792555
              ],
              [
                92.2390936,
                20.9790153
              ],
              [
                92.2391454,
                20.9788063
              ],
              [
                92.2396257,
                20.9787112
              ],
              [
                92.2399773,
                20.9789023
              ],
              [
                92.2403503,
                20.97898
              ],
              [
                92.2406973,
                20.9789696
              ],
              [
                92.2407071,
                20.9789523
              ],
              [
                92.2411474,
                20.9789614
              ],
              [
                92.241219,
                20.9784168
              ],
              [
                92.2412631,
                20.97843
              ],
              [
                92.2415129,
                20.977793
              ],
              [
                92.2417563,
                20.9774962
              ],
              [
                92.2417681,
                20.9774593
              ],
              [
                92.2417751,
                20.9774287
              ],
              [
                92.2418775,
                20.977038
              ],
              [
                92.2418688,
                20.9770378
              ],
              [
                92.2417711,
                20.9760994
              ],
              [
                92.2417789,
                20.9761054
              ],
              [
                92.2418774,
                20.9758679
              ],
              [
                92.2419838,
                20.9754091
              ],
              [
                92.2420739,
                20.975432
              ],
              [
                92.2422377,
                20.9754396
              ],
              [
                92.2426554,
                20.9755543
              ],
              [
                92.2429994,
                20.9755236
              ],
              [
                92.2430003,
                20.9755288
              ],
              [
                92.2430129,
                20.9755996
              ]
            ]
          ],
          [
            [
              [
                92.2486594,
                20.9900933
              ],
              [
                92.2488065,
                20.9909546
              ],
              [
                92.248766,
                20.9916206
              ],
              [
                92.2483201,
                20.9918704
              ],
              [
                92.247704,
                20.9917341
              ],
              [
                92.2472582,
                20.9915752
              ],
              [
                92.2470718,
                20.9909319
              ],
              [
                92.2474771,
                20.9902129
              ],
              [
                92.2475109,
                20.9891828
              ],
              [
                92.246449,
                20.989021
              ],
              [
                92.2466332,
                20.9877868
              ],
              [
                92.2477926,
                20.9877362
              ],
              [
                92.2500897,
                20.9878677
              ],
              [
                92.2500247,
                20.9893042
              ],
              [
                92.2496815,
                20.9893027
              ],
              [
                92.2495834,
                20.9897057
              ],
              [
                92.2485077,
                20.989638
              ],
              [
                92.2486594,
                20.9900933
              ]
            ]
          ]
        ]
      },
      "id": "relation/12913820"
    },
    {
      "type": "Feature",
      "properties": {
        "@id": "relation/12914059",
        "admin_level": "10",
        "boundary": "administrative",
        "name": "Camp 22",
        "source:geometry": "Humanitarian Data Exchange",
        "source:name": "Humanitarian Data Exchange",
        "type": "boundary"
      },
      "geometry": {
        "type": "Polygon",
        "coordinates": [
          [
            [
              92.1967528,
              21.0847178
            ],
            [
              92.1968975,
              21.084702
            ],
            [
              92.1969228,
              21.0846092
            ],
            [
              92.1970437,
              21.0846098
            ],
            [
              92.1972568,
              21.0846676
            ],
            [
              92.1973835,
              21.0847728
            ],
            [
              92.1974783,
              21.0849167
            ],
            [
              92.1974874,
              21.0850034
            ],
            [
              92.1974967,
              21.0850512
            ],
            [
              92.1975249,
              21.085126
            ],
            [
              92.1975244,
              21.0852157
            ],
            [
              92.1974771,
              21.0854134
            ],
            [
              92.1975386,
              21.0854759
            ],
            [
              92.1976307,
              21.0855237
            ],
            [
              92.1984072,
              21.0852649
            ],
            [
              92.1984707,
              21.085258
            ],
            [
              92.1985771,
              21.0853713
            ],
            [
              92.1985743,
              21.0854239
            ],
            [
              92.1985455,
              21.08556
            ],
            [
              92.1985812,
              21.085553
            ],
            [
              92.1989693,
              21.085378
            ],
            [
              92.199177,
              21.085357
            ],
            [
              92.1994827,
              21.0852948
            ],
            [
              92.1995055,
              21.0852146
            ],
            [
              92.1994979,
              21.0851113
            ],
            [
              92.1995149,
              21.0849909
            ],
            [
              92.1996338,
              21.0848481
            ],
            [
              92.1998405,
              21.0846884
            ],
            [
              92.1998991,
              21.0847786
            ],
            [
              92.1999536,
              21.0848821
            ],
            [
              92.2000409,
              21.0849322
            ],
            [
              92.2000191,
              21.085316
            ],
            [
              92.2000364,
              21.0853997
            ],
            [
              92.1999775,
              21.0854712
            ],
            [
              92.1999188,
              21.0855785
            ],
            [
              92.1999029,
              21.0856931
            ],
            [
              92.2000632,
              21.0857262
            ],
            [
              92.2001703,
              21.0857052
            ],
            [
              92.2002964,
              21.0857093
            ],
            [
              92.2004681,
              21.0857424
            ],
            [
              92.2006049,
              21.0858865
            ],
            [
              92.2006527,
              21.0860837
            ],
            [
              92.2006997,
              21.0861557
            ],
            [
              92.2009054,
              21.0862618
            ],
            [
              92.2010519,
              21.0864896
            ],
            [
              92.2011649,
              21.0867913
            ],
            [
              92.2011892,
              21.0868924
            ],
            [
              92.2011733,
              21.0869601
            ],
            [
              92.2011195,
              21.087111
            ],
            [
              92.2010331,
              21.0872712
            ],
            [
              92.2008657,
              21.0873354
            ],
            [
              92.2007147,
              21.0873768
            ],
            [
              92.2006384,
              21.0875313
            ],
            [
              92.20066,
              21.0876844
            ],
            [
              92.2006545,
              21.0878164
            ],
            [
              92.2006222,
              21.0879023
            ],
            [
              92.2006511,
              21.0879681
            ],
            [
              92.200653,
              21.0880032
            ],
            [
              92.2006015,
              21.0881249
            ],
            [
              92.200609,
              21.0882396
            ],
            [
              92.2006021,
              21.0883945
            ],
            [
              92.2006826,
              21.0885689
            ],
            [
              92.2006216,
              21.0886456
            ],
            [
              92.2004712,
              21.0890957
            ],
            [
              92.2005075,
              21.0891609
            ],
            [
              92.2005234,
              21.0892413
            ],
            [
              92.2006038,
              21.0894463
            ],
            [
              92.2006801,
              21.0896704
            ],
            [
              92.2007512,
              21.0897052
            ],
            [
              92.2007609,
              21.089797
            ],
            [
              92.2007991,
              21.089889
            ],
            [
              92.2007091,
              21.0899963
            ],
            [
              92.2003127,
              21.0898079
            ],
            [
              92.2001797,
              21.0900265
            ],
            [
              92.2000704,
              21.0902784
            ],
            [
              92.2001776,
              21.0904262
            ],
            [
              92.20022,
              21.0905048
            ],
            [
              92.2000699,
              21.0906581
            ],
            [
              92.199978,
              21.0906882
            ],
            [
              92.1999031,
              21.0905999
            ],
            [
              92.1997446,
              21.0905074
            ],
            [
              92.1995847,
              21.0904516
            ],
            [
              92.1995493,
              21.0905321
            ],
            [
              92.1995835,
              21.0906757
            ],
            [
              92.1994353,
              21.0908573
            ],
            [
              92.1993356,
              21.09093
            ],
            [
              92.1993242,
              21.0910533
            ],
            [
              92.1992022,
              21.0912951
            ],
            [
              92.1992352,
              21.0914136
            ],
            [
              92.1993609,
              21.091493
            ],
            [
              92.1992976,
              21.0916598
            ],
            [
              92.1992536,
              21.091882
            ],
            [
              92.1993663,
              21.0919461
            ],
            [
              92.1992892,
              21.0921041
            ],
            [
              92.1989435,
              21.0921588
            ],
            [
              92.1987092,
              21.0919651
            ],
            [
              92.1984331,
              21.0921383
            ],
            [
              92.1981015,
              21.0922252
            ],
            [
              92.1975881,
              21.0925
            ],
            [
              92.196873,
              21.0923795
            ],
            [
              92.1968453,
              21.0923101
            ],
            [
              92.196851,
              21.0921977
            ],
            [
              92.1967981,
              21.0920851
            ],
            [
              92.196058,
              21.0918808
            ],
            [
              92.1958888,
              21.0922829
            ],
            [
              92.1957768,
              21.0923711
            ],
            [
              92.1955761,
              21.0924379
            ],
            [
              92.1952666,
              21.0926346
            ],
            [
              92.19513,
              21.0925861
            ],
            [
              92.1950508,
              21.0925051
            ],
            [
              92.1949976,
              21.0923315
            ],
            [
              92.1950042,
              21.0922837
            ],
            [
              92.1950236,
              21.092227
            ],
            [
              92.1950653,
              21.0921735
            ],
            [
              92.1950337,
              21.0921345
            ],
            [
              92.1949893,
              21.0920924
            ],
            [
              92.1949626,
              21.0920379
            ],
            [
              92.1950451,
              21.0918957
            ],
            [
              92.1949447,
              21.0914405
            ],
            [
              92.1947981,
              21.0912199
            ],
            [
              92.1945142,
              21.0909651
            ],
            [
              92.1942812,
              21.090725
            ],
            [
              92.1941909,
              21.0904664
            ],
            [
              92.1940059,
              21.0900689
            ],
            [
              92.1939363,
              21.09004
            ],
            [
              92.193753,
              21.0900319
            ],
            [
              92.1936117,
              21.0900169
            ],
            [
              92.1934438,
              21.0899838
            ],
            [
              92.1932603,
              21.0899937
            ],
            [
              92.1929244,
              21.0899419
            ],
            [
              92.1924813,
              21.0899111
            ],
            [
              92.1923896,
              21.0899131
            ],
            [
              92.192166,
              21.0898164
            ],
            [
              92.192106,
              21.0896105
            ],
            [
              92.1920556,
              21.0895099
            ],
            [
              92.1920358,
              21.0893903
            ],
            [
              92.1920215,
              21.0892229
            ],
            [
              92.192094,
              21.0890033
            ],
            [
              92.1921557,
              21.0888888
            ],
            [
              92.1923149,
              21.0886553
            ],
            [
              92.1923418,
              21.0883925
            ],
            [
              92.1924909,
              21.0881303
            ],
            [
              92.1927003,
              21.0880309
            ],
            [
              92.1929256,
              21.0878264
            ],
            [
              92.1934127,
              21.0874737
            ],
            [
              92.1932767,
              21.0871862
            ],
            [
              92.1933097,
              21.0867417
            ],
            [
              92.1937326,
              21.0864903
            ],
            [
              92.1939179,
              21.0863657
            ],
            [
              92.1941032,
              21.0862471
            ],
            [
              92.194256,
              21.0862597
            ],
            [
              92.1944089,
              21.0862425
            ],
            [
              92.1944542,
              21.0861113
            ],
            [
              92.1943911,
              21.0859974
            ],
            [
              92.1943982,
              21.085866
            ],
            [
              92.1942913,
              21.0856264
            ],
            [
              92.194247,
              21.0855605
            ],
            [
              92.1943116,
              21.0853875
            ],
            [
              92.1945795,
              21.0853051
            ],
            [
              92.1947713,
              21.0851626
            ],
            [
              92.1949821,
              21.0850381
            ],
            [
              92.1951354,
              21.0849611
            ],
            [
              92.1953464,
              21.0847888
            ],
            [
              92.1953152,
              21.0846811
            ],
            [
              92.1952716,
              21.0844896
            ],
            [
              92.195317,
              21.0843464
            ],
            [
              92.1954065,
              21.0842751
            ],
            [
              92.1955846,
              21.0843058
            ],
            [
              92.1957055,
              21.0843363
            ],
            [
              92.1958002,
              21.0844862
            ],
            [
              92.1960036,
              21.0845529
            ],
            [
              92.196322,
              21.0845544
            ],
            [
              92.1967528,
              21.0847178
            ]
          ]
        ]
      },
      "id": "relation/12914059"
    },
    {
      "type": "Feature",
      "properties": {
        "@id": "relation/12914060",
        "admin_level": "10",
        "boundary": "administrative",
        "name": "Camp 23",
        "source:geometry": "Humanitarian Data Exchange",
        "source:name": "Humanitarian Data Exchange",
        "type": "boundary"
      },
      "geometry": {
        "type": "Polygon",
        "coordinates": [
          [
            [
              92.1419852,
              21.0848589
            ],
            [
              92.141815,
              21.084907
            ],
            [
              92.1416225,
              21.0849698
            ],
            [
              92.1413947,
              21.085013
            ],
            [
              92.1411197,
              21.0850445
            ],
            [
              92.1409312,
              21.0850759
            ],
            [
              92.1406955,
              21.0851034
            ],
            [
              92.1404637,
              21.0851191
            ],
            [
              92.1401613,
              21.0851152
            ],
            [
              92.1396545,
              21.0850248
            ],
            [
              92.1392892,
              21.0846909
            ],
            [
              92.1390535,
              21.0846124
            ],
            [
              92.1388453,
              21.084522
            ],
            [
              92.1387471,
              21.0843924
            ],
            [
              92.1386686,
              21.0843295
            ],
            [
              92.1385507,
              21.0843099
            ],
            [
              92.1384132,
              21.0843335
            ],
            [
              92.1382501,
              21.0843374
            ],
            [
              92.1381446,
              21.0845057
            ],
            [
              92.1380426,
              21.0846788
            ],
            [
              92.1379114,
              21.0848488
            ],
            [
              92.137719,
              21.0849171
            ],
            [
              92.1376691,
              21.0849294
            ],
            [
              92.1376034,
              21.0849363
            ],
            [
              92.137504,
              21.0850428
            ],
            [
              92.1374255,
              21.0851481
            ],
            [
              92.137362,
              21.0852822
            ],
            [
              92.1373348,
              21.0854574
            ],
            [
              92.1373254,
              21.0855737
            ],
            [
              92.13736,
              21.0857533
            ],
            [
              92.137341,
              21.0860731
            ],
            [
              92.1369641,
              21.0860351
            ],
            [
              92.1368162,
              21.0860452
            ],
            [
              92.1367267,
              21.086221
            ],
            [
              92.1365482,
              21.0861582
            ],
            [
              92.1360947,
              21.0859774
            ],
            [
              92.1359376,
              21.0859019
            ],
            [
              92.135816,
              21.0858227
            ],
            [
              92.1357177,
              21.0857874
            ],
            [
              92.1354806,
              21.085759
            ],
            [
              92.1352855,
              21.0857018
            ],
            [
              92.1351009,
              21.0856389
            ],
            [
              92.1349256,
              21.0856574
            ],
            [
              92.1348365,
              21.0856009
            ],
            [
              92.1347672,
              21.0855735
            ],
            [
              92.1346484,
              21.0854939
            ],
            [
              92.1346158,
              21.0854503
            ],
            [
              92.1340667,
              21.0849831
            ],
            [
              92.1339098,
              21.0848666
            ],
            [
              92.1338826,
              21.084748
            ],
            [
              92.1336967,
              21.0846613
            ],
            [
              92.1336104,
              21.0844988
            ],
            [
              92.1335546,
              21.084373
            ],
            [
              92.1335394,
              21.0841959
            ],
            [
              92.1333801,
              21.0841259
            ],
            [
              92.133336,
              21.0840416
            ],
            [
              92.1333161,
              21.0839243
            ],
            [
              92.1333732,
              21.0838132
            ],
            [
              92.1333533,
              21.0837192
            ],
            [
              92.1332648,
              21.0836906
            ],
            [
              92.1331642,
              21.0836062
            ],
            [
              92.1332295,
              21.0834752
            ],
            [
              92.1334468,
              21.0832461
            ],
            [
              92.1335396,
              21.0831397
            ],
            [
              92.1336506,
              21.082962
            ],
            [
              92.1337314,
              21.082803
            ],
            [
              92.1337586,
              21.082769
            ],
            [
              92.1360432,
              21.0802281
            ],
            [
              92.1361079,
              21.080198
            ],
            [
              92.1362468,
              21.0800448
            ],
            [
              92.1363757,
              21.0799614
            ],
            [
              92.1364027,
              21.0798826
            ],
            [
              92.1366417,
              21.0796028
            ],
            [
              92.1369295,
              21.0791706
            ],
            [
              92.1370651,
              21.0789088
            ],
            [
              92.1371663,
              21.0787293
            ],
            [
              92.1371785,
              21.0786078
            ],
            [
              92.1372513,
              21.0781528
            ],
            [
              92.137193,
              21.0780603
            ],
            [
              92.1371315,
              21.0779263
            ],
            [
              92.1370762,
              21.0777682
            ],
            [
              92.1371756,
              21.0775315
            ],
            [
              92.1373024,
              21.0773341
            ],
            [
              92.1374364,
              21.0771144
            ],
            [
              92.137298,
              21.077025
            ],
            [
              92.1371862,
              21.0770019
            ],
            [
              92.1370817,
              21.0769443
            ],
            [
              92.1369897,
              21.0769131
            ],
            [
              92.1368781,
              21.0768664
            ],
            [
              92.1368451,
              21.0767649
            ],
            [
              92.1367561,
              21.0766748
            ],
            [
              92.1366696,
              21.0766185
            ],
            [
              92.1366587,
              21.0764727
            ],
            [
              92.1367183,
              21.0763224
            ],
            [
              92.1367176,
              21.0762631
            ],
            [
              92.136734,
              21.0761449
            ],
            [
              92.1368356,
              21.075943
            ],
            [
              92.137041,
              21.0755741
            ],
            [
              92.1371644,
              21.0754749
            ],
            [
              92.1372957,
              21.075293
            ],
            [
              92.1376494,
              21.0746681
            ],
            [
              92.1379009,
              21.0743717
            ],
            [
              92.1380534,
              21.0742229
            ],
            [
              92.1382332,
              21.0740687
            ],
            [
              92.1383428,
              21.0739457
            ],
            [
              92.1386186,
              21.073655
            ],
            [
              92.1390199,
              21.0732904
            ],
            [
              92.1392375,
              21.0729344
            ],
            [
              92.1396481,
              21.0723224
            ],
            [
              92.1397541,
              21.0720786
            ],
            [
              92.1400276,
              21.0718555
            ],
            [
              92.1401429,
              21.0715624
            ],
            [
              92.1402602,
              21.0715981
            ],
            [
              92.1403071,
              21.0714774
            ],
            [
              92.1403285,
              21.0714087
            ],
            [
              92.1404517,
              21.0712328
            ],
            [
              92.1405624,
              21.0712792
            ],
            [
              92.1407327,
              21.0710678
            ],
            [
              92.1408817,
              21.0708992
            ],
            [
              92.141462,
              21.0713147
            ],
            [
              92.141976,
              21.0715717
            ],
            [
              92.1425916,
              21.0719464
            ],
            [
              92.1434,
              21.0723747
            ],
            [
              92.1442191,
              21.0728297
            ],
            [
              92.1444814,
              21.0729582
            ],
            [
              92.1447812,
              21.0731456
            ],
            [
              92.1450542,
              21.0733276
            ],
            [
              92.1452041,
              21.0733116
            ],
            [
              92.1458078,
              21.073627
            ],
            [
              92.1456502,
              21.0737421
            ],
            [
              92.1455366,
              21.0738447
            ],
            [
              92.1453574,
              21.0739722
            ],
            [
              92.1452787,
              21.0740171
            ],
            [
              92.1452487,
              21.0740713
            ],
            [
              92.1451448,
              21.0741439
            ],
            [
              92.1450127,
              21.0742665
            ],
            [
              92.1449292,
              21.0742959
            ],
            [
              92.1447409,
              21.0744347
            ],
            [
              92.1446207,
              21.0745633
            ],
            [
              92.1444637,
              21.0747114
            ],
            [
              92.1444768,
              21.0747198
            ],
            [
              92.144468,
              21.074726
            ],
            [
              92.1445028,
              21.0747463
            ],
            [
              92.1456538,
              21.0751478
            ],
            [
              92.1464301,
              21.0753298
            ],
            [
              92.1470671,
              21.0755225
            ],
            [
              92.1476399,
              21.0757527
            ],
            [
              92.1480254,
              21.0759348
            ],
            [
              92.1480736,
              21.0759669
            ],
            [
              92.1480361,
              21.0761328
            ],
            [
              92.1483413,
              21.0762954
            ],
            [
              92.1483036,
              21.0765557
            ],
            [
              92.1480229,
              21.0771167
            ],
            [
              92.1478381,
              21.0773868
            ],
            [
              92.1477014,
              21.0775382
            ],
            [
              92.1476237,
              21.0775952
            ],
            [
              92.1474995,
              21.0776309
            ],
            [
              92.1473608,
              21.07778
            ],
            [
              92.1468819,
              21.0783065
            ],
            [
              92.1464685,
              21.0787734
            ],
            [
              92.1462038,
              21.0791095
            ],
            [
              92.1459237,
              21.0794471
            ],
            [
              92.1452412,
              21.0801292
            ],
            [
              92.144998,
              21.0803504
            ],
            [
              92.1448537,
              21.080451
            ],
            [
              92.144775,
              21.0805162
            ],
            [
              92.1446419,
              21.0806046
            ],
            [
              92.1443488,
              21.08083
            ],
            [
              92.1441518,
              21.0810894
            ],
            [
              92.1432144,
              21.0828394
            ],
            [
              92.143982,
              21.0833028
            ],
            [
              92.1438799,
              21.0833708
            ],
            [
              92.1436017,
              21.0835215
            ],
            [
              92.1434047,
              21.0837301
            ],
            [
              92.1433236,
              21.0840199
            ],
            [
              92.1431961,
              21.0842517
            ],
            [
              92.1430802,
              21.0842517
            ],
            [
              92.1426514,
              21.0841358
            ],
            [
              92.1425291,
              21.0845025
            ],
            [
              92.1423439,
              21.0844852
            ],
            [
              92.142252,
              21.084523
            ],
            [
              92.1420981,
              21.0847039
            ],
            [
              92.1419903,
              21.084842
            ],
            [
              92.1419852,
              21.0848589
            ]
          ]
        ]
      },
      "id": "relation/12914060"
    },
    {
      "type": "Feature",
      "properties": {
        "@id": "relation/18001938",
        "admin_level": "10",
        "boundary": "administrative",
        "name": "Mirpur 2",
        "type": "boundary"
      },
      "geometry": {
        "type": "Polygon",
        "coordinates": [
          [
            [
              90.3553705,
              23.8072552
            ],
            [
              90.3559443,
              23.8065657
            ],
            [
              90.3560073,
              23.8064883
            ],
            [
              90.3564252,
              23.805975
            ],
            [
              90.3565265,
              23.8058506
            ],
            [
              90.3568031,
              23.8055108
            ],
            [
              90.3568475,
              23.8054563
            ],
            [
              90.3572168,
              23.8050025
            ],
            [
              90.3574736,
              23.8051824
            ],
            [
              90.3577273,
              23.8053521
            ],
            [
              90.3584121,
              23.8057291
            ],
            [
              90.3581238,
              23.8060901
            ],
            [
              90.3580104,
              23.806232
            ],
            [
              90.3578376,
              23.8064484
            ],
            [
              90.3577965,
              23.8064997
            ],
            [
              90.3575739,
              23.8067784
            ],
            [
              90.3574212,
              23.8069696
            ],
            [
              90.3574039,
              23.8069912
            ],
            [
              90.3570852,
              23.8073901
            ],
            [
              90.3570505,
              23.8074336
            ],
            [
              90.3568138,
              23.8077299
            ],
            [
              90.3553705,
              23.8072552
            ]
          ]
        ]
      },
      "id": "relation/18001938"
    },
    {
      "type": "Feature",
      "properties": {
        "@id": "relation/21038674",
        "admin_level": "10",
        "boundary": "administrative",
        "name": "Chuchua",
        "type": "boundary"
      },
      "geometry": {
        "type": "Polygon",
        "coordinates": [
          [
            [
              90.7209343,
              24.9463564
            ],
            [
              90.7215193,
              24.9475078
            ],
            [
              90.7215193,
              24.9477718
            ],
            [
              90.7195245,
              24.9488281
            ],
            [
              90.7191124,
              24.9489876
            ],
            [
              90.7189585,
              24.949142
            ],
            [
              90.7188156,
              24.9497299
            ],
            [
              90.7185354,
              24.9500887
            ],
            [
              90.7179089,
              24.9505421
            ],
            [
              90.7174913,
              24.9507314
            ],
            [
              90.717189,
              24.9507314
            ],
            [
              90.7167384,
              24.9504972
            ],
            [
              90.7162384,
              24.9501186
            ],
            [
              90.7161505,
              24.9500887
            ],
            [
              90.7159306,
              24.9498495
            ],
            [
              90.7159306,
              24.9497449
            ],
            [
              90.7159856,
              24.9495904
            ],
            [
              90.7159361,
              24.949426
            ],
            [
              90.7158537,
              24.9493214
            ],
            [
              90.7158922,
              24.949147
            ],
            [
              90.7159197,
              24.9489776
            ],
            [
              90.7158152,
              24.9488032
            ],
            [
              90.7158317,
              24.9486537
            ],
            [
              90.7159306,
              24.9484644
            ],
            [
              90.7158757,
              24.9482003
            ],
            [
              90.7158867,
              24.9479861
            ],
            [
              90.7160351,
              24.9474181
            ],
            [
              90.7159966,
              24.9470743
            ],
            [
              90.7158097,
              24.9468501
            ],
            [
              90.7155789,
              24.9467953
            ],
            [
              90.7154635,
              24.9468152
            ],
            [
              90.7152328,
              24.9470444
            ],
            [
              90.7148756,
              24.9471739
            ],
            [
              90.7144964,
              24.947164
            ],
            [
              90.7137985,
              24.9470693
            ],
            [
              90.7134798,
              24.9469248
            ],
            [
              90.7133644,
              24.9466956
            ],
            [
              90.7133424,
              24.9461974
            ],
            [
              90.7135018,
              24.9456543
            ],
            [
              90.7136007,
              24.9452457
            ],
            [
              90.7135128,
              24.9450713
            ],
            [
              90.7133314,
              24.9450215
            ],
            [
              90.7130182,
              24.9451012
            ],
            [
              90.7127434,
              24.9453952
            ],
            [
              90.7124577,
              24.9454948
            ],
            [
              90.7122873,
              24.9454101
            ],
            [
              90.7121829,
              24.9452756
            ],
            [
              90.7121444,
              24.9448371
            ],
            [
              90.7120126,
              24.9447375
            ],
            [
              90.7118147,
              24.9447375
            ],
            [
              90.7116719,
              24.9448023
            ],
            [
              90.7114685,
              24.944887
            ],
            [
              90.7113531,
              24.9448471
            ],
            [
              90.7112762,
              24.9447325
            ],
            [
              90.7111663,
              24.9443738
            ],
            [
              90.710908,
              24.9442392
            ],
            [
              90.7104739,
              24.9442392
            ],
            [
              90.7101497,
              24.944314
            ],
            [
              90.709243,
              24.9449218
            ],
            [
              90.7089078,
              24.9450763
            ],
            [
              90.7088253,
              24.9450165
            ],
            [
              90.7087429,
              24.9444933
            ],
            [
              90.7083637,
              24.9433722
            ],
            [
              90.7084242,
              24.943163
            ],
            [
              90.7087759,
              24.9429637
            ],
            [
              90.7089023,
              24.9417977
            ],
            [
              90.7087649,
              24.9408261
            ],
            [
              90.7085451,
              24.9406666
            ],
            [
              90.7079846,
              24.9405421
            ],
            [
              90.7078472,
              24.9402381
            ],
            [
              90.7066218,
              24.9400787
            ],
            [
              90.7063201,
              24.9397291
            ],
            [
              90.7060045,
              24.9374482
            ],
            [
              90.7057558,
              24.9359912
            ],
            [
              90.7055167,
              24.9346122
            ],
            [
              90.7047957,
              24.9319919
            ],
            [
              90.7053589,
              24.9317579
            ],
            [
              90.7057108,
              24.9316249
            ],
            [
              90.7065438,
              24.9315345
            ],
            [
              90.707453,
              24.9314866
            ],
            [
              90.7089722,
              24.9314228
            ],
            [
              90.7094473,
              24.9314068
            ],
            [
              90.7096937,
              24.9315611
            ],
            [
              90.709857,
              24.9319166
            ],
            [
              90.7098734,
              24.9325744
            ],
            [
              90.7100493,
              24.9335361
            ],
            [
              90.7101262,
              24.9342088
            ],
            [
              90.7101537,
              24.9347619
            ],
            [
              90.71039,
              24.9351606
            ],
            [
              90.7107142,
              24.9353748
            ],
            [
              90.7118462,
              24.9356639
            ],
            [
              90.7122364,
              24.9358632
            ],
            [
              90.7127749,
              24.936501
            ],
            [
              90.7129453,
              24.9369395
            ],
            [
              90.7129837,
              24.9372385
            ],
            [
              90.713253,
              24.9376321
            ],
            [
              90.7134453,
              24.9377766
            ],
            [
              90.7139564,
              24.9379709
            ],
            [
              90.7145074,
              24.938255
            ],
            [
              90.7148866,
              24.9386038
            ],
            [
              90.7158757,
              24.9395356
            ],
            [
              90.7163153,
              24.9399093
            ],
            [
              90.7169637,
              24.9400338
            ],
            [
              90.7177001,
              24.9399242
            ],
            [
              90.7183156,
              24.9400039
            ],
            [
              90.7193487,
              24.9402032
            ],
            [
              90.7206235,
              24.9404972
            ],
            [
              90.7212829,
              24.9407467
            ],
            [
              90.7211126,
              24.9413792
            ],
            [
              90.7210137,
              24.9421066
            ],
            [
              90.7208543,
              24.9423359
            ],
            [
              90.7208379,
              24.9426797
            ],
            [
              90.7208466,
              24.9447033
            ],
            [
              90.7208064,
              24.9455692
            ],
            [
              90.7209343,
              24.9463564
            ]
          ]
        ]
      },
      "id": "relation/21038674"
    }
  ]
}